# xnor AEB boot watch v2
jsonl: /data/openpilot/aeb_boot_watch/xnor_aeb_boot_watch_v3_20251125_181639.jsonl
txt:   /data/openpilot/aeb_boot_watch/xnor_aeb_boot_watch_v3_20251125_181639.txt
raw_can_logging: False

STATE/PANDA t=61.339s v=Nonemph gear=None gas=0 brake=0 cruiseEn=0 cruiseAvail=0 long=None op_started=1 p0:elm327/allowed=0/fault=none/txBlk=0;p1:elm327/allowed=0/fault=none/txBlk=0
STATE/PANDA t=61.477s v=Nonemph gear=None gas=0 brake=0 cruiseEn=0 cruiseAvail=0 long=None op_started=1 p0:elm327/allowed=0/fault=none/txBlk=0;p1:elm327/allowed=0/fault=none/txBlk=0
STATE/PANDA t=63.723s v=Nonemph gear=None gas=0 brake=0 cruiseEn=0 cruiseAvail=0 long=None op_started=1 p0:elm327/allowed=0/fault=none/txBlk=0;p1:elm327/allowed=0/fault=none/txBlk=0
STATE/PANDA t=69.235s v=0.0mph gear=park gas=0 brake=0 cruiseEn=0 cruiseAvail=1 long=off op_started=1 p0:elm327/allowed=0/fault=none/txBlk=5;p1:elm327/allowed=0/fault=none/txBlk=2
STATE/PANDA t=69.350s v=0.0mph gear=park gas=0 brake=0 cruiseEn=0 cruiseAvail=1 long=off op_started=1 p0:teslaLegacy/allowed=0/fault=none/txBlk=2;p1:teslaLegacy/allowed=0/fault=none/txBlk=2
STATE/PANDA t=69.456s v=0.0mph gear=park gas=0 brake=0 cruiseEn=0 cruiseAvail=1 long=off op_started=1 p0:teslaLegacy/allowed=0/fault=none/txBlk=3;p1:teslaLegacy/allowed=0/fault=none/txBlk=3
STATE/PANDA t=69.552s v=0.0mph gear=park gas=0 brake=0 cruiseEn=0 cruiseAvail=1 long=off op_started=1 p0:teslaLegacy/allowed=0/fault=none/txBlk=4;p1:teslaLegacy/allowed=0/fault=none/txBlk=4
STATE/PANDA t=69.648s v=0.0mph gear=park gas=0 brake=0 cruiseEn=0 cruiseAvail=1 long=off op_started=1 p0:teslaLegacy/allowed=0/fault=none/txBlk=5;p1:teslaLegacy/allowed=0/fault=none/txBlk=5
STATE/PANDA t=69.747s v=0.0mph gear=park gas=0 brake=0 cruiseEn=0 cruiseAvail=1 long=off op_started=1 p0:teslaLegacy/allowed=0/fault=none/txBlk=6;p1:teslaLegacy/allowed=0/fault=none/txBlk=6
STATE/PANDA t=69.848s v=0.0mph gear=park gas=0 brake=0 cruiseEn=0 cruiseAvail=1 long=off op_started=1 p0:teslaLegacy/allowed=0/fault=none/txBlk=7;p1:teslaLegacy/allowed=0/fault=none/txBlk=7
STATE/PANDA t=69.948s v=0.0mph gear=park gas=0 brake=0 cruiseEn=0 cruiseAvail=1 long=off op_started=1 p0:teslaLegacy/allowed=0/fault=none/txBlk=8;p1:teslaLegacy/allowed=0/fault=none/txBlk=8
STATE/PANDA t=70.058s v=0.0mph gear=park gas=0 brake=0 cruiseEn=0 cruiseAvail=1 long=off op_started=1 p0:teslaLegacy/allowed=0/fault=none/txBlk=9;p1:teslaLegacy/allowed=0/fault=none/txBlk=9
STATE/PANDA t=70.150s v=0.0mph gear=park gas=0 brake=0 cruiseEn=0 cruiseAvail=1 long=off op_started=1 p0:teslaLegacy/allowed=0/fault=none/txBlk=10;p1:teslaLegacy/allowed=0/fault=none/txBlk=10
STATE/PANDA t=70.256s v=0.0mph gear=park gas=0 brake=0 cruiseEn=0 cruiseAvail=1 long=off op_started=1 p0:teslaLegacy/allowed=0/fault=none/txBlk=11;p1:teslaLegacy/allowed=0/fault=none/txBlk=11
STATE/PANDA t=70.348s v=0.0mph gear=park gas=0 brake=0 cruiseEn=0 cruiseAvail=1 long=off op_started=1 p0:teslaLegacy/allowed=0/fault=none/txBlk=12;p1:teslaLegacy/allowed=0/fault=none/txBlk=12
STATE/PANDA t=70.447s v=0.0mph gear=park gas=0 brake=0 cruiseEn=0 cruiseAvail=1 long=off op_started=1 p0:teslaLegacy/allowed=0/fault=none/txBlk=13;p1:teslaLegacy/allowed=0/fault=none/txBlk=13
STATE/PANDA t=70.550s v=0.0mph gear=park gas=0 brake=0 cruiseEn=0 cruiseAvail=1 long=off op_started=1 p0:teslaLegacy/allowed=0/fault=none/txBlk=14;p1:teslaLegacy/allowed=0/fault=none/txBlk=14
STATE/PANDA t=70.652s v=0.0mph gear=park gas=0 brake=0 cruiseEn=0 cruiseAvail=1 long=off op_started=1 p0:teslaLegacy/allowed=0/fault=none/txBlk=15;p1:teslaLegacy/allowed=0/fault=none/txBlk=15
STATE/PANDA t=70.751s v=0.0mph gear=park gas=0 brake=0 cruiseEn=0 cruiseAvail=1 long=off op_started=1 p0:teslaLegacy/allowed=0/fault=none/txBlk=16;p1:teslaLegacy/allowed=0/fault=none/txBlk=16
STATE/PANDA t=70.852s v=0.0mph gear=park gas=0 brake=0 cruiseEn=0 cruiseAvail=1 long=off op_started=1 p0:teslaLegacy/allowed=0/fault=none/txBlk=17;p1:teslaLegacy/allowed=0/fault=none/txBlk=17
STATE/PANDA t=70.959s v=0.0mph gear=park gas=0 brake=0 cruiseEn=0 cruiseAvail=1 long=off op_started=1 p0:teslaLegacy/allowed=0/fault=none/txBlk=18;p1:teslaLegacy/allowed=0/fault=none/txBlk=18
STATE/PANDA t=71.053s v=0.0mph gear=park gas=0 brake=0 cruiseEn=0 cruiseAvail=1 long=off op_started=1 p0:teslaLegacy/allowed=0/fault=none/txBlk=19;p1:teslaLegacy/allowed=0/fault=none/txBlk=19
STATE/PANDA t=71.148s v=0.0mph gear=park gas=0 brake=0 cruiseEn=0 cruiseAvail=1 long=off op_started=1 p0:teslaLegacy/allowed=0/fault=none/txBlk=20;p1:teslaLegacy/allowed=0/fault=none/txBlk=20
STATE/PANDA t=71.255s v=0.0mph gear=park gas=0 brake=0 cruiseEn=0 cruiseAvail=1 long=off op_started=1 p0:teslaLegacy/allowed=0/fault=none/txBlk=21;p1:teslaLegacy/allowed=0/fault=none/txBlk=21
STATE/PANDA t=71.350s v=0.0mph gear=park gas=0 brake=0 cruiseEn=0 cruiseAvail=1 long=off op_started=1 p0:teslaLegacy/allowed=0/fault=none/txBlk=22;p1:teslaLegacy/allowed=0/fault=none/txBlk=22
STATE/PANDA t=71.453s v=0.0mph gear=park gas=0 brake=0 cruiseEn=0 cruiseAvail=1 long=off op_started=1 p0:teslaLegacy/allowed=0/fault=none/txBlk=23;p1:teslaLegacy/allowed=0/fault=none/txBlk=23
STATE/PANDA t=71.548s v=0.0mph gear=park gas=0 brake=0 cruiseEn=0 cruiseAvail=1 long=off op_started=1 p0:teslaLegacy/allowed=0/fault=none/txBlk=24;p1:teslaLegacy/allowed=0/fault=none/txBlk=24
STATE/PANDA t=71.651s v=0.0mph gear=park gas=0 brake=0 cruiseEn=0 cruiseAvail=1 long=off op_started=1 p0:teslaLegacy/allowed=0/fault=none/txBlk=25;p1:teslaLegacy/allowed=0/fault=none/txBlk=25
STATE/PANDA t=71.751s v=0.0mph gear=park gas=0 brake=0 cruiseEn=0 cruiseAvail=1 long=off op_started=1 p0:teslaLegacy/allowed=0/fault=none/txBlk=26;p1:teslaLegacy/allowed=0/fault=none/txBlk=26
STATE/PANDA t=71.852s v=0.0mph gear=park gas=0 brake=0 cruiseEn=0 cruiseAvail=1 long=off op_started=1 p0:teslaLegacy/allowed=0/fault=none/txBlk=27;p1:teslaLegacy/allowed=0/fault=none/txBlk=27
STATE/PANDA t=71.949s v=0.0mph gear=park gas=0 brake=0 cruiseEn=0 cruiseAvail=1 long=off op_started=1 p0:teslaLegacy/allowed=0/fault=none/txBlk=28;p1:teslaLegacy/allowed=0/fault=none/txBlk=28
STATE/PANDA t=72.057s v=0.0mph gear=park gas=0 brake=0 cruiseEn=0 cruiseAvail=1 long=off op_started=1 p0:teslaLegacy/allowed=0/fault=none/txBlk=29;p1:teslaLegacy/allowed=0/fault=none/txBlk=29
STATE/PANDA t=72.148s v=0.0mph gear=park gas=0 brake=0 cruiseEn=0 cruiseAvail=1 long=off op_started=1 p0:teslaLegacy/allowed=0/fault=none/txBlk=30;p1:teslaLegacy/allowed=0/fault=none/txBlk=30
STATE/PANDA t=72.254s v=0.0mph gear=park gas=0 brake=0 cruiseEn=0 cruiseAvail=1 long=off op_started=1 p0:teslaLegacy/allowed=0/fault=none/txBlk=31;p1:teslaLegacy/allowed=0/fault=none/txBlk=31
STATE/PANDA t=72.351s v=0.0mph gear=park gas=0 brake=0 cruiseEn=0 cruiseAvail=1 long=off op_started=1 p0:teslaLegacy/allowed=0/fault=none/txBlk=32;p1:teslaLegacy/allowed=0/fault=none/txBlk=32
STATE/PANDA t=72.454s v=0.0mph gear=park gas=0 brake=0 cruiseEn=0 cruiseAvail=1 long=off op_started=1 p0:teslaLegacy/allowed=0/fault=none/txBlk=33;p1:teslaLegacy/allowed=0/fault=none/txBlk=33
STATE/PANDA t=72.557s v=0.0mph gear=park gas=0 brake=0 cruiseEn=0 cruiseAvail=1 long=off op_started=1 p0:teslaLegacy/allowed=0/fault=none/txBlk=34;p1:teslaLegacy/allowed=0/fault=none/txBlk=34
STATE/PANDA t=72.659s v=0.0mph gear=park gas=0 brake=0 cruiseEn=0 cruiseAvail=1 long=off op_started=1 p0:teslaLegacy/allowed=0/fault=none/txBlk=35;p1:teslaLegacy/allowed=0/fault=none/txBlk=35
STATE/PANDA t=72.748s v=0.0mph gear=park gas=0 brake=0 cruiseEn=0 cruiseAvail=1 long=off op_started=1 p0:teslaLegacy/allowed=0/fault=none/txBlk=36;p1:teslaLegacy/allowed=0/fault=none/txBlk=36
STATE/PANDA t=72.849s v=0.0mph gear=park gas=0 brake=0 cruiseEn=0 cruiseAvail=1 long=off op_started=1 p0:teslaLegacy/allowed=0/fault=none/txBlk=37;p1:teslaLegacy/allowed=0/fault=none/txBlk=37
STATE/PANDA t=72.956s v=0.0mph gear=park gas=0 brake=0 cruiseEn=0 cruiseAvail=1 long=off op_started=1 p0:teslaLegacy/allowed=0/fault=none/txBlk=38;p1:teslaLegacy/allowed=0/fault=none/txBlk=38
STATE/PANDA t=73.060s v=0.0mph gear=park gas=0 brake=0 cruiseEn=0 cruiseAvail=1 long=off op_started=1 p0:teslaLegacy/allowed=0/fault=none/txBlk=39;p1:teslaLegacy/allowed=0/fault=none/txBlk=39
STATE/PANDA t=73.149s v=0.0mph gear=park gas=0 brake=0 cruiseEn=0 cruiseAvail=1 long=off op_started=1 p0:teslaLegacy/allowed=0/fault=none/txBlk=40;p1:teslaLegacy/allowed=0/fault=none/txBlk=40
STATE/PANDA t=73.260s v=0.0mph gear=park gas=0 brake=0 cruiseEn=0 cruiseAvail=1 long=off op_started=1 p0:teslaLegacy/allowed=0/fault=none/txBlk=41;p1:teslaLegacy/allowed=0/fault=none/txBlk=41
STATE/PANDA t=73.360s v=0.0mph gear=park gas=0 brake=0 cruiseEn=0 cruiseAvail=1 long=off op_started=1 p0:teslaLegacy/allowed=0/fault=none/txBlk=42;p1:teslaLegacy/allowed=0/fault=none/txBlk=42
STATE/PANDA t=73.449s v=0.0mph gear=park gas=0 brake=0 cruiseEn=0 cruiseAvail=1 long=off op_started=1 p0:teslaLegacy/allowed=0/fault=none/txBlk=43;p1:teslaLegacy/allowed=0/fault=none/txBlk=43
STATE/PANDA t=73.553s v=0.0mph gear=park gas=0 brake=0 cruiseEn=0 cruiseAvail=1 long=off op_started=1 p0:teslaLegacy/allowed=0/fault=none/txBlk=44;p1:teslaLegacy/allowed=0/fault=none/txBlk=44
STATE/PANDA t=73.661s v=0.0mph gear=park gas=0 brake=0 cruiseEn=0 cruiseAvail=1 long=off op_started=1 p0:teslaLegacy/allowed=0/fault=none/txBlk=45;p1:teslaLegacy/allowed=0/fault=none/txBlk=45
STATE/PANDA t=73.756s v=0.0mph gear=park gas=0 brake=0 cruiseEn=0 cruiseAvail=1 long=off op_started=1 p0:teslaLegacy/allowed=0/fault=none/txBlk=46;p1:teslaLegacy/allowed=0/fault=none/txBlk=46
STATE/PANDA t=73.849s v=0.0mph gear=park gas=0 brake=0 cruiseEn=0 cruiseAvail=1 long=off op_started=1 p0:teslaLegacy/allowed=0/fault=none/txBlk=47;p1:teslaLegacy/allowed=0/fault=none/txBlk=47
STATE/PANDA t=73.952s v=0.0mph gear=park gas=0 brake=0 cruiseEn=0 cruiseAvail=1 long=off op_started=1 p0:teslaLegacy/allowed=0/fault=none/txBlk=48;p1:teslaLegacy/allowed=0/fault=none/txBlk=48
STATE/PANDA t=74.078s v=0.0mph gear=park gas=0 brake=0 cruiseEn=0 cruiseAvail=1 long=off op_started=1 p0:teslaLegacy/allowed=0/fault=none/txBlk=49;p1:teslaLegacy/allowed=0/fault=none/txBlk=49
STATE/PANDA t=74.149s v=0.0mph gear=park gas=0 brake=0 cruiseEn=0 cruiseAvail=1 long=off op_started=1 p0:teslaLegacy/allowed=0/fault=none/txBlk=50;p1:teslaLegacy/allowed=0/fault=none/txBlk=50
STATE/PANDA t=74.254s v=0.0mph gear=park gas=0 brake=0 cruiseEn=0 cruiseAvail=1 long=off op_started=1 p0:teslaLegacy/allowed=0/fault=none/txBlk=51;p1:teslaLegacy/allowed=0/fault=none/txBlk=51
STATE/PANDA t=74.348s v=0.0mph gear=park gas=0 brake=0 cruiseEn=0 cruiseAvail=1 long=off op_started=1 p0:teslaLegacy/allowed=0/fault=none/txBlk=52;p1:teslaLegacy/allowed=0/fault=none/txBlk=52
STATE/PANDA t=74.460s v=0.0mph gear=park gas=0 brake=0 cruiseEn=0 cruiseAvail=1 long=off op_started=1 p0:teslaLegacy/allowed=0/fault=none/txBlk=53;p1:teslaLegacy/allowed=0/fault=none/txBlk=53
STATE/PANDA t=74.557s v=0.0mph gear=park gas=0 brake=0 cruiseEn=0 cruiseAvail=1 long=off op_started=1 p0:teslaLegacy/allowed=0/fault=none/txBlk=54;p1:teslaLegacy/allowed=0/fault=none/txBlk=54
STATE/PANDA t=74.656s v=0.0mph gear=park gas=0 brake=0 cruiseEn=0 cruiseAvail=1 long=off op_started=1 p0:teslaLegacy/allowed=0/fault=none/txBlk=55;p1:teslaLegacy/allowed=0/fault=none/txBlk=55
STATE/PANDA t=74.752s v=0.0mph gear=park gas=0 brake=0 cruiseEn=0 cruiseAvail=1 long=off op_started=1 p0:teslaLegacy/allowed=0/fault=none/txBlk=56;p1:teslaLegacy/allowed=0/fault=none/txBlk=56
STATE/PANDA t=74.849s v=0.0mph gear=park gas=0 brake=0 cruiseEn=0 cruiseAvail=1 long=off op_started=1 p0:teslaLegacy/allowed=0/fault=none/txBlk=57;p1:teslaLegacy/allowed=0/fault=none/txBlk=57
STATE/PANDA t=74.954s v=0.0mph gear=park gas=0 brake=0 cruiseEn=0 cruiseAvail=1 long=off op_started=1 p0:teslaLegacy/allowed=0/fault=none/txBlk=58;p1:teslaLegacy/allowed=0/fault=none/txBlk=58
STATE/PANDA t=75.057s v=0.0mph gear=park gas=0 brake=0 cruiseEn=0 cruiseAvail=1 long=off op_started=1 p0:teslaLegacy/allowed=0/fault=none/txBlk=59;p1:teslaLegacy/allowed=0/fault=none/txBlk=59
STATE/PANDA t=75.160s v=0.0mph gear=park gas=0 brake=0 cruiseEn=0 cruiseAvail=1 long=off op_started=1 p0:teslaLegacy/allowed=0/fault=none/txBlk=60;p1:teslaLegacy/allowed=0/fault=none/txBlk=60
STATE/PANDA t=75.251s v=0.0mph gear=park gas=0 brake=0 cruiseEn=0 cruiseAvail=1 long=off op_started=1 p0:teslaLegacy/allowed=0/fault=none/txBlk=61;p1:teslaLegacy/allowed=0/fault=none/txBlk=61
STATE/PANDA t=75.361s v=0.0mph gear=park gas=0 brake=0 cruiseEn=0 cruiseAvail=1 long=off op_started=1 p0:teslaLegacy/allowed=0/fault=none/txBlk=62;p1:teslaLegacy/allowed=0/fault=none/txBlk=62
STATE/PANDA t=75.452s v=0.0mph gear=park gas=0 brake=0 cruiseEn=0 cruiseAvail=1 long=off op_started=1 p0:teslaLegacy/allowed=0/fault=none/txBlk=63;p1:teslaLegacy/allowed=0/fault=none/txBlk=63
STATE/PANDA t=75.556s v=0.0mph gear=park gas=0 brake=0 cruiseEn=0 cruiseAvail=1 long=off op_started=1 p0:teslaLegacy/allowed=0/fault=none/txBlk=64;p1:teslaLegacy/allowed=0/fault=none/txBlk=64
STATE/PANDA t=75.650s v=0.0mph gear=park gas=0 brake=0 cruiseEn=0 cruiseAvail=1 long=off op_started=1 p0:teslaLegacy/allowed=0/fault=none/txBlk=65;p1:teslaLegacy/allowed=0/fault=none/txBlk=65
STATE/PANDA t=75.750s v=0.0mph gear=park gas=0 brake=0 cruiseEn=0 cruiseAvail=1 long=off op_started=1 p0:teslaLegacy/allowed=0/fault=none/txBlk=66;p1:teslaLegacy/allowed=0/fault=none/txBlk=66
STATE/PANDA t=75.854s v=0.0mph gear=park gas=0 brake=0 cruiseEn=0 cruiseAvail=1 long=off op_started=1 p0:teslaLegacy/allowed=0/fault=none/txBlk=67;p1:teslaLegacy/allowed=0/fault=none/txBlk=67
STATE/PANDA t=75.969s v=0.0mph gear=park gas=0 brake=0 cruiseEn=0 cruiseAvail=1 long=off op_started=1 p0:teslaLegacy/allowed=0/fault=none/txBlk=68;p1:teslaLegacy/allowed=0/fault=none/txBlk=68
STATE/PANDA t=76.050s v=0.0mph gear=park gas=0 brake=0 cruiseEn=0 cruiseAvail=1 long=off op_started=1 p0:teslaLegacy/allowed=0/fault=none/txBlk=69;p1:teslaLegacy/allowed=0/fault=none/txBlk=69
STATE/PANDA t=76.152s v=0.0mph gear=park gas=0 brake=0 cruiseEn=0 cruiseAvail=1 long=off op_started=1 p0:teslaLegacy/allowed=0/fault=none/txBlk=70;p1:teslaLegacy/allowed=0/fault=none/txBlk=70
STATE/PANDA t=76.257s v=0.0mph gear=park gas=0 brake=0 cruiseEn=0 cruiseAvail=1 long=off op_started=1 p0:teslaLegacy/allowed=0/fault=none/txBlk=71;p1:teslaLegacy/allowed=0/fault=none/txBlk=71
STATE/PANDA t=76.349s v=0.0mph gear=park gas=0 brake=0 cruiseEn=0 cruiseAvail=1 long=off op_started=1 p0:teslaLegacy/allowed=0/fault=none/txBlk=72;p1:teslaLegacy/allowed=0/fault=none/txBlk=72
STATE/PANDA t=76.449s v=0.0mph gear=park gas=0 brake=0 cruiseEn=0 cruiseAvail=1 long=off op_started=1 p0:teslaLegacy/allowed=0/fault=none/txBlk=73;p1:teslaLegacy/allowed=0/fault=none/txBlk=73
STATE/PANDA t=76.562s v=0.0mph gear=park gas=0 brake=0 cruiseEn=0 cruiseAvail=1 long=off op_started=1 p0:teslaLegacy/allowed=0/fault=none/txBlk=74;p1:teslaLegacy/allowed=0/fault=none/txBlk=74
STATE/PANDA t=76.652s v=0.0mph gear=park gas=0 brake=0 cruiseEn=0 cruiseAvail=1 long=off op_started=1 p0:teslaLegacy/allowed=0/fault=none/txBlk=75;p1:teslaLegacy/allowed=0/fault=none/txBlk=75
STATE/PANDA t=76.759s v=0.0mph gear=park gas=0 brake=0 cruiseEn=0 cruiseAvail=1 long=off op_started=1 p0:teslaLegacy/allowed=0/fault=none/txBlk=76;p1:teslaLegacy/allowed=0/fault=none/txBlk=76
STATE/PANDA t=76.860s v=0.0mph gear=park gas=0 brake=0 cruiseEn=0 cruiseAvail=1 long=off op_started=1 p0:teslaLegacy/allowed=0/fault=none/txBlk=77;p1:teslaLegacy/allowed=0/fault=none/txBlk=77
STATE/PANDA t=76.967s v=0.0mph gear=park gas=0 brake=0 cruiseEn=0 cruiseAvail=1 long=off op_started=1 p0:teslaLegacy/allowed=0/fault=none/txBlk=78;p1:teslaLegacy/allowed=0/fault=none/txBlk=78
STATE/PANDA t=77.060s v=0.0mph gear=park gas=0 brake=0 cruiseEn=0 cruiseAvail=1 long=off op_started=1 p0:teslaLegacy/allowed=0/fault=none/txBlk=79;p1:teslaLegacy/allowed=0/fault=none/txBlk=79
STATE/PANDA t=77.150s v=0.0mph gear=park gas=0 brake=0 cruiseEn=0 cruiseAvail=1 long=off op_started=1 p0:teslaLegacy/allowed=0/fault=none/txBlk=80;p1:teslaLegacy/allowed=0/fault=none/txBlk=80
STATE/PANDA t=77.256s v=0.0mph gear=park gas=0 brake=0 cruiseEn=0 cruiseAvail=1 long=off op_started=1 p0:teslaLegacy/allowed=0/fault=none/txBlk=81;p1:teslaLegacy/allowed=0/fault=none/txBlk=81
STATE/PANDA t=77.351s v=0.0mph gear=park gas=0 brake=0 cruiseEn=0 cruiseAvail=1 long=off op_started=1 p0:teslaLegacy/allowed=0/fault=none/txBlk=82;p1:teslaLegacy/allowed=0/fault=none/txBlk=82
STATE/PANDA t=77.462s v=0.0mph gear=park gas=0 brake=0 cruiseEn=0 cruiseAvail=1 long=off op_started=1 p0:teslaLegacy/allowed=0/fault=none/txBlk=83;p1:teslaLegacy/allowed=0/fault=none/txBlk=83
STATE/PANDA t=77.552s v=0.0mph gear=park gas=0 brake=0 cruiseEn=0 cruiseAvail=1 long=off op_started=1 p0:teslaLegacy/allowed=0/fault=none/txBlk=84;p1:teslaLegacy/allowed=0/fault=none/txBlk=84
STATE/PANDA t=77.670s v=0.0mph gear=park gas=0 brake=0 cruiseEn=0 cruiseAvail=1 long=off op_started=1 p0:teslaLegacy/allowed=0/fault=none/txBlk=85;p1:teslaLegacy/allowed=0/fault=none/txBlk=85
STATE/PANDA t=77.747s v=0.0mph gear=park gas=0 brake=0 cruiseEn=0 cruiseAvail=1 long=off op_started=1 p0:teslaLegacy/allowed=0/fault=none/txBlk=86;p1:teslaLegacy/allowed=0/fault=none/txBlk=86
STATE/PANDA t=77.851s v=0.0mph gear=park gas=0 brake=0 cruiseEn=0 cruiseAvail=1 long=off op_started=1 p0:teslaLegacy/allowed=0/fault=none/txBlk=87;p1:teslaLegacy/allowed=0/fault=none/txBlk=87
STATE/PANDA t=77.970s v=0.0mph gear=park gas=0 brake=0 cruiseEn=0 cruiseAvail=1 long=off op_started=1 p0:teslaLegacy/allowed=0/fault=none/txBlk=88;p1:teslaLegacy/allowed=0/fault=none/txBlk=88
STATE/PANDA t=78.050s v=0.0mph gear=park gas=0 brake=0 cruiseEn=0 cruiseAvail=1 long=off op_started=1 p0:teslaLegacy/allowed=0/fault=none/txBlk=89;p1:teslaLegacy/allowed=0/fault=none/txBlk=89
STATE/PANDA t=78.153s v=0.0mph gear=park gas=0 brake=0 cruiseEn=0 cruiseAvail=1 long=off op_started=1 p0:teslaLegacy/allowed=0/fault=none/txBlk=90;p1:teslaLegacy/allowed=0/fault=none/txBlk=90
STATE/PANDA t=78.257s v=0.0mph gear=park gas=0 brake=0 cruiseEn=0 cruiseAvail=1 long=off op_started=1 p0:teslaLegacy/allowed=0/fault=none/txBlk=91;p1:teslaLegacy/allowed=0/fault=none/txBlk=91
STATE/PANDA t=78.361s v=0.0mph gear=park gas=0 brake=0 cruiseEn=0 cruiseAvail=1 long=off op_started=1 p0:teslaLegacy/allowed=0/fault=none/txBlk=92;p1:teslaLegacy/allowed=0/fault=none/txBlk=92
STATE/PANDA t=78.455s v=0.0mph gear=park gas=0 brake=0 cruiseEn=0 cruiseAvail=1 long=off op_started=1 p0:teslaLegacy/allowed=0/fault=none/txBlk=93;p1:teslaLegacy/allowed=0/fault=none/txBlk=93
STATE/PANDA t=78.549s v=0.0mph gear=park gas=0 brake=0 cruiseEn=0 cruiseAvail=1 long=off op_started=1 p0:teslaLegacy/allowed=0/fault=none/txBlk=94;p1:teslaLegacy/allowed=0/fault=none/txBlk=94
STATE/PANDA t=78.651s v=0.0mph gear=park gas=0 brake=0 cruiseEn=0 cruiseAvail=1 long=off op_started=1 p0:teslaLegacy/allowed=0/fault=none/txBlk=95;p1:teslaLegacy/allowed=0/fault=none/txBlk=95
STATE/PANDA t=78.748s v=0.0mph gear=park gas=0 brake=0 cruiseEn=0 cruiseAvail=1 long=off op_started=1 p0:teslaLegacy/allowed=0/fault=none/txBlk=96;p1:teslaLegacy/allowed=0/fault=none/txBlk=96
STATE/PANDA t=78.857s v=0.0mph gear=park gas=0 brake=0 cruiseEn=0 cruiseAvail=1 long=off op_started=1 p0:teslaLegacy/allowed=0/fault=none/txBlk=97;p1:teslaLegacy/allowed=0/fault=none/txBlk=97
STATE/PANDA t=78.954s v=0.0mph gear=park gas=0 brake=0 cruiseEn=0 cruiseAvail=1 long=off op_started=1 p0:teslaLegacy/allowed=0/fault=none/txBlk=98;p1:teslaLegacy/allowed=0/fault=none/txBlk=98
STATE/PANDA t=79.057s v=0.0mph gear=park gas=0 brake=0 cruiseEn=0 cruiseAvail=1 long=off op_started=1 p0:teslaLegacy/allowed=0/fault=none/txBlk=99;p1:teslaLegacy/allowed=0/fault=none/txBlk=99
STATE/PANDA t=79.148s v=0.0mph gear=park gas=0 brake=0 cruiseEn=0 cruiseAvail=1 long=off op_started=1 p0:teslaLegacy/allowed=0/fault=none/txBlk=100;p1:teslaLegacy/allowed=0/fault=none/txBlk=100
STATE/PANDA t=79.259s v=0.0mph gear=park gas=0 brake=0 cruiseEn=0 cruiseAvail=1 long=off op_started=1 p0:teslaLegacy/allowed=0/fault=none/txBlk=101;p1:teslaLegacy/allowed=0/fault=none/txBlk=101
STATE/PANDA t=79.349s v=0.0mph gear=park gas=0 brake=0 cruiseEn=0 cruiseAvail=1 long=off op_started=1 p0:teslaLegacy/allowed=0/fault=none/txBlk=102;p1:teslaLegacy/allowed=0/fault=none/txBlk=102
STATE/PANDA t=79.454s v=0.0mph gear=park gas=0 brake=0 cruiseEn=0 cruiseAvail=1 long=off op_started=1 p0:teslaLegacy/allowed=0/fault=none/txBlk=103;p1:teslaLegacy/allowed=0/fault=none/txBlk=103
STATE/PANDA t=79.553s v=0.0mph gear=park gas=0 brake=0 cruiseEn=0 cruiseAvail=1 long=off op_started=1 p0:teslaLegacy/allowed=0/fault=none/txBlk=104;p1:teslaLegacy/allowed=0/fault=none/txBlk=104
STATE/PANDA t=79.657s v=0.0mph gear=park gas=0 brake=0 cruiseEn=0 cruiseAvail=1 long=off op_started=1 p0:teslaLegacy/allowed=0/fault=none/txBlk=105;p1:teslaLegacy/allowed=0/fault=none/txBlk=105
STATE/PANDA t=79.752s v=0.0mph gear=park gas=0 brake=0 cruiseEn=0 cruiseAvail=1 long=off op_started=1 p0:teslaLegacy/allowed=0/fault=none/txBlk=106;p1:teslaLegacy/allowed=0/fault=none/txBlk=106
STATE/PANDA t=79.858s v=0.0mph gear=park gas=0 brake=0 cruiseEn=0 cruiseAvail=1 long=off op_started=1 p0:teslaLegacy/allowed=0/fault=none/txBlk=107;p1:teslaLegacy/allowed=0/fault=none/txBlk=107
STATE/PANDA t=79.951s v=0.0mph gear=park gas=0 brake=0 cruiseEn=0 cruiseAvail=1 long=off op_started=1 p0:teslaLegacy/allowed=0/fault=none/txBlk=108;p1:teslaLegacy/allowed=0/fault=none/txBlk=108
STATE/PANDA t=80.059s v=0.0mph gear=park gas=0 brake=0 cruiseEn=0 cruiseAvail=1 long=off op_started=1 p0:teslaLegacy/allowed=0/fault=none/txBlk=109;p1:teslaLegacy/allowed=0/fault=none/txBlk=109
STATE/PANDA t=80.151s v=0.0mph gear=park gas=0 brake=0 cruiseEn=0 cruiseAvail=1 long=off op_started=1 p0:teslaLegacy/allowed=0/fault=none/txBlk=110;p1:teslaLegacy/allowed=0/fault=none/txBlk=110
STATE/PANDA t=80.259s v=0.0mph gear=park gas=0 brake=0 cruiseEn=0 cruiseAvail=1 long=off op_started=1 p0:teslaLegacy/allowed=0/fault=none/txBlk=111;p1:teslaLegacy/allowed=0/fault=none/txBlk=111
STATE/PANDA t=80.350s v=0.0mph gear=park gas=0 brake=0 cruiseEn=0 cruiseAvail=1 long=off op_started=1 p0:teslaLegacy/allowed=0/fault=none/txBlk=112;p1:teslaLegacy/allowed=0/fault=none/txBlk=112
STATE/PANDA t=80.459s v=0.0mph gear=park gas=0 brake=0 cruiseEn=0 cruiseAvail=1 long=off op_started=1 p0:teslaLegacy/allowed=0/fault=none/txBlk=113;p1:teslaLegacy/allowed=0/fault=none/txBlk=113
STATE/PANDA t=80.554s v=0.0mph gear=park gas=0 brake=0 cruiseEn=0 cruiseAvail=1 long=off op_started=1 p0:teslaLegacy/allowed=0/fault=none/txBlk=114;p1:teslaLegacy/allowed=0/fault=none/txBlk=114
STATE/PANDA t=80.656s v=0.0mph gear=park gas=0 brake=0 cruiseEn=0 cruiseAvail=1 long=off op_started=1 p0:teslaLegacy/allowed=0/fault=none/txBlk=115;p1:teslaLegacy/allowed=0/fault=none/txBlk=115
STATE/PANDA t=80.761s v=0.0mph gear=park gas=0 brake=0 cruiseEn=0 cruiseAvail=1 long=off op_started=1 p0:teslaLegacy/allowed=0/fault=none/txBlk=116;p1:teslaLegacy/allowed=0/fault=none/txBlk=116
STATE/PANDA t=80.851s v=0.0mph gear=park gas=0 brake=0 cruiseEn=0 cruiseAvail=1 long=off op_started=1 p0:teslaLegacy/allowed=0/fault=none/txBlk=117;p1:teslaLegacy/allowed=0/fault=none/txBlk=117
STATE/PANDA t=80.952s v=0.0mph gear=park gas=0 brake=0 cruiseEn=0 cruiseAvail=1 long=off op_started=1 p0:teslaLegacy/allowed=0/fault=none/txBlk=118;p1:teslaLegacy/allowed=0/fault=none/txBlk=118
STATE/PANDA t=81.049s v=0.0mph gear=park gas=0 brake=0 cruiseEn=0 cruiseAvail=1 long=off op_started=1 p0:teslaLegacy/allowed=0/fault=none/txBlk=119;p1:teslaLegacy/allowed=0/fault=none/txBlk=119
STATE/PANDA t=81.151s v=0.0mph gear=park gas=0 brake=0 cruiseEn=0 cruiseAvail=1 long=off op_started=1 p0:teslaLegacy/allowed=0/fault=none/txBlk=120;p1:teslaLegacy/allowed=0/fault=none/txBlk=120
STATE/PANDA t=81.257s v=0.0mph gear=park gas=0 brake=0 cruiseEn=0 cruiseAvail=1 long=off op_started=1 p0:teslaLegacy/allowed=0/fault=none/txBlk=121;p1:teslaLegacy/allowed=0/fault=none/txBlk=121
STATE/PANDA t=81.361s v=0.0mph gear=park gas=0 brake=0 cruiseEn=0 cruiseAvail=1 long=off op_started=1 p0:teslaLegacy/allowed=0/fault=none/txBlk=122;p1:teslaLegacy/allowed=0/fault=none/txBlk=122
STATE/PANDA t=81.456s v=0.0mph gear=park gas=0 brake=0 cruiseEn=0 cruiseAvail=1 long=off op_started=1 p0:teslaLegacy/allowed=0/fault=none/txBlk=123;p1:teslaLegacy/allowed=0/fault=none/txBlk=123
STATE/PANDA t=81.554s v=0.0mph gear=park gas=0 brake=0 cruiseEn=0 cruiseAvail=1 long=off op_started=1 p0:teslaLegacy/allowed=0/fault=none/txBlk=124;p1:teslaLegacy/allowed=0/fault=none/txBlk=124
STATE/PANDA t=81.651s v=0.0mph gear=park gas=0 brake=0 cruiseEn=0 cruiseAvail=1 long=off op_started=1 p0:teslaLegacy/allowed=0/fault=none/txBlk=125;p1:teslaLegacy/allowed=0/fault=none/txBlk=125
STATE/PANDA t=81.748s v=0.0mph gear=park gas=0 brake=0 cruiseEn=0 cruiseAvail=1 long=off op_started=1 p0:teslaLegacy/allowed=0/fault=none/txBlk=126;p1:teslaLegacy/allowed=0/fault=none/txBlk=126
STATE/PANDA t=81.855s v=0.0mph gear=park gas=0 brake=0 cruiseEn=0 cruiseAvail=1 long=off op_started=1 p0:teslaLegacy/allowed=0/fault=none/txBlk=127;p1:teslaLegacy/allowed=0/fault=none/txBlk=127
STATE/PANDA t=81.950s v=0.0mph gear=park gas=0 brake=0 cruiseEn=0 cruiseAvail=1 long=off op_started=1 p0:teslaLegacy/allowed=0/fault=none/txBlk=128;p1:teslaLegacy/allowed=0/fault=none/txBlk=128
STATE/PANDA t=82.052s v=0.0mph gear=park gas=0 brake=0 cruiseEn=0 cruiseAvail=1 long=off op_started=1 p0:teslaLegacy/allowed=0/fault=none/txBlk=129;p1:teslaLegacy/allowed=0/fault=none/txBlk=129
STATE/PANDA t=82.151s v=0.0mph gear=park gas=0 brake=0 cruiseEn=0 cruiseAvail=1 long=off op_started=1 p0:teslaLegacy/allowed=0/fault=none/txBlk=130;p1:teslaLegacy/allowed=0/fault=none/txBlk=130
STATE/PANDA t=82.248s v=0.0mph gear=park gas=0 brake=0 cruiseEn=0 cruiseAvail=1 long=off op_started=1 p0:teslaLegacy/allowed=0/fault=none/txBlk=131;p1:teslaLegacy/allowed=0/fault=none/txBlk=131
STATE/PANDA t=82.348s v=0.0mph gear=park gas=0 brake=0 cruiseEn=0 cruiseAvail=1 long=off op_started=1 p0:teslaLegacy/allowed=0/fault=none/txBlk=132;p1:teslaLegacy/allowed=0/fault=none/txBlk=132
STATE/PANDA t=82.455s v=0.0mph gear=park gas=0 brake=0 cruiseEn=0 cruiseAvail=1 long=off op_started=1 p0:teslaLegacy/allowed=0/fault=none/txBlk=133;p1:teslaLegacy/allowed=0/fault=none/txBlk=133
STATE/PANDA t=82.553s v=0.0mph gear=park gas=0 brake=0 cruiseEn=0 cruiseAvail=1 long=off op_started=1 p0:teslaLegacy/allowed=0/fault=none/txBlk=134;p1:teslaLegacy/allowed=0/fault=none/txBlk=134
STATE/PANDA t=82.660s v=0.0mph gear=park gas=0 brake=0 cruiseEn=0 cruiseAvail=1 long=off op_started=1 p0:teslaLegacy/allowed=0/fault=none/txBlk=135;p1:teslaLegacy/allowed=0/fault=none/txBlk=135
STATE/PANDA t=82.749s v=0.0mph gear=park gas=0 brake=0 cruiseEn=0 cruiseAvail=1 long=off op_started=1 p0:teslaLegacy/allowed=0/fault=none/txBlk=136;p1:teslaLegacy/allowed=0/fault=none/txBlk=136
STATE/PANDA t=82.855s v=0.0mph gear=park gas=0 brake=0 cruiseEn=0 cruiseAvail=1 long=off op_started=1 p0:teslaLegacy/allowed=0/fault=none/txBlk=137;p1:teslaLegacy/allowed=0/fault=none/txBlk=137
STATE/PANDA t=82.950s v=0.0mph gear=park gas=0 brake=0 cruiseEn=0 cruiseAvail=1 long=off op_started=1 p0:teslaLegacy/allowed=0/fault=none/txBlk=138;p1:teslaLegacy/allowed=0/fault=none/txBlk=138
STATE/PANDA t=83.058s v=0.0mph gear=park gas=0 brake=0 cruiseEn=0 cruiseAvail=1 long=off op_started=1 p0:teslaLegacy/allowed=0/fault=none/txBlk=139;p1:teslaLegacy/allowed=0/fault=none/txBlk=139
STATE/PANDA t=83.152s v=0.0mph gear=park gas=0 brake=0 cruiseEn=0 cruiseAvail=1 long=off op_started=1 p0:teslaLegacy/allowed=0/fault=none/txBlk=140;p1:teslaLegacy/allowed=0/fault=none/txBlk=140
STATE/PANDA t=83.252s v=0.0mph gear=park gas=0 brake=0 cruiseEn=0 cruiseAvail=1 long=off op_started=1 p0:teslaLegacy/allowed=0/fault=none/txBlk=141;p1:teslaLegacy/allowed=0/fault=none/txBlk=141
STATE/PANDA t=83.358s v=0.0mph gear=park gas=0 brake=0 cruiseEn=0 cruiseAvail=1 long=off op_started=1 p0:teslaLegacy/allowed=0/fault=none/txBlk=142;p1:teslaLegacy/allowed=0/fault=none/txBlk=142
STATE/PANDA t=83.458s v=0.0mph gear=park gas=0 brake=0 cruiseEn=0 cruiseAvail=1 long=off op_started=1 p0:teslaLegacy/allowed=0/fault=none/txBlk=143;p1:teslaLegacy/allowed=0/fault=none/txBlk=143
STATE/PANDA t=83.555s v=0.0mph gear=park gas=0 brake=0 cruiseEn=0 cruiseAvail=1 long=off op_started=1 p0:teslaLegacy/allowed=0/fault=none/txBlk=144;p1:teslaLegacy/allowed=0/fault=none/txBlk=144
STATE/PANDA t=83.654s v=0.0mph gear=park gas=0 brake=0 cruiseEn=0 cruiseAvail=1 long=off op_started=1 p0:teslaLegacy/allowed=0/fault=none/txBlk=145;p1:teslaLegacy/allowed=0/fault=none/txBlk=145
STATE/PANDA t=83.748s v=0.0mph gear=park gas=0 brake=0 cruiseEn=0 cruiseAvail=1 long=off op_started=1 p0:teslaLegacy/allowed=0/fault=none/txBlk=146;p1:teslaLegacy/allowed=0/fault=none/txBlk=146
STATE/PANDA t=83.848s v=0.0mph gear=park gas=0 brake=0 cruiseEn=0 cruiseAvail=1 long=off op_started=1 p0:teslaLegacy/allowed=0/fault=none/txBlk=147;p1:teslaLegacy/allowed=0/fault=none/txBlk=147
STATE/PANDA t=83.950s v=0.0mph gear=park gas=0 brake=0 cruiseEn=0 cruiseAvail=1 long=off op_started=1 p0:teslaLegacy/allowed=0/fault=none/txBlk=148;p1:teslaLegacy/allowed=0/fault=none/txBlk=148
STATE/PANDA t=84.058s v=0.0mph gear=park gas=0 brake=0 cruiseEn=0 cruiseAvail=1 long=off op_started=1 p0:teslaLegacy/allowed=0/fault=none/txBlk=149;p1:teslaLegacy/allowed=0/fault=none/txBlk=149
STATE/PANDA t=84.153s v=0.0mph gear=park gas=0 brake=0 cruiseEn=0 cruiseAvail=1 long=off op_started=1 p0:teslaLegacy/allowed=0/fault=none/txBlk=150;p1:teslaLegacy/allowed=0/fault=none/txBlk=150
STATE/PANDA t=84.256s v=0.0mph gear=park gas=0 brake=0 cruiseEn=0 cruiseAvail=1 long=off op_started=1 p0:teslaLegacy/allowed=0/fault=none/txBlk=151;p1:teslaLegacy/allowed=0/fault=none/txBlk=151
STATE/PANDA t=84.357s v=0.0mph gear=park gas=0 brake=0 cruiseEn=0 cruiseAvail=1 long=off op_started=1 p0:teslaLegacy/allowed=0/fault=none/txBlk=152;p1:teslaLegacy/allowed=0/fault=none/txBlk=152
STATE/PANDA t=84.451s v=0.0mph gear=park gas=0 brake=0 cruiseEn=0 cruiseAvail=1 long=off op_started=1 p0:teslaLegacy/allowed=0/fault=none/txBlk=153;p1:teslaLegacy/allowed=0/fault=none/txBlk=153
STATE/PANDA t=84.554s v=0.0mph gear=park gas=0 brake=0 cruiseEn=0 cruiseAvail=1 long=off op_started=1 p0:teslaLegacy/allowed=0/fault=none/txBlk=154;p1:teslaLegacy/allowed=0/fault=none/txBlk=154
STATE/PANDA t=84.650s v=0.0mph gear=park gas=0 brake=0 cruiseEn=0 cruiseAvail=1 long=off op_started=1 p0:teslaLegacy/allowed=0/fault=none/txBlk=155;p1:teslaLegacy/allowed=0/fault=none/txBlk=155
STATE/PANDA t=84.758s v=0.0mph gear=park gas=0 brake=0 cruiseEn=0 cruiseAvail=1 long=off op_started=1 p0:teslaLegacy/allowed=0/fault=none/txBlk=156;p1:teslaLegacy/allowed=0/fault=none/txBlk=156
STATE/PANDA t=84.854s v=0.0mph gear=park gas=0 brake=0 cruiseEn=0 cruiseAvail=1 long=off op_started=1 p0:teslaLegacy/allowed=0/fault=none/txBlk=157;p1:teslaLegacy/allowed=0/fault=none/txBlk=157
STATE/PANDA t=84.962s v=0.0mph gear=park gas=0 brake=0 cruiseEn=0 cruiseAvail=1 long=off op_started=1 p0:teslaLegacy/allowed=0/fault=none/txBlk=158;p1:teslaLegacy/allowed=0/fault=none/txBlk=158
STATE/PANDA t=85.058s v=0.0mph gear=park gas=0 brake=0 cruiseEn=0 cruiseAvail=1 long=off op_started=1 p0:teslaLegacy/allowed=0/fault=none/txBlk=159;p1:teslaLegacy/allowed=0/fault=none/txBlk=159
STATE/PANDA t=85.159s v=0.0mph gear=park gas=0 brake=0 cruiseEn=0 cruiseAvail=1 long=off op_started=1 p0:teslaLegacy/allowed=0/fault=none/txBlk=160;p1:teslaLegacy/allowed=0/fault=none/txBlk=160
STATE/PANDA t=85.261s v=0.0mph gear=park gas=0 brake=0 cruiseEn=0 cruiseAvail=1 long=off op_started=1 p0:teslaLegacy/allowed=0/fault=none/txBlk=161;p1:teslaLegacy/allowed=0/fault=none/txBlk=161
STATE/PANDA t=85.361s v=0.0mph gear=park gas=0 brake=0 cruiseEn=0 cruiseAvail=1 long=off op_started=1 p0:teslaLegacy/allowed=0/fault=none/txBlk=162;p1:teslaLegacy/allowed=0/fault=none/txBlk=162
STATE/PANDA t=85.452s v=0.0mph gear=park gas=0 brake=0 cruiseEn=0 cruiseAvail=1 long=off op_started=1 p0:teslaLegacy/allowed=0/fault=none/txBlk=163;p1:teslaLegacy/allowed=0/fault=none/txBlk=163
STATE/PANDA t=85.561s v=0.0mph gear=park gas=0 brake=0 cruiseEn=0 cruiseAvail=1 long=off op_started=1 p0:teslaLegacy/allowed=0/fault=none/txBlk=164;p1:teslaLegacy/allowed=0/fault=none/txBlk=164
STATE/PANDA t=85.658s v=0.0mph gear=park gas=0 brake=0 cruiseEn=0 cruiseAvail=1 long=off op_started=1 p0:teslaLegacy/allowed=0/fault=none/txBlk=165;p1:teslaLegacy/allowed=0/fault=none/txBlk=165
STATE/PANDA t=85.752s v=0.0mph gear=park gas=0 brake=0 cruiseEn=0 cruiseAvail=1 long=off op_started=1 p0:teslaLegacy/allowed=0/fault=none/txBlk=166;p1:teslaLegacy/allowed=0/fault=none/txBlk=166
STATE/PANDA t=85.858s v=0.0mph gear=park gas=0 brake=0 cruiseEn=0 cruiseAvail=1 long=off op_started=1 p0:teslaLegacy/allowed=0/fault=none/txBlk=167;p1:teslaLegacy/allowed=0/fault=none/txBlk=167
STATE/PANDA t=85.952s v=0.0mph gear=park gas=0 brake=0 cruiseEn=0 cruiseAvail=1 long=off op_started=1 p0:teslaLegacy/allowed=0/fault=none/txBlk=168;p1:teslaLegacy/allowed=0/fault=none/txBlk=168
STATE/PANDA t=86.060s v=0.0mph gear=park gas=0 brake=0 cruiseEn=0 cruiseAvail=1 long=off op_started=1 p0:teslaLegacy/allowed=0/fault=none/txBlk=169;p1:teslaLegacy/allowed=0/fault=none/txBlk=169
STATE/PANDA t=86.149s v=0.0mph gear=park gas=0 brake=0 cruiseEn=0 cruiseAvail=1 long=off op_started=1 p0:teslaLegacy/allowed=0/fault=none/txBlk=170;p1:teslaLegacy/allowed=0/fault=none/txBlk=170
STATE/PANDA t=86.248s v=0.0mph gear=park gas=0 brake=0 cruiseEn=0 cruiseAvail=1 long=off op_started=1 p0:teslaLegacy/allowed=0/fault=none/txBlk=171;p1:teslaLegacy/allowed=0/fault=none/txBlk=171
STATE/PANDA t=86.352s v=0.0mph gear=park gas=0 brake=0 cruiseEn=0 cruiseAvail=1 long=off op_started=1 p0:teslaLegacy/allowed=0/fault=none/txBlk=172;p1:teslaLegacy/allowed=0/fault=none/txBlk=172
STATE/PANDA t=86.448s v=0.0mph gear=park gas=0 brake=0 cruiseEn=0 cruiseAvail=1 long=off op_started=1 p0:teslaLegacy/allowed=0/fault=none/txBlk=173;p1:teslaLegacy/allowed=0/fault=none/txBlk=173
STATE/PANDA t=86.552s v=0.0mph gear=park gas=0 brake=0 cruiseEn=0 cruiseAvail=1 long=off op_started=1 p0:teslaLegacy/allowed=0/fault=none/txBlk=174;p1:teslaLegacy/allowed=0/fault=none/txBlk=174
STATE/PANDA t=86.650s v=0.0mph gear=park gas=0 brake=0 cruiseEn=0 cruiseAvail=1 long=off op_started=1 p0:teslaLegacy/allowed=0/fault=none/txBlk=175;p1:teslaLegacy/allowed=0/fault=none/txBlk=175
STATE/PANDA t=86.756s v=0.0mph gear=park gas=0 brake=0 cruiseEn=0 cruiseAvail=1 long=off op_started=1 p0:teslaLegacy/allowed=0/fault=none/txBlk=176;p1:teslaLegacy/allowed=0/fault=none/txBlk=176
STATE/PANDA t=86.859s v=0.0mph gear=park gas=0 brake=0 cruiseEn=0 cruiseAvail=1 long=off op_started=1 p0:teslaLegacy/allowed=0/fault=none/txBlk=177;p1:teslaLegacy/allowed=0/fault=none/txBlk=177
STATE/PANDA t=86.959s v=0.0mph gear=park gas=0 brake=0 cruiseEn=0 cruiseAvail=1 long=off op_started=1 p0:teslaLegacy/allowed=0/fault=none/txBlk=178;p1:teslaLegacy/allowed=0/fault=none/txBlk=178
STATE/PANDA t=87.048s v=0.0mph gear=park gas=0 brake=0 cruiseEn=0 cruiseAvail=1 long=off op_started=1 p0:teslaLegacy/allowed=0/fault=none/txBlk=179;p1:teslaLegacy/allowed=0/fault=none/txBlk=179
STATE/PANDA t=87.179s v=0.0mph gear=park gas=0 brake=0 cruiseEn=0 cruiseAvail=1 long=off op_started=1 p0:teslaLegacy/allowed=0/fault=none/txBlk=180;p1:teslaLegacy/allowed=0/fault=none/txBlk=180
STATE/PANDA t=87.252s v=0.0mph gear=park gas=0 brake=0 cruiseEn=0 cruiseAvail=1 long=off op_started=1 p0:teslaLegacy/allowed=0/fault=none/txBlk=181;p1:teslaLegacy/allowed=0/fault=none/txBlk=181
STATE/PANDA t=87.352s v=0.0mph gear=park gas=0 brake=0 cruiseEn=0 cruiseAvail=1 long=off op_started=1 p0:teslaLegacy/allowed=0/fault=none/txBlk=182;p1:teslaLegacy/allowed=0/fault=none/txBlk=182
STATE/PANDA t=87.455s v=0.0mph gear=park gas=0 brake=0 cruiseEn=0 cruiseAvail=1 long=off op_started=1 p0:teslaLegacy/allowed=0/fault=none/txBlk=183;p1:teslaLegacy/allowed=0/fault=none/txBlk=183
STATE/PANDA t=87.550s v=0.0mph gear=park gas=0 brake=0 cruiseEn=0 cruiseAvail=1 long=off op_started=1 p0:teslaLegacy/allowed=0/fault=none/txBlk=184;p1:teslaLegacy/allowed=0/fault=none/txBlk=184
STATE/PANDA t=87.657s v=0.0mph gear=park gas=0 brake=0 cruiseEn=0 cruiseAvail=1 long=off op_started=1 p0:teslaLegacy/allowed=0/fault=none/txBlk=185;p1:teslaLegacy/allowed=0/fault=none/txBlk=185
STATE/PANDA t=87.751s v=0.0mph gear=park gas=0 brake=0 cruiseEn=0 cruiseAvail=1 long=off op_started=1 p0:teslaLegacy/allowed=0/fault=none/txBlk=186;p1:teslaLegacy/allowed=0/fault=none/txBlk=186
STATE/PANDA t=87.851s v=0.0mph gear=park gas=0 brake=0 cruiseEn=0 cruiseAvail=1 long=off op_started=1 p0:teslaLegacy/allowed=0/fault=none/txBlk=187;p1:teslaLegacy/allowed=0/fault=none/txBlk=187
STATE/PANDA t=87.961s v=0.0mph gear=park gas=0 brake=0 cruiseEn=0 cruiseAvail=1 long=off op_started=1 p0:teslaLegacy/allowed=0/fault=none/txBlk=188;p1:teslaLegacy/allowed=0/fault=none/txBlk=188
STATE/PANDA t=88.058s v=0.0mph gear=park gas=0 brake=0 cruiseEn=0 cruiseAvail=1 long=off op_started=1 p0:teslaLegacy/allowed=0/fault=none/txBlk=189;p1:teslaLegacy/allowed=0/fault=none/txBlk=189
STATE/PANDA t=88.147s v=0.0mph gear=park gas=0 brake=0 cruiseEn=0 cruiseAvail=1 long=off op_started=1 p0:teslaLegacy/allowed=0/fault=none/txBlk=190;p1:teslaLegacy/allowed=0/fault=none/txBlk=190
STATE/PANDA t=88.257s v=0.0mph gear=park gas=0 brake=0 cruiseEn=0 cruiseAvail=1 long=off op_started=1 p0:teslaLegacy/allowed=0/fault=none/txBlk=191;p1:teslaLegacy/allowed=0/fault=none/txBlk=191
STATE/PANDA t=88.350s v=0.0mph gear=park gas=0 brake=0 cruiseEn=0 cruiseAvail=1 long=off op_started=1 p0:teslaLegacy/allowed=0/fault=none/txBlk=192;p1:teslaLegacy/allowed=0/fault=none/txBlk=192
STATE/PANDA t=88.456s v=0.0mph gear=park gas=0 brake=0 cruiseEn=0 cruiseAvail=1 long=off op_started=1 p0:teslaLegacy/allowed=0/fault=none/txBlk=193;p1:teslaLegacy/allowed=0/fault=none/txBlk=193
STATE/PANDA t=88.549s v=0.0mph gear=park gas=0 brake=0 cruiseEn=0 cruiseAvail=1 long=off op_started=1 p0:teslaLegacy/allowed=0/fault=none/txBlk=194;p1:teslaLegacy/allowed=0/fault=none/txBlk=194
STATE/PANDA t=88.648s v=0.0mph gear=park gas=0 brake=0 cruiseEn=0 cruiseAvail=1 long=off op_started=1 p0:teslaLegacy/allowed=0/fault=none/txBlk=195;p1:teslaLegacy/allowed=0/fault=none/txBlk=195
STATE/PANDA t=88.760s v=0.0mph gear=park gas=0 brake=0 cruiseEn=0 cruiseAvail=1 long=off op_started=1 p0:teslaLegacy/allowed=0/fault=none/txBlk=196;p1:teslaLegacy/allowed=0/fault=none/txBlk=196
STATE/PANDA t=88.856s v=0.0mph gear=park gas=0 brake=0 cruiseEn=0 cruiseAvail=1 long=off op_started=1 p0:teslaLegacy/allowed=0/fault=none/txBlk=197;p1:teslaLegacy/allowed=0/fault=none/txBlk=197
STATE/PANDA t=88.948s v=0.0mph gear=park gas=0 brake=0 cruiseEn=0 cruiseAvail=1 long=off op_started=1 p0:teslaLegacy/allowed=0/fault=none/txBlk=198;p1:teslaLegacy/allowed=0/fault=none/txBlk=198
STATE/PANDA t=89.057s v=0.0mph gear=park gas=0 brake=0 cruiseEn=0 cruiseAvail=1 long=off op_started=1 p0:teslaLegacy/allowed=0/fault=none/txBlk=199;p1:teslaLegacy/allowed=0/fault=none/txBlk=199
STATE/PANDA t=89.159s v=0.0mph gear=park gas=0 brake=0 cruiseEn=0 cruiseAvail=1 long=off op_started=1 p0:teslaLegacy/allowed=0/fault=none/txBlk=200;p1:teslaLegacy/allowed=0/fault=none/txBlk=200
STATE/PANDA t=89.255s v=0.0mph gear=park gas=0 brake=0 cruiseEn=0 cruiseAvail=1 long=off op_started=1 p0:teslaLegacy/allowed=0/fault=none/txBlk=201;p1:teslaLegacy/allowed=0/fault=none/txBlk=201
STATE/PANDA t=89.360s v=0.0mph gear=park gas=0 brake=0 cruiseEn=0 cruiseAvail=1 long=off op_started=1 p0:teslaLegacy/allowed=0/fault=none/txBlk=202;p1:teslaLegacy/allowed=0/fault=none/txBlk=202
STATE/PANDA t=89.454s v=0.0mph gear=park gas=0 brake=0 cruiseEn=0 cruiseAvail=1 long=off op_started=1 p0:teslaLegacy/allowed=0/fault=none/txBlk=203;p1:teslaLegacy/allowed=0/fault=none/txBlk=203
STATE/PANDA t=89.549s v=0.0mph gear=park gas=0 brake=0 cruiseEn=0 cruiseAvail=1 long=off op_started=1 p0:teslaLegacy/allowed=0/fault=none/txBlk=204;p1:teslaLegacy/allowed=0/fault=none/txBlk=204
STATE/PANDA t=89.653s v=0.0mph gear=park gas=0 brake=0 cruiseEn=0 cruiseAvail=1 long=off op_started=1 p0:teslaLegacy/allowed=0/fault=none/txBlk=205;p1:teslaLegacy/allowed=0/fault=none/txBlk=205
STATE/PANDA t=89.750s v=0.0mph gear=park gas=0 brake=0 cruiseEn=0 cruiseAvail=1 long=off op_started=1 p0:teslaLegacy/allowed=0/fault=none/txBlk=206;p1:teslaLegacy/allowed=0/fault=none/txBlk=206
STATE/PANDA t=89.855s v=0.0mph gear=park gas=0 brake=0 cruiseEn=0 cruiseAvail=1 long=off op_started=1 p0:teslaLegacy/allowed=0/fault=none/txBlk=207;p1:teslaLegacy/allowed=0/fault=none/txBlk=207
STATE/PANDA t=89.951s v=0.0mph gear=park gas=0 brake=0 cruiseEn=0 cruiseAvail=1 long=off op_started=1 p0:teslaLegacy/allowed=0/fault=none/txBlk=208;p1:teslaLegacy/allowed=0/fault=none/txBlk=208
STATE/PANDA t=90.049s v=0.0mph gear=park gas=0 brake=0 cruiseEn=0 cruiseAvail=1 long=off op_started=1 p0:teslaLegacy/allowed=0/fault=none/txBlk=209;p1:teslaLegacy/allowed=0/fault=none/txBlk=209
STATE/PANDA t=90.160s v=0.0mph gear=park gas=0 brake=0 cruiseEn=0 cruiseAvail=1 long=off op_started=1 p0:teslaLegacy/allowed=0/fault=none/txBlk=210;p1:teslaLegacy/allowed=0/fault=none/txBlk=210
STATE/PANDA t=90.261s v=0.0mph gear=park gas=0 brake=0 cruiseEn=0 cruiseAvail=1 long=off op_started=1 p0:teslaLegacy/allowed=0/fault=none/txBlk=211;p1:teslaLegacy/allowed=0/fault=none/txBlk=211
STATE/PANDA t=90.350s v=0.0mph gear=park gas=0 brake=0 cruiseEn=0 cruiseAvail=1 long=off op_started=1 p0:teslaLegacy/allowed=0/fault=none/txBlk=212;p1:teslaLegacy/allowed=0/fault=none/txBlk=212
STATE/PANDA t=90.452s v=0.0mph gear=park gas=0 brake=0 cruiseEn=0 cruiseAvail=1 long=off op_started=1 p0:teslaLegacy/allowed=0/fault=none/txBlk=213;p1:teslaLegacy/allowed=0/fault=none/txBlk=213
STATE/PANDA t=90.553s v=0.0mph gear=park gas=0 brake=0 cruiseEn=0 cruiseAvail=1 long=off op_started=1 p0:teslaLegacy/allowed=0/fault=none/txBlk=214;p1:teslaLegacy/allowed=0/fault=none/txBlk=214
STATE/PANDA t=90.655s v=0.0mph gear=park gas=0 brake=0 cruiseEn=0 cruiseAvail=1 long=off op_started=1 p0:teslaLegacy/allowed=0/fault=none/txBlk=215;p1:teslaLegacy/allowed=0/fault=none/txBlk=215
STATE/PANDA t=90.763s v=0.0mph gear=park gas=0 brake=0 cruiseEn=0 cruiseAvail=1 long=off op_started=1 p0:teslaLegacy/allowed=0/fault=none/txBlk=216;p1:teslaLegacy/allowed=0/fault=none/txBlk=216
STATE/PANDA t=90.860s v=0.0mph gear=park gas=0 brake=0 cruiseEn=0 cruiseAvail=1 long=off op_started=1 p0:teslaLegacy/allowed=0/fault=none/txBlk=217;p1:teslaLegacy/allowed=0/fault=none/txBlk=217
STATE/PANDA t=90.955s v=0.0mph gear=park gas=0 brake=0 cruiseEn=0 cruiseAvail=1 long=off op_started=1 p0:teslaLegacy/allowed=0/fault=none/txBlk=218;p1:teslaLegacy/allowed=0/fault=none/txBlk=218
STATE/PANDA t=91.059s v=0.0mph gear=park gas=0 brake=0 cruiseEn=0 cruiseAvail=1 long=off op_started=1 p0:teslaLegacy/allowed=0/fault=none/txBlk=219;p1:teslaLegacy/allowed=0/fault=none/txBlk=219
STATE/PANDA t=91.150s v=0.0mph gear=park gas=0 brake=0 cruiseEn=0 cruiseAvail=1 long=off op_started=1 p0:teslaLegacy/allowed=0/fault=none/txBlk=220;p1:teslaLegacy/allowed=0/fault=none/txBlk=220
STATE/PANDA t=91.250s v=0.0mph gear=park gas=0 brake=0 cruiseEn=0 cruiseAvail=1 long=off op_started=1 p0:teslaLegacy/allowed=0/fault=none/txBlk=221;p1:teslaLegacy/allowed=0/fault=none/txBlk=221
STATE/PANDA t=91.362s v=0.0mph gear=park gas=0 brake=0 cruiseEn=0 cruiseAvail=1 long=off op_started=1 p0:teslaLegacy/allowed=0/fault=none/txBlk=222;p1:teslaLegacy/allowed=0/fault=none/txBlk=222
STATE/PANDA t=91.456s v=0.0mph gear=park gas=0 brake=0 cruiseEn=0 cruiseAvail=1 long=off op_started=1 p0:teslaLegacy/allowed=0/fault=none/txBlk=223;p1:teslaLegacy/allowed=0/fault=none/txBlk=223
STATE/PANDA t=91.549s v=0.0mph gear=park gas=0 brake=0 cruiseEn=0 cruiseAvail=1 long=off op_started=1 p0:teslaLegacy/allowed=0/fault=none/txBlk=224;p1:teslaLegacy/allowed=0/fault=none/txBlk=224
STATE/PANDA t=91.656s v=0.0mph gear=park gas=0 brake=0 cruiseEn=0 cruiseAvail=1 long=off op_started=1 p0:teslaLegacy/allowed=0/fault=none/txBlk=225;p1:teslaLegacy/allowed=0/fault=none/txBlk=225
STATE/PANDA t=91.751s v=0.0mph gear=park gas=0 brake=0 cruiseEn=0 cruiseAvail=1 long=off op_started=1 p0:teslaLegacy/allowed=0/fault=none/txBlk=226;p1:teslaLegacy/allowed=0/fault=none/txBlk=226
STATE/PANDA t=91.856s v=0.0mph gear=park gas=0 brake=0 cruiseEn=0 cruiseAvail=1 long=off op_started=1 p0:teslaLegacy/allowed=0/fault=none/txBlk=227;p1:teslaLegacy/allowed=0/fault=none/txBlk=227
STATE/PANDA t=91.951s v=0.0mph gear=park gas=0 brake=0 cruiseEn=0 cruiseAvail=1 long=off op_started=1 p0:teslaLegacy/allowed=0/fault=none/txBlk=228;p1:teslaLegacy/allowed=0/fault=none/txBlk=228
STATE/PANDA t=92.051s v=0.0mph gear=park gas=0 brake=0 cruiseEn=0 cruiseAvail=1 long=off op_started=1 p0:teslaLegacy/allowed=0/fault=none/txBlk=229;p1:teslaLegacy/allowed=0/fault=none/txBlk=229
STATE/PANDA t=92.156s v=0.0mph gear=park gas=0 brake=0 cruiseEn=0 cruiseAvail=1 long=off op_started=1 p0:teslaLegacy/allowed=0/fault=none/txBlk=230;p1:teslaLegacy/allowed=0/fault=none/txBlk=230
STATE/PANDA t=92.251s v=0.0mph gear=park gas=0 brake=0 cruiseEn=0 cruiseAvail=1 long=off op_started=1 p0:teslaLegacy/allowed=0/fault=none/txBlk=231;p1:teslaLegacy/allowed=0/fault=none/txBlk=231
STATE/PANDA t=92.361s v=0.0mph gear=park gas=0 brake=0 cruiseEn=0 cruiseAvail=1 long=off op_started=1 p0:teslaLegacy/allowed=0/fault=none/txBlk=232;p1:teslaLegacy/allowed=0/fault=none/txBlk=232
STATE/PANDA t=92.457s v=0.0mph gear=park gas=0 brake=0 cruiseEn=0 cruiseAvail=1 long=off op_started=1 p0:teslaLegacy/allowed=0/fault=none/txBlk=233;p1:teslaLegacy/allowed=0/fault=none/txBlk=233
STATE/PANDA t=92.552s v=0.0mph gear=park gas=0 brake=0 cruiseEn=0 cruiseAvail=1 long=off op_started=1 p0:teslaLegacy/allowed=0/fault=none/txBlk=234;p1:teslaLegacy/allowed=0/fault=none/txBlk=234
STATE/PANDA t=92.652s v=0.0mph gear=park gas=0 brake=0 cruiseEn=0 cruiseAvail=1 long=off op_started=1 p0:teslaLegacy/allowed=0/fault=none/txBlk=235;p1:teslaLegacy/allowed=0/fault=none/txBlk=235
STATE/PANDA t=92.758s v=0.0mph gear=park gas=0 brake=0 cruiseEn=0 cruiseAvail=1 long=off op_started=1 p0:teslaLegacy/allowed=0/fault=none/txBlk=236;p1:teslaLegacy/allowed=0/fault=none/txBlk=236
STATE/PANDA t=92.856s v=0.0mph gear=park gas=0 brake=0 cruiseEn=0 cruiseAvail=1 long=off op_started=1 p0:teslaLegacy/allowed=0/fault=none/txBlk=237;p1:teslaLegacy/allowed=0/fault=none/txBlk=237
STATE/PANDA t=92.960s v=0.0mph gear=park gas=0 brake=0 cruiseEn=0 cruiseAvail=1 long=off op_started=1 p0:teslaLegacy/allowed=0/fault=none/txBlk=238;p1:teslaLegacy/allowed=0/fault=none/txBlk=238
STATE/PANDA t=93.051s v=0.0mph gear=park gas=0 brake=0 cruiseEn=0 cruiseAvail=1 long=off op_started=1 p0:teslaLegacy/allowed=0/fault=none/txBlk=239;p1:teslaLegacy/allowed=0/fault=none/txBlk=239
STATE/PANDA t=93.149s v=0.0mph gear=park gas=0 brake=0 cruiseEn=0 cruiseAvail=1 long=off op_started=1 p0:teslaLegacy/allowed=0/fault=none/txBlk=240;p1:teslaLegacy/allowed=0/fault=none/txBlk=240
STATE/PANDA t=93.255s v=0.0mph gear=park gas=0 brake=0 cruiseEn=0 cruiseAvail=1 long=off op_started=1 p0:teslaLegacy/allowed=0/fault=none/txBlk=241;p1:teslaLegacy/allowed=0/fault=none/txBlk=241
STATE/PANDA t=93.361s v=0.0mph gear=park gas=0 brake=0 cruiseEn=0 cruiseAvail=1 long=off op_started=1 p0:teslaLegacy/allowed=0/fault=none/txBlk=242;p1:teslaLegacy/allowed=0/fault=none/txBlk=242
STATE/PANDA t=93.455s v=0.0mph gear=park gas=0 brake=0 cruiseEn=0 cruiseAvail=1 long=off op_started=1 p0:teslaLegacy/allowed=0/fault=none/txBlk=243;p1:teslaLegacy/allowed=0/fault=none/txBlk=243
STATE/PANDA t=93.560s v=0.0mph gear=park gas=0 brake=0 cruiseEn=0 cruiseAvail=1 long=off op_started=1 p0:teslaLegacy/allowed=0/fault=none/txBlk=244;p1:teslaLegacy/allowed=0/fault=none/txBlk=244
STATE/PANDA t=93.648s v=0.0mph gear=park gas=0 brake=0 cruiseEn=0 cruiseAvail=1 long=off op_started=1 p0:teslaLegacy/allowed=0/fault=none/txBlk=245;p1:teslaLegacy/allowed=0/fault=none/txBlk=245
STATE/PANDA t=93.761s v=0.0mph gear=park gas=0 brake=0 cruiseEn=0 cruiseAvail=1 long=off op_started=1 p0:teslaLegacy/allowed=0/fault=none/txBlk=246;p1:teslaLegacy/allowed=0/fault=none/txBlk=246
STATE/PANDA t=93.855s v=0.0mph gear=park gas=0 brake=0 cruiseEn=0 cruiseAvail=1 long=off op_started=1 p0:teslaLegacy/allowed=0/fault=none/txBlk=247;p1:teslaLegacy/allowed=0/fault=none/txBlk=247
STATE/PANDA t=93.952s v=0.0mph gear=park gas=0 brake=0 cruiseEn=0 cruiseAvail=1 long=off op_started=1 p0:teslaLegacy/allowed=0/fault=none/txBlk=248;p1:teslaLegacy/allowed=0/fault=none/txBlk=248
STATE/PANDA t=94.050s v=0.0mph gear=park gas=0 brake=0 cruiseEn=0 cruiseAvail=1 long=off op_started=1 p0:teslaLegacy/allowed=0/fault=none/txBlk=249;p1:teslaLegacy/allowed=0/fault=none/txBlk=249
STATE/PANDA t=94.150s v=0.0mph gear=park gas=0 brake=0 cruiseEn=0 cruiseAvail=1 long=off op_started=1 p0:teslaLegacy/allowed=0/fault=none/txBlk=250;p1:teslaLegacy/allowed=0/fault=none/txBlk=250
STATE/PANDA t=94.260s v=0.0mph gear=park gas=0 brake=0 cruiseEn=0 cruiseAvail=1 long=off op_started=1 p0:teslaLegacy/allowed=0/fault=none/txBlk=251;p1:teslaLegacy/allowed=0/fault=none/txBlk=251
STATE/PANDA t=94.358s v=0.0mph gear=park gas=0 brake=0 cruiseEn=0 cruiseAvail=1 long=off op_started=1 p0:teslaLegacy/allowed=0/fault=none/txBlk=252;p1:teslaLegacy/allowed=0/fault=none/txBlk=252
STATE/PANDA t=94.449s v=0.0mph gear=park gas=0 brake=0 cruiseEn=0 cruiseAvail=1 long=off op_started=1 p0:teslaLegacy/allowed=0/fault=none/txBlk=253;p1:teslaLegacy/allowed=0/fault=none/txBlk=253
STATE/PANDA t=94.550s v=0.0mph gear=park gas=0 brake=0 cruiseEn=0 cruiseAvail=1 long=off op_started=1 p0:teslaLegacy/allowed=0/fault=none/txBlk=254;p1:teslaLegacy/allowed=0/fault=none/txBlk=254
STATE/PANDA t=94.661s v=0.0mph gear=park gas=0 brake=0 cruiseEn=0 cruiseAvail=1 long=off op_started=1 p0:teslaLegacy/allowed=0/fault=none/txBlk=255;p1:teslaLegacy/allowed=0/fault=none/txBlk=255
STATE/PANDA t=94.763s v=0.0mph gear=park gas=0 brake=0 cruiseEn=0 cruiseAvail=1 long=off op_started=1 p0:teslaLegacy/allowed=0/fault=none/txBlk=256;p1:teslaLegacy/allowed=0/fault=none/txBlk=256
STATE/PANDA t=94.849s v=0.0mph gear=park gas=0 brake=0 cruiseEn=0 cruiseAvail=1 long=off op_started=1 p0:teslaLegacy/allowed=0/fault=none/txBlk=257;p1:teslaLegacy/allowed=0/fault=none/txBlk=257
STATE/PANDA t=94.955s v=0.0mph gear=park gas=0 brake=0 cruiseEn=0 cruiseAvail=1 long=off op_started=1 p0:teslaLegacy/allowed=0/fault=none/txBlk=258;p1:teslaLegacy/allowed=0/fault=none/txBlk=258
STATE/PANDA t=95.049s v=0.0mph gear=park gas=0 brake=0 cruiseEn=0 cruiseAvail=1 long=off op_started=1 p0:teslaLegacy/allowed=0/fault=none/txBlk=259;p1:teslaLegacy/allowed=0/fault=none/txBlk=259
STATE/PANDA t=95.152s v=0.0mph gear=park gas=0 brake=0 cruiseEn=0 cruiseAvail=1 long=off op_started=1 p0:teslaLegacy/allowed=0/fault=none/txBlk=260;p1:teslaLegacy/allowed=0/fault=none/txBlk=260
STATE/PANDA t=95.260s v=0.0mph gear=park gas=0 brake=0 cruiseEn=0 cruiseAvail=1 long=off op_started=1 p0:teslaLegacy/allowed=0/fault=none/txBlk=261;p1:teslaLegacy/allowed=0/fault=none/txBlk=261
STATE/PANDA t=95.349s v=0.0mph gear=park gas=0 brake=0 cruiseEn=0 cruiseAvail=1 long=off op_started=1 p0:teslaLegacy/allowed=0/fault=none/txBlk=262;p1:teslaLegacy/allowed=0/fault=none/txBlk=262
STATE/PANDA t=95.457s v=0.0mph gear=park gas=0 brake=0 cruiseEn=0 cruiseAvail=1 long=off op_started=1 p0:teslaLegacy/allowed=0/fault=none/txBlk=263;p1:teslaLegacy/allowed=0/fault=none/txBlk=263
STATE/PANDA t=95.555s v=0.0mph gear=park gas=0 brake=0 cruiseEn=0 cruiseAvail=1 long=off op_started=1 p0:teslaLegacy/allowed=0/fault=none/txBlk=264;p1:teslaLegacy/allowed=0/fault=none/txBlk=264
STATE/PANDA t=95.656s v=0.0mph gear=park gas=0 brake=0 cruiseEn=0 cruiseAvail=1 long=off op_started=1 p0:teslaLegacy/allowed=0/fault=none/txBlk=265;p1:teslaLegacy/allowed=0/fault=none/txBlk=265
STATE/PANDA t=95.749s v=0.0mph gear=park gas=0 brake=0 cruiseEn=0 cruiseAvail=1 long=off op_started=1 p0:teslaLegacy/allowed=0/fault=none/txBlk=266;p1:teslaLegacy/allowed=0/fault=none/txBlk=266
STATE/PANDA t=95.857s v=0.0mph gear=park gas=0 brake=0 cruiseEn=0 cruiseAvail=1 long=off op_started=1 p0:teslaLegacy/allowed=0/fault=none/txBlk=267;p1:teslaLegacy/allowed=0/fault=none/txBlk=267
STATE/PANDA t=95.969s v=0.0mph gear=park gas=0 brake=0 cruiseEn=0 cruiseAvail=1 long=off op_started=1 p0:teslaLegacy/allowed=0/fault=none/txBlk=268;p1:teslaLegacy/allowed=0/fault=none/txBlk=268
STATE/PANDA t=96.053s v=0.0mph gear=park gas=0 brake=0 cruiseEn=0 cruiseAvail=1 long=off op_started=1 p0:teslaLegacy/allowed=0/fault=none/txBlk=269;p1:teslaLegacy/allowed=0/fault=none/txBlk=269
STATE/PANDA t=96.147s v=0.0mph gear=park gas=0 brake=0 cruiseEn=0 cruiseAvail=1 long=off op_started=1 p0:teslaLegacy/allowed=0/fault=none/txBlk=270;p1:teslaLegacy/allowed=0/fault=none/txBlk=270
STATE/PANDA t=96.256s v=0.0mph gear=park gas=0 brake=0 cruiseEn=0 cruiseAvail=1 long=off op_started=1 p0:teslaLegacy/allowed=0/fault=none/txBlk=271;p1:teslaLegacy/allowed=0/fault=none/txBlk=271
STATE/PANDA t=96.358s v=0.0mph gear=park gas=0 brake=0 cruiseEn=0 cruiseAvail=1 long=off op_started=1 p0:teslaLegacy/allowed=0/fault=none/txBlk=272;p1:teslaLegacy/allowed=0/fault=none/txBlk=272
STATE/PANDA t=96.456s v=0.0mph gear=park gas=0 brake=0 cruiseEn=0 cruiseAvail=1 long=off op_started=1 p0:teslaLegacy/allowed=0/fault=none/txBlk=273;p1:teslaLegacy/allowed=0/fault=none/txBlk=273
STATE/PANDA t=96.550s v=0.0mph gear=park gas=0 brake=0 cruiseEn=0 cruiseAvail=1 long=off op_started=1 p0:teslaLegacy/allowed=0/fault=none/txBlk=274;p1:teslaLegacy/allowed=0/fault=none/txBlk=274
STATE/PANDA t=96.653s v=0.0mph gear=park gas=0 brake=0 cruiseEn=0 cruiseAvail=1 long=off op_started=1 p0:teslaLegacy/allowed=0/fault=none/txBlk=275;p1:teslaLegacy/allowed=0/fault=none/txBlk=275
STATE/PANDA t=96.750s v=0.0mph gear=park gas=0 brake=0 cruiseEn=0 cruiseAvail=1 long=off op_started=1 p0:teslaLegacy/allowed=0/fault=none/txBlk=276;p1:teslaLegacy/allowed=0/fault=none/txBlk=276
STATE/PANDA t=96.849s v=0.0mph gear=park gas=0 brake=0 cruiseEn=0 cruiseAvail=1 long=off op_started=1 p0:teslaLegacy/allowed=0/fault=none/txBlk=277;p1:teslaLegacy/allowed=0/fault=none/txBlk=277
STATE/PANDA t=96.959s v=0.0mph gear=park gas=0 brake=0 cruiseEn=0 cruiseAvail=1 long=off op_started=1 p0:teslaLegacy/allowed=0/fault=none/txBlk=278;p1:teslaLegacy/allowed=0/fault=none/txBlk=278
STATE/PANDA t=97.057s v=0.0mph gear=park gas=0 brake=0 cruiseEn=0 cruiseAvail=1 long=off op_started=1 p0:teslaLegacy/allowed=0/fault=none/txBlk=279;p1:teslaLegacy/allowed=0/fault=none/txBlk=279
STATE/PANDA t=97.150s v=0.0mph gear=park gas=0 brake=0 cruiseEn=0 cruiseAvail=1 long=off op_started=1 p0:teslaLegacy/allowed=0/fault=none/txBlk=280;p1:teslaLegacy/allowed=0/fault=none/txBlk=280
STATE/PANDA t=97.251s v=0.0mph gear=park gas=0 brake=0 cruiseEn=0 cruiseAvail=1 long=off op_started=1 p0:teslaLegacy/allowed=0/fault=none/txBlk=281;p1:teslaLegacy/allowed=0/fault=none/txBlk=281
STATE/PANDA t=97.359s v=0.0mph gear=park gas=0 brake=0 cruiseEn=0 cruiseAvail=1 long=off op_started=1 p0:teslaLegacy/allowed=0/fault=none/txBlk=282;p1:teslaLegacy/allowed=0/fault=none/txBlk=282
STATE/PANDA t=97.451s v=0.0mph gear=park gas=0 brake=0 cruiseEn=0 cruiseAvail=1 long=off op_started=1 p0:teslaLegacy/allowed=0/fault=none/txBlk=283;p1:teslaLegacy/allowed=0/fault=none/txBlk=283
STATE/PANDA t=97.594s v=0.0mph gear=park gas=0 brake=0 cruiseEn=0 cruiseAvail=1 long=off op_started=1 p0:teslaLegacy/allowed=0/fault=none/txBlk=284;p1:teslaLegacy/allowed=0/fault=none/txBlk=284
STATE/PANDA t=97.659s v=0.0mph gear=park gas=0 brake=0 cruiseEn=0 cruiseAvail=1 long=off op_started=1 p0:teslaLegacy/allowed=0/fault=none/txBlk=285;p1:teslaLegacy/allowed=0/fault=none/txBlk=285
STATE/PANDA t=97.751s v=0.0mph gear=park gas=0 brake=0 cruiseEn=0 cruiseAvail=1 long=off op_started=1 p0:teslaLegacy/allowed=0/fault=none/txBlk=286;p1:teslaLegacy/allowed=0/fault=none/txBlk=286
STATE/PANDA t=97.852s v=0.0mph gear=park gas=0 brake=0 cruiseEn=0 cruiseAvail=1 long=off op_started=1 p0:teslaLegacy/allowed=0/fault=none/txBlk=287;p1:teslaLegacy/allowed=0/fault=none/txBlk=287
STATE/PANDA t=97.951s v=0.0mph gear=park gas=0 brake=0 cruiseEn=0 cruiseAvail=1 long=off op_started=1 p0:teslaLegacy/allowed=0/fault=none/txBlk=288;p1:teslaLegacy/allowed=0/fault=none/txBlk=288
STATE/PANDA t=98.053s v=0.0mph gear=park gas=0 brake=0 cruiseEn=0 cruiseAvail=1 long=off op_started=1 p0:teslaLegacy/allowed=0/fault=none/txBlk=289;p1:teslaLegacy/allowed=0/fault=none/txBlk=289
STATE/PANDA t=98.157s v=0.0mph gear=park gas=0 brake=0 cruiseEn=0 cruiseAvail=1 long=off op_started=1 p0:teslaLegacy/allowed=0/fault=none/txBlk=290;p1:teslaLegacy/allowed=0/fault=none/txBlk=290
STATE/PANDA t=98.258s v=0.0mph gear=park gas=0 brake=0 cruiseEn=0 cruiseAvail=1 long=off op_started=1 p0:teslaLegacy/allowed=0/fault=none/txBlk=291;p1:teslaLegacy/allowed=0/fault=none/txBlk=291
STATE/PANDA t=98.362s v=0.0mph gear=park gas=0 brake=0 cruiseEn=0 cruiseAvail=1 long=off op_started=1 p0:teslaLegacy/allowed=0/fault=none/txBlk=292;p1:teslaLegacy/allowed=0/fault=none/txBlk=292
STATE/PANDA t=98.453s v=0.0mph gear=park gas=0 brake=0 cruiseEn=0 cruiseAvail=1 long=off op_started=1 p0:teslaLegacy/allowed=0/fault=none/txBlk=293;p1:teslaLegacy/allowed=0/fault=none/txBlk=293
STATE/PANDA t=98.563s v=0.0mph gear=park gas=0 brake=0 cruiseEn=0 cruiseAvail=1 long=off op_started=1 p0:teslaLegacy/allowed=0/fault=none/txBlk=294;p1:teslaLegacy/allowed=0/fault=none/txBlk=294
STATE/PANDA t=98.653s v=0.0mph gear=park gas=0 brake=0 cruiseEn=0 cruiseAvail=1 long=off op_started=1 p0:teslaLegacy/allowed=0/fault=none/txBlk=295;p1:teslaLegacy/allowed=0/fault=none/txBlk=295
STATE/PANDA t=98.764s v=0.0mph gear=park gas=0 brake=0 cruiseEn=0 cruiseAvail=1 long=off op_started=1 p0:teslaLegacy/allowed=0/fault=none/txBlk=296;p1:teslaLegacy/allowed=0/fault=none/txBlk=296
STATE/PANDA t=98.858s v=0.0mph gear=park gas=0 brake=0 cruiseEn=0 cruiseAvail=1 long=off op_started=1 p0:teslaLegacy/allowed=0/fault=none/txBlk=297;p1:teslaLegacy/allowed=0/fault=none/txBlk=297
STATE/PANDA t=98.954s v=0.0mph gear=park gas=0 brake=0 cruiseEn=0 cruiseAvail=1 long=off op_started=1 p0:teslaLegacy/allowed=0/fault=none/txBlk=298;p1:teslaLegacy/allowed=0/fault=none/txBlk=298
STATE/PANDA t=99.055s v=0.0mph gear=park gas=0 brake=0 cruiseEn=0 cruiseAvail=1 long=off op_started=1 p0:teslaLegacy/allowed=0/fault=none/txBlk=299;p1:teslaLegacy/allowed=0/fault=none/txBlk=299
STATE/PANDA t=99.163s v=0.0mph gear=park gas=0 brake=0 cruiseEn=0 cruiseAvail=1 long=off op_started=1 p0:teslaLegacy/allowed=0/fault=none/txBlk=300;p1:teslaLegacy/allowed=0/fault=none/txBlk=300
STATE/PANDA t=99.259s v=0.0mph gear=park gas=0 brake=0 cruiseEn=0 cruiseAvail=1 long=off op_started=1 p0:teslaLegacy/allowed=0/fault=none/txBlk=301;p1:teslaLegacy/allowed=0/fault=none/txBlk=301
STATE/PANDA t=99.352s v=0.0mph gear=park gas=0 brake=0 cruiseEn=0 cruiseAvail=1 long=off op_started=1 p0:teslaLegacy/allowed=0/fault=none/txBlk=302;p1:teslaLegacy/allowed=0/fault=none/txBlk=302
STATE/PANDA t=99.457s v=0.0mph gear=park gas=0 brake=0 cruiseEn=0 cruiseAvail=1 long=off op_started=1 p0:teslaLegacy/allowed=0/fault=none/txBlk=303;p1:teslaLegacy/allowed=0/fault=none/txBlk=303
STATE/PANDA t=99.562s v=0.0mph gear=park gas=0 brake=0 cruiseEn=0 cruiseAvail=1 long=off op_started=1 p0:teslaLegacy/allowed=0/fault=none/txBlk=304;p1:teslaLegacy/allowed=0/fault=none/txBlk=304
STATE/PANDA t=99.658s v=0.0mph gear=park gas=0 brake=0 cruiseEn=0 cruiseAvail=1 long=off op_started=1 p0:teslaLegacy/allowed=0/fault=none/txBlk=305;p1:teslaLegacy/allowed=0/fault=none/txBlk=305
STATE/PANDA t=99.748s v=0.0mph gear=park gas=0 brake=0 cruiseEn=0 cruiseAvail=1 long=off op_started=1 p0:teslaLegacy/allowed=0/fault=none/txBlk=306;p1:teslaLegacy/allowed=0/fault=none/txBlk=306
STATE/PANDA t=99.855s v=0.0mph gear=park gas=0 brake=0 cruiseEn=0 cruiseAvail=1 long=off op_started=1 p0:teslaLegacy/allowed=0/fault=none/txBlk=307;p1:teslaLegacy/allowed=0/fault=none/txBlk=307
STATE/PANDA t=99.966s v=0.0mph gear=park gas=0 brake=0 cruiseEn=0 cruiseAvail=1 long=off op_started=1 p0:teslaLegacy/allowed=0/fault=none/txBlk=308;p1:teslaLegacy/allowed=0/fault=none/txBlk=308
STATE/PANDA t=100.058s v=0.0mph gear=park gas=0 brake=0 cruiseEn=0 cruiseAvail=1 long=off op_started=1 p0:teslaLegacy/allowed=0/fault=none/txBlk=309;p1:teslaLegacy/allowed=0/fault=none/txBlk=309
STATE/PANDA t=100.172s v=0.0mph gear=park gas=0 brake=0 cruiseEn=0 cruiseAvail=1 long=off op_started=1 p0:teslaLegacy/allowed=0/fault=none/txBlk=310;p1:teslaLegacy/allowed=0/fault=none/txBlk=310
STATE/PANDA t=100.261s v=0.0mph gear=park gas=0 brake=0 cruiseEn=0 cruiseAvail=1 long=off op_started=1 p0:teslaLegacy/allowed=0/fault=none/txBlk=311;p1:teslaLegacy/allowed=0/fault=none/txBlk=311
STATE/PANDA t=100.350s v=0.0mph gear=park gas=0 brake=0 cruiseEn=0 cruiseAvail=1 long=off op_started=1 p0:teslaLegacy/allowed=0/fault=none/txBlk=312;p1:teslaLegacy/allowed=0/fault=none/txBlk=312
STATE/PANDA t=100.462s v=0.0mph gear=park gas=0 brake=0 cruiseEn=0 cruiseAvail=1 long=off op_started=1 p0:teslaLegacy/allowed=0/fault=none/txBlk=313;p1:teslaLegacy/allowed=0/fault=none/txBlk=313
STATE/PANDA t=100.552s v=0.0mph gear=park gas=0 brake=0 cruiseEn=0 cruiseAvail=1 long=off op_started=1 p0:teslaLegacy/allowed=0/fault=none/txBlk=314;p1:teslaLegacy/allowed=0/fault=none/txBlk=314
STATE/PANDA t=100.654s v=0.0mph gear=park gas=0 brake=0 cruiseEn=0 cruiseAvail=1 long=off op_started=1 p0:teslaLegacy/allowed=0/fault=none/txBlk=315;p1:teslaLegacy/allowed=0/fault=none/txBlk=315
STATE/PANDA t=100.754s v=0.0mph gear=park gas=0 brake=0 cruiseEn=0 cruiseAvail=1 long=off op_started=1 p0:teslaLegacy/allowed=0/fault=none/txBlk=316;p1:teslaLegacy/allowed=0/fault=none/txBlk=316
STATE/PANDA t=100.849s v=0.0mph gear=park gas=0 brake=0 cruiseEn=0 cruiseAvail=1 long=off op_started=1 p0:teslaLegacy/allowed=0/fault=none/txBlk=317;p1:teslaLegacy/allowed=0/fault=none/txBlk=317
STATE/PANDA t=100.952s v=0.0mph gear=park gas=0 brake=0 cruiseEn=0 cruiseAvail=1 long=off op_started=1 p0:teslaLegacy/allowed=0/fault=none/txBlk=318;p1:teslaLegacy/allowed=0/fault=none/txBlk=318
STATE/PANDA t=101.060s v=0.0mph gear=park gas=0 brake=0 cruiseEn=0 cruiseAvail=1 long=off op_started=1 p0:teslaLegacy/allowed=0/fault=none/txBlk=319;p1:teslaLegacy/allowed=0/fault=none/txBlk=319
STATE/PANDA t=101.161s v=0.0mph gear=park gas=0 brake=0 cruiseEn=0 cruiseAvail=1 long=off op_started=1 p0:teslaLegacy/allowed=0/fault=none/txBlk=320;p1:teslaLegacy/allowed=0/fault=none/txBlk=320
STATE/PANDA t=101.261s v=0.0mph gear=park gas=0 brake=0 cruiseEn=0 cruiseAvail=1 long=off op_started=1 p0:teslaLegacy/allowed=0/fault=none/txBlk=321;p1:teslaLegacy/allowed=0/fault=none/txBlk=321
STATE/PANDA t=101.357s v=0.0mph gear=park gas=0 brake=0 cruiseEn=0 cruiseAvail=1 long=off op_started=1 p0:teslaLegacy/allowed=0/fault=none/txBlk=322;p1:teslaLegacy/allowed=0/fault=none/txBlk=322
STATE/PANDA t=101.450s v=0.0mph gear=park gas=0 brake=0 cruiseEn=0 cruiseAvail=1 long=off op_started=1 p0:teslaLegacy/allowed=0/fault=none/txBlk=323;p1:teslaLegacy/allowed=0/fault=none/txBlk=323
STATE/PANDA t=101.558s v=0.0mph gear=park gas=0 brake=0 cruiseEn=0 cruiseAvail=1 long=off op_started=1 p0:teslaLegacy/allowed=0/fault=none/txBlk=324;p1:teslaLegacy/allowed=0/fault=none/txBlk=324
STATE/PANDA t=101.650s v=0.0mph gear=park gas=0 brake=0 cruiseEn=0 cruiseAvail=1 long=off op_started=1 p0:teslaLegacy/allowed=0/fault=none/txBlk=325;p1:teslaLegacy/allowed=0/fault=none/txBlk=325
STATE/PANDA t=101.761s v=0.0mph gear=park gas=0 brake=0 cruiseEn=0 cruiseAvail=1 long=off op_started=1 p0:teslaLegacy/allowed=0/fault=none/txBlk=326;p1:teslaLegacy/allowed=0/fault=none/txBlk=326
STATE/PANDA t=101.859s v=0.0mph gear=park gas=0 brake=0 cruiseEn=0 cruiseAvail=1 long=off op_started=1 p0:teslaLegacy/allowed=0/fault=none/txBlk=327;p1:teslaLegacy/allowed=0/fault=none/txBlk=327
STATE/PANDA t=101.951s v=0.0mph gear=park gas=0 brake=0 cruiseEn=0 cruiseAvail=1 long=off op_started=1 p0:teslaLegacy/allowed=0/fault=none/txBlk=328;p1:teslaLegacy/allowed=0/fault=none/txBlk=328
STATE/PANDA t=102.081s v=0.0mph gear=park gas=0 brake=0 cruiseEn=0 cruiseAvail=1 long=off op_started=1 p0:teslaLegacy/allowed=0/fault=none/txBlk=329;p1:teslaLegacy/allowed=0/fault=none/txBlk=329
STATE/PANDA t=102.151s v=0.0mph gear=park gas=0 brake=0 cruiseEn=0 cruiseAvail=1 long=off op_started=1 p0:teslaLegacy/allowed=0/fault=none/txBlk=330;p1:teslaLegacy/allowed=0/fault=none/txBlk=330
STATE/PANDA t=102.262s v=0.0mph gear=park gas=0 brake=0 cruiseEn=0 cruiseAvail=1 long=off op_started=1 p0:teslaLegacy/allowed=0/fault=none/txBlk=331;p1:teslaLegacy/allowed=0/fault=none/txBlk=331
STATE/PANDA t=102.353s v=0.0mph gear=park gas=0 brake=0 cruiseEn=0 cruiseAvail=1 long=off op_started=1 p0:teslaLegacy/allowed=0/fault=none/txBlk=332;p1:teslaLegacy/allowed=0/fault=none/txBlk=332
STATE/PANDA t=102.474s v=0.0mph gear=park gas=0 brake=0 cruiseEn=0 cruiseAvail=1 long=off op_started=1 p0:teslaLegacy/allowed=0/fault=none/txBlk=333;p1:teslaLegacy/allowed=0/fault=none/txBlk=333
STATE/PANDA t=102.552s v=0.0mph gear=park gas=0 brake=0 cruiseEn=0 cruiseAvail=1 long=off op_started=1 p0:teslaLegacy/allowed=0/fault=none/txBlk=334;p1:teslaLegacy/allowed=0/fault=none/txBlk=334
STATE/PANDA t=102.662s v=0.0mph gear=park gas=0 brake=0 cruiseEn=0 cruiseAvail=1 long=off op_started=1 p0:teslaLegacy/allowed=0/fault=none/txBlk=335;p1:teslaLegacy/allowed=0/fault=none/txBlk=335
STATE/PANDA t=102.765s v=0.0mph gear=park gas=0 brake=0 cruiseEn=0 cruiseAvail=1 long=off op_started=1 p0:teslaLegacy/allowed=0/fault=none/txBlk=336;p1:teslaLegacy/allowed=0/fault=none/txBlk=336
STATE/PANDA t=102.862s v=0.0mph gear=park gas=0 brake=0 cruiseEn=0 cruiseAvail=1 long=off op_started=1 p0:teslaLegacy/allowed=0/fault=none/txBlk=337;p1:teslaLegacy/allowed=0/fault=none/txBlk=337
STATE/PANDA t=102.949s v=0.0mph gear=park gas=0 brake=0 cruiseEn=0 cruiseAvail=1 long=off op_started=1 p0:teslaLegacy/allowed=0/fault=none/txBlk=338;p1:teslaLegacy/allowed=0/fault=none/txBlk=338
STATE/PANDA t=103.058s v=0.0mph gear=park gas=0 brake=0 cruiseEn=0 cruiseAvail=1 long=off op_started=1 p0:teslaLegacy/allowed=0/fault=none/txBlk=339;p1:teslaLegacy/allowed=0/fault=none/txBlk=339
STATE/PANDA t=103.152s v=0.0mph gear=park gas=0 brake=0 cruiseEn=0 cruiseAvail=1 long=off op_started=1 p0:teslaLegacy/allowed=0/fault=none/txBlk=340;p1:teslaLegacy/allowed=0/fault=none/txBlk=340
STATE/PANDA t=103.260s v=0.0mph gear=park gas=0 brake=0 cruiseEn=0 cruiseAvail=1 long=off op_started=1 p0:teslaLegacy/allowed=0/fault=none/txBlk=341;p1:teslaLegacy/allowed=0/fault=none/txBlk=341
STATE/PANDA t=103.350s v=0.0mph gear=park gas=0 brake=0 cruiseEn=0 cruiseAvail=1 long=off op_started=1 p0:teslaLegacy/allowed=0/fault=none/txBlk=342;p1:teslaLegacy/allowed=0/fault=none/txBlk=342
STATE/PANDA t=103.457s v=0.0mph gear=park gas=0 brake=0 cruiseEn=0 cruiseAvail=1 long=off op_started=1 p0:teslaLegacy/allowed=0/fault=none/txBlk=343;p1:teslaLegacy/allowed=0/fault=none/txBlk=343
STATE/PANDA t=103.553s v=0.0mph gear=park gas=0 brake=0 cruiseEn=0 cruiseAvail=1 long=off op_started=1 p0:teslaLegacy/allowed=0/fault=none/txBlk=344;p1:teslaLegacy/allowed=0/fault=none/txBlk=344
STATE/PANDA t=103.658s v=0.0mph gear=park gas=0 brake=0 cruiseEn=0 cruiseAvail=1 long=off op_started=1 p0:teslaLegacy/allowed=0/fault=none/txBlk=345;p1:teslaLegacy/allowed=0/fault=none/txBlk=345
STATE/PANDA t=103.753s v=0.0mph gear=park gas=0 brake=0 cruiseEn=0 cruiseAvail=1 long=off op_started=1 p0:teslaLegacy/allowed=0/fault=none/txBlk=346;p1:teslaLegacy/allowed=0/fault=none/txBlk=346
STATE/PANDA t=103.850s v=0.0mph gear=park gas=0 brake=0 cruiseEn=0 cruiseAvail=1 long=off op_started=1 p0:teslaLegacy/allowed=0/fault=none/txBlk=347;p1:teslaLegacy/allowed=0/fault=none/txBlk=347
STATE/PANDA t=103.949s v=0.0mph gear=park gas=0 brake=0 cruiseEn=0 cruiseAvail=1 long=off op_started=1 p0:teslaLegacy/allowed=0/fault=none/txBlk=348;p1:teslaLegacy/allowed=0/fault=none/txBlk=348
STATE/PANDA t=104.058s v=0.0mph gear=park gas=0 brake=0 cruiseEn=0 cruiseAvail=1 long=off op_started=1 p0:teslaLegacy/allowed=0/fault=none/txBlk=349;p1:teslaLegacy/allowed=0/fault=none/txBlk=349
STATE/PANDA t=104.160s v=0.0mph gear=park gas=0 brake=0 cruiseEn=0 cruiseAvail=1 long=off op_started=1 p0:teslaLegacy/allowed=0/fault=none/txBlk=350;p1:teslaLegacy/allowed=0/fault=none/txBlk=350
STATE/PANDA t=104.250s v=0.0mph gear=park gas=0 brake=0 cruiseEn=0 cruiseAvail=1 long=off op_started=1 p0:teslaLegacy/allowed=0/fault=none/txBlk=351;p1:teslaLegacy/allowed=0/fault=none/txBlk=351
STATE/PANDA t=104.351s v=0.0mph gear=park gas=0 brake=0 cruiseEn=0 cruiseAvail=1 long=off op_started=1 p0:teslaLegacy/allowed=0/fault=none/txBlk=352;p1:teslaLegacy/allowed=0/fault=none/txBlk=352
STATE/PANDA t=104.451s v=0.0mph gear=park gas=0 brake=0 cruiseEn=0 cruiseAvail=1 long=off op_started=1 p0:teslaLegacy/allowed=0/fault=none/txBlk=353;p1:teslaLegacy/allowed=0/fault=none/txBlk=353
STATE/PANDA t=104.551s v=0.0mph gear=park gas=0 brake=0 cruiseEn=0 cruiseAvail=1 long=off op_started=1 p0:teslaLegacy/allowed=0/fault=none/txBlk=354;p1:teslaLegacy/allowed=0/fault=none/txBlk=354
STATE/PANDA t=104.653s v=0.0mph gear=park gas=0 brake=0 cruiseEn=0 cruiseAvail=1 long=off op_started=1 p0:teslaLegacy/allowed=0/fault=none/txBlk=355;p1:teslaLegacy/allowed=0/fault=none/txBlk=355
STATE/PANDA t=104.751s v=0.0mph gear=park gas=0 brake=0 cruiseEn=0 cruiseAvail=1 long=off op_started=1 p0:teslaLegacy/allowed=0/fault=none/txBlk=356;p1:teslaLegacy/allowed=0/fault=none/txBlk=356
STATE/PANDA t=104.856s v=0.0mph gear=park gas=0 brake=0 cruiseEn=0 cruiseAvail=1 long=off op_started=1 p0:teslaLegacy/allowed=0/fault=none/txBlk=357;p1:teslaLegacy/allowed=0/fault=none/txBlk=357
STATE/PANDA t=104.952s v=0.0mph gear=park gas=0 brake=0 cruiseEn=0 cruiseAvail=1 long=off op_started=1 p0:teslaLegacy/allowed=0/fault=none/txBlk=358;p1:teslaLegacy/allowed=0/fault=none/txBlk=358
STATE/PANDA t=105.057s v=0.0mph gear=park gas=0 brake=0 cruiseEn=0 cruiseAvail=1 long=off op_started=1 p0:teslaLegacy/allowed=0/fault=none/txBlk=359;p1:teslaLegacy/allowed=0/fault=none/txBlk=359
STATE/PANDA t=105.149s v=0.0mph gear=park gas=0 brake=0 cruiseEn=0 cruiseAvail=1 long=off op_started=1 p0:teslaLegacy/allowed=0/fault=none/txBlk=360;p1:teslaLegacy/allowed=0/fault=none/txBlk=360
STATE/PANDA t=105.249s v=0.0mph gear=park gas=0 brake=0 cruiseEn=0 cruiseAvail=1 long=off op_started=1 p0:teslaLegacy/allowed=0/fault=none/txBlk=361;p1:teslaLegacy/allowed=0/fault=none/txBlk=361
STATE/PANDA t=105.360s v=0.0mph gear=park gas=0 brake=0 cruiseEn=0 cruiseAvail=1 long=off op_started=1 p0:teslaLegacy/allowed=0/fault=none/txBlk=362;p1:teslaLegacy/allowed=0/fault=none/txBlk=362
STATE/PANDA t=105.454s v=0.0mph gear=park gas=0 brake=0 cruiseEn=0 cruiseAvail=1 long=off op_started=1 p0:teslaLegacy/allowed=0/fault=none/txBlk=363;p1:teslaLegacy/allowed=0/fault=none/txBlk=363
STATE/PANDA t=105.564s v=0.0mph gear=park gas=0 brake=0 cruiseEn=0 cruiseAvail=1 long=off op_started=1 p0:teslaLegacy/allowed=0/fault=none/txBlk=364;p1:teslaLegacy/allowed=0/fault=none/txBlk=364
STATE/PANDA t=105.655s v=0.0mph gear=park gas=0 brake=0 cruiseEn=0 cruiseAvail=1 long=off op_started=1 p0:teslaLegacy/allowed=0/fault=none/txBlk=365;p1:teslaLegacy/allowed=0/fault=none/txBlk=365
STATE/PANDA t=105.764s v=0.0mph gear=park gas=0 brake=0 cruiseEn=0 cruiseAvail=1 long=off op_started=1 p0:teslaLegacy/allowed=0/fault=none/txBlk=366;p1:teslaLegacy/allowed=0/fault=none/txBlk=366
STATE/PANDA t=105.860s v=0.0mph gear=park gas=0 brake=0 cruiseEn=0 cruiseAvail=1 long=off op_started=1 p0:teslaLegacy/allowed=0/fault=none/txBlk=367;p1:teslaLegacy/allowed=0/fault=none/txBlk=367
STATE/PANDA t=105.955s v=0.0mph gear=park gas=0 brake=0 cruiseEn=0 cruiseAvail=1 long=off op_started=1 p0:teslaLegacy/allowed=0/fault=none/txBlk=368;p1:teslaLegacy/allowed=0/fault=none/txBlk=368
STATE/PANDA t=106.054s v=0.0mph gear=park gas=0 brake=0 cruiseEn=0 cruiseAvail=1 long=off op_started=1 p0:teslaLegacy/allowed=0/fault=none/txBlk=369;p1:teslaLegacy/allowed=0/fault=none/txBlk=369
STATE/PANDA t=106.157s v=0.0mph gear=park gas=0 brake=0 cruiseEn=0 cruiseAvail=1 long=off op_started=1 p0:teslaLegacy/allowed=0/fault=none/txBlk=370;p1:teslaLegacy/allowed=0/fault=none/txBlk=370
STATE/PANDA t=106.258s v=0.0mph gear=park gas=0 brake=0 cruiseEn=0 cruiseAvail=1 long=off op_started=1 p0:teslaLegacy/allowed=0/fault=none/txBlk=371;p1:teslaLegacy/allowed=0/fault=none/txBlk=371
STATE/PANDA t=106.353s v=0.0mph gear=park gas=0 brake=0 cruiseEn=0 cruiseAvail=1 long=off op_started=1 p0:teslaLegacy/allowed=0/fault=none/txBlk=372;p1:teslaLegacy/allowed=0/fault=none/txBlk=372
STATE/PANDA t=106.452s v=0.0mph gear=park gas=0 brake=0 cruiseEn=0 cruiseAvail=1 long=off op_started=1 p0:teslaLegacy/allowed=0/fault=none/txBlk=373;p1:teslaLegacy/allowed=0/fault=none/txBlk=373
STATE/PANDA t=106.558s v=0.0mph gear=park gas=0 brake=0 cruiseEn=0 cruiseAvail=1 long=off op_started=1 p0:teslaLegacy/allowed=0/fault=none/txBlk=374;p1:teslaLegacy/allowed=0/fault=none/txBlk=374
STATE/PANDA t=106.657s v=0.0mph gear=park gas=0 brake=0 cruiseEn=0 cruiseAvail=1 long=off op_started=1 p0:teslaLegacy/allowed=0/fault=none/txBlk=375;p1:teslaLegacy/allowed=0/fault=none/txBlk=375
STATE/PANDA t=106.758s v=0.0mph gear=park gas=0 brake=0 cruiseEn=0 cruiseAvail=1 long=off op_started=1 p0:teslaLegacy/allowed=0/fault=none/txBlk=376;p1:teslaLegacy/allowed=0/fault=none/txBlk=376
STATE/PANDA t=106.851s v=0.0mph gear=park gas=0 brake=0 cruiseEn=0 cruiseAvail=1 long=off op_started=1 p0:teslaLegacy/allowed=0/fault=none/txBlk=377;p1:teslaLegacy/allowed=0/fault=none/txBlk=377
STATE/PANDA t=106.955s v=0.0mph gear=park gas=0 brake=0 cruiseEn=0 cruiseAvail=1 long=off op_started=1 p0:teslaLegacy/allowed=0/fault=none/txBlk=378;p1:teslaLegacy/allowed=0/fault=none/txBlk=378
STATE/PANDA t=107.057s v=0.0mph gear=park gas=0 brake=0 cruiseEn=0 cruiseAvail=1 long=off op_started=1 p0:teslaLegacy/allowed=0/fault=none/txBlk=379;p1:teslaLegacy/allowed=0/fault=none/txBlk=379
STATE/PANDA t=107.162s v=0.0mph gear=park gas=0 brake=0 cruiseEn=0 cruiseAvail=1 long=off op_started=1 p0:teslaLegacy/allowed=0/fault=none/txBlk=380;p1:teslaLegacy/allowed=0/fault=none/txBlk=380
STATE/PANDA t=107.256s v=0.0mph gear=park gas=0 brake=0 cruiseEn=0 cruiseAvail=1 long=off op_started=1 p0:teslaLegacy/allowed=0/fault=none/txBlk=381;p1:teslaLegacy/allowed=0/fault=none/txBlk=381
STATE/PANDA t=107.357s v=0.0mph gear=park gas=0 brake=0 cruiseEn=0 cruiseAvail=1 long=off op_started=1 p0:teslaLegacy/allowed=0/fault=none/txBlk=382;p1:teslaLegacy/allowed=0/fault=none/txBlk=382
STATE/PANDA t=107.460s v=0.0mph gear=park gas=0 brake=0 cruiseEn=0 cruiseAvail=1 long=off op_started=1 p0:teslaLegacy/allowed=0/fault=none/txBlk=383;p1:teslaLegacy/allowed=0/fault=none/txBlk=383
STATE/PANDA t=107.557s v=0.0mph gear=park gas=0 brake=0 cruiseEn=0 cruiseAvail=1 long=off op_started=1 p0:teslaLegacy/allowed=0/fault=none/txBlk=384;p1:teslaLegacy/allowed=0/fault=none/txBlk=384
STATE/PANDA t=107.656s v=0.0mph gear=park gas=0 brake=0 cruiseEn=0 cruiseAvail=1 long=off op_started=1 p0:teslaLegacy/allowed=0/fault=none/txBlk=385;p1:teslaLegacy/allowed=0/fault=none/txBlk=385
STATE/PANDA t=107.752s v=0.0mph gear=park gas=0 brake=0 cruiseEn=0 cruiseAvail=1 long=off op_started=1 p0:teslaLegacy/allowed=0/fault=none/txBlk=386;p1:teslaLegacy/allowed=0/fault=none/txBlk=386
STATE/PANDA t=107.872s v=0.0mph gear=park gas=0 brake=0 cruiseEn=0 cruiseAvail=1 long=off op_started=1 p0:teslaLegacy/allowed=0/fault=none/txBlk=387;p1:teslaLegacy/allowed=0/fault=none/txBlk=387
STATE/PANDA t=107.956s v=0.0mph gear=park gas=0 brake=0 cruiseEn=0 cruiseAvail=1 long=off op_started=1 p0:teslaLegacy/allowed=0/fault=none/txBlk=388;p1:teslaLegacy/allowed=0/fault=none/txBlk=388
STATE/PANDA t=108.061s v=0.0mph gear=park gas=0 brake=0 cruiseEn=0 cruiseAvail=1 long=off op_started=1 p0:teslaLegacy/allowed=0/fault=none/txBlk=389;p1:teslaLegacy/allowed=0/fault=none/txBlk=389
STATE/PANDA t=108.154s v=0.0mph gear=park gas=0 brake=0 cruiseEn=0 cruiseAvail=1 long=off op_started=1 p0:teslaLegacy/allowed=0/fault=none/txBlk=390;p1:teslaLegacy/allowed=0/fault=none/txBlk=390
STATE/PANDA t=108.257s v=0.0mph gear=park gas=0 brake=0 cruiseEn=0 cruiseAvail=1 long=off op_started=1 p0:teslaLegacy/allowed=0/fault=none/txBlk=391;p1:teslaLegacy/allowed=0/fault=none/txBlk=391
STATE/PANDA t=108.360s v=0.0mph gear=park gas=0 brake=0 cruiseEn=0 cruiseAvail=1 long=off op_started=1 p0:teslaLegacy/allowed=0/fault=none/txBlk=392;p1:teslaLegacy/allowed=0/fault=none/txBlk=392
STATE/PANDA t=108.457s v=0.0mph gear=park gas=0 brake=0 cruiseEn=0 cruiseAvail=1 long=off op_started=1 p0:teslaLegacy/allowed=0/fault=none/txBlk=393;p1:teslaLegacy/allowed=0/fault=none/txBlk=393
STATE/PANDA t=108.560s v=0.0mph gear=park gas=0 brake=0 cruiseEn=0 cruiseAvail=1 long=off op_started=1 p0:teslaLegacy/allowed=0/fault=none/txBlk=394;p1:teslaLegacy/allowed=0/fault=none/txBlk=394
STATE/PANDA t=108.656s v=0.0mph gear=park gas=0 brake=0 cruiseEn=0 cruiseAvail=1 long=off op_started=1 p0:teslaLegacy/allowed=0/fault=none/txBlk=395;p1:teslaLegacy/allowed=0/fault=none/txBlk=395
STATE/PANDA t=108.758s v=0.0mph gear=park gas=0 brake=0 cruiseEn=0 cruiseAvail=1 long=off op_started=1 p0:teslaLegacy/allowed=0/fault=none/txBlk=396;p1:teslaLegacy/allowed=0/fault=none/txBlk=396
STATE/PANDA t=108.857s v=0.0mph gear=park gas=0 brake=0 cruiseEn=0 cruiseAvail=1 long=off op_started=1 p0:teslaLegacy/allowed=0/fault=none/txBlk=397;p1:teslaLegacy/allowed=0/fault=none/txBlk=397
STATE/PANDA t=108.958s v=0.0mph gear=park gas=0 brake=0 cruiseEn=0 cruiseAvail=1 long=off op_started=1 p0:teslaLegacy/allowed=0/fault=none/txBlk=398;p1:teslaLegacy/allowed=0/fault=none/txBlk=398
STATE/PANDA t=109.053s v=0.0mph gear=park gas=0 brake=0 cruiseEn=0 cruiseAvail=1 long=off op_started=1 p0:teslaLegacy/allowed=0/fault=none/txBlk=399;p1:teslaLegacy/allowed=0/fault=none/txBlk=399
STATE/PANDA t=109.162s v=0.0mph gear=park gas=0 brake=0 cruiseEn=0 cruiseAvail=1 long=off op_started=1 p0:teslaLegacy/allowed=0/fault=none/txBlk=400;p1:teslaLegacy/allowed=0/fault=none/txBlk=400
STATE/PANDA t=109.259s v=0.0mph gear=park gas=0 brake=0 cruiseEn=0 cruiseAvail=1 long=off op_started=1 p0:teslaLegacy/allowed=0/fault=none/txBlk=401;p1:teslaLegacy/allowed=0/fault=none/txBlk=401
STATE/PANDA t=109.352s v=0.0mph gear=park gas=0 brake=0 cruiseEn=0 cruiseAvail=1 long=off op_started=1 p0:teslaLegacy/allowed=0/fault=none/txBlk=402;p1:teslaLegacy/allowed=0/fault=none/txBlk=402
STATE/PANDA t=109.455s v=0.0mph gear=park gas=0 brake=0 cruiseEn=0 cruiseAvail=1 long=off op_started=1 p0:teslaLegacy/allowed=0/fault=none/txBlk=403;p1:teslaLegacy/allowed=0/fault=none/txBlk=403
STATE/PANDA t=109.553s v=0.0mph gear=park gas=0 brake=0 cruiseEn=0 cruiseAvail=1 long=off op_started=1 p0:teslaLegacy/allowed=0/fault=none/txBlk=404;p1:teslaLegacy/allowed=0/fault=none/txBlk=404
STATE/PANDA t=109.656s v=0.0mph gear=park gas=0 brake=0 cruiseEn=0 cruiseAvail=1 long=off op_started=1 p0:teslaLegacy/allowed=0/fault=none/txBlk=405;p1:teslaLegacy/allowed=0/fault=none/txBlk=405
STATE/PANDA t=109.750s v=0.0mph gear=park gas=0 brake=0 cruiseEn=0 cruiseAvail=1 long=off op_started=1 p0:teslaLegacy/allowed=0/fault=none/txBlk=406;p1:teslaLegacy/allowed=0/fault=none/txBlk=406
STATE/PANDA t=109.854s v=0.0mph gear=park gas=0 brake=0 cruiseEn=0 cruiseAvail=1 long=off op_started=1 p0:teslaLegacy/allowed=0/fault=none/txBlk=407;p1:teslaLegacy/allowed=0/fault=none/txBlk=407
STATE/PANDA t=109.962s v=0.0mph gear=park gas=0 brake=0 cruiseEn=0 cruiseAvail=1 long=off op_started=1 p0:teslaLegacy/allowed=0/fault=none/txBlk=408;p1:teslaLegacy/allowed=0/fault=none/txBlk=408
STATE/PANDA t=110.051s v=0.0mph gear=park gas=0 brake=0 cruiseEn=0 cruiseAvail=1 long=off op_started=1 p0:teslaLegacy/allowed=0/fault=none/txBlk=409;p1:teslaLegacy/allowed=0/fault=none/txBlk=409
STATE/PANDA t=110.154s v=0.0mph gear=park gas=0 brake=0 cruiseEn=0 cruiseAvail=1 long=off op_started=1 p0:teslaLegacy/allowed=0/fault=none/txBlk=410;p1:teslaLegacy/allowed=0/fault=none/txBlk=410
STATE/PANDA t=110.251s v=0.0mph gear=park gas=0 brake=0 cruiseEn=0 cruiseAvail=1 long=off op_started=1 p0:teslaLegacy/allowed=0/fault=none/txBlk=411;p1:teslaLegacy/allowed=0/fault=none/txBlk=411
STATE/PANDA t=110.351s v=0.0mph gear=park gas=0 brake=0 cruiseEn=0 cruiseAvail=1 long=off op_started=1 p0:teslaLegacy/allowed=0/fault=none/txBlk=412;p1:teslaLegacy/allowed=0/fault=none/txBlk=412
STATE/PANDA t=110.455s v=0.0mph gear=park gas=0 brake=0 cruiseEn=0 cruiseAvail=1 long=off op_started=1 p0:teslaLegacy/allowed=0/fault=none/txBlk=413;p1:teslaLegacy/allowed=0/fault=none/txBlk=413
STATE/PANDA t=110.554s v=0.0mph gear=park gas=0 brake=0 cruiseEn=0 cruiseAvail=1 long=off op_started=1 p0:teslaLegacy/allowed=0/fault=none/txBlk=414;p1:teslaLegacy/allowed=0/fault=none/txBlk=414
STATE/PANDA t=110.655s v=0.0mph gear=park gas=0 brake=0 cruiseEn=0 cruiseAvail=1 long=off op_started=1 p0:teslaLegacy/allowed=0/fault=none/txBlk=415;p1:teslaLegacy/allowed=0/fault=none/txBlk=415
STATE/PANDA t=110.763s v=0.0mph gear=park gas=0 brake=0 cruiseEn=0 cruiseAvail=1 long=off op_started=1 p0:teslaLegacy/allowed=0/fault=none/txBlk=416;p1:teslaLegacy/allowed=0/fault=none/txBlk=416
STATE/PANDA t=110.855s v=0.0mph gear=park gas=0 brake=0 cruiseEn=0 cruiseAvail=1 long=off op_started=1 p0:teslaLegacy/allowed=0/fault=none/txBlk=417;p1:teslaLegacy/allowed=0/fault=none/txBlk=417
STATE/PANDA t=110.964s v=0.0mph gear=park gas=0 brake=0 cruiseEn=0 cruiseAvail=1 long=off op_started=1 p0:teslaLegacy/allowed=0/fault=none/txBlk=418;p1:teslaLegacy/allowed=0/fault=none/txBlk=418
STATE/PANDA t=111.060s v=0.0mph gear=park gas=0 brake=0 cruiseEn=0 cruiseAvail=1 long=off op_started=1 p0:teslaLegacy/allowed=0/fault=none/txBlk=419;p1:teslaLegacy/allowed=0/fault=none/txBlk=419
STATE/PANDA t=111.150s v=0.0mph gear=park gas=0 brake=0 cruiseEn=0 cruiseAvail=1 long=off op_started=1 p0:teslaLegacy/allowed=0/fault=none/txBlk=420;p1:teslaLegacy/allowed=0/fault=none/txBlk=420
STATE/PANDA t=111.253s v=0.0mph gear=park gas=0 brake=0 cruiseEn=0 cruiseAvail=1 long=off op_started=1 p0:teslaLegacy/allowed=0/fault=none/txBlk=421;p1:teslaLegacy/allowed=0/fault=none/txBlk=421
STATE/PANDA t=111.351s v=0.0mph gear=park gas=0 brake=0 cruiseEn=0 cruiseAvail=1 long=off op_started=1 p0:teslaLegacy/allowed=0/fault=none/txBlk=422;p1:teslaLegacy/allowed=0/fault=none/txBlk=422
STATE/PANDA t=111.454s v=0.0mph gear=park gas=0 brake=0 cruiseEn=0 cruiseAvail=1 long=off op_started=1 p0:teslaLegacy/allowed=0/fault=none/txBlk=423;p1:teslaLegacy/allowed=0/fault=none/txBlk=423
STATE/PANDA t=111.555s v=0.0mph gear=park gas=0 brake=0 cruiseEn=0 cruiseAvail=1 long=off op_started=1 p0:teslaLegacy/allowed=0/fault=none/txBlk=424;p1:teslaLegacy/allowed=0/fault=none/txBlk=424
STATE/PANDA t=111.651s v=0.0mph gear=park gas=0 brake=0 cruiseEn=0 cruiseAvail=1 long=off op_started=1 p0:teslaLegacy/allowed=0/fault=none/txBlk=425;p1:teslaLegacy/allowed=0/fault=none/txBlk=425
STATE/PANDA t=111.754s v=0.0mph gear=park gas=0 brake=0 cruiseEn=0 cruiseAvail=1 long=off op_started=1 p0:teslaLegacy/allowed=0/fault=none/txBlk=426;p1:teslaLegacy/allowed=0/fault=none/txBlk=426
STATE/PANDA t=111.851s v=0.0mph gear=park gas=0 brake=0 cruiseEn=0 cruiseAvail=1 long=off op_started=1 p0:teslaLegacy/allowed=0/fault=none/txBlk=427;p1:teslaLegacy/allowed=0/fault=none/txBlk=427
STATE/PANDA t=111.958s v=0.0mph gear=park gas=0 brake=0 cruiseEn=0 cruiseAvail=1 long=off op_started=1 p0:teslaLegacy/allowed=0/fault=none/txBlk=428;p1:teslaLegacy/allowed=0/fault=none/txBlk=428
STATE/PANDA t=112.063s v=0.0mph gear=park gas=0 brake=0 cruiseEn=0 cruiseAvail=1 long=off op_started=1 p0:teslaLegacy/allowed=0/fault=none/txBlk=429;p1:teslaLegacy/allowed=0/fault=none/txBlk=429
STATE/PANDA t=112.150s v=0.0mph gear=park gas=0 brake=0 cruiseEn=0 cruiseAvail=1 long=off op_started=1 p0:teslaLegacy/allowed=0/fault=none/txBlk=430;p1:teslaLegacy/allowed=0/fault=none/txBlk=430
STATE/PANDA t=112.255s v=0.0mph gear=park gas=0 brake=0 cruiseEn=0 cruiseAvail=1 long=off op_started=1 p0:teslaLegacy/allowed=0/fault=none/txBlk=431;p1:teslaLegacy/allowed=0/fault=none/txBlk=431
STATE/PANDA t=112.360s v=0.0mph gear=park gas=0 brake=0 cruiseEn=0 cruiseAvail=1 long=off op_started=1 p0:teslaLegacy/allowed=0/fault=none/txBlk=432;p1:teslaLegacy/allowed=0/fault=none/txBlk=432
STATE/PANDA t=112.458s v=0.0mph gear=park gas=0 brake=0 cruiseEn=0 cruiseAvail=1 long=off op_started=1 p0:teslaLegacy/allowed=0/fault=none/txBlk=433;p1:teslaLegacy/allowed=0/fault=none/txBlk=433
STATE/PANDA t=112.559s v=0.0mph gear=park gas=0 brake=0 cruiseEn=0 cruiseAvail=1 long=off op_started=1 p0:teslaLegacy/allowed=0/fault=none/txBlk=434;p1:teslaLegacy/allowed=0/fault=none/txBlk=434
STATE/PANDA t=112.650s v=0.0mph gear=park gas=0 brake=0 cruiseEn=0 cruiseAvail=1 long=off op_started=1 p0:teslaLegacy/allowed=0/fault=none/txBlk=435;p1:teslaLegacy/allowed=0/fault=none/txBlk=435
STATE/PANDA t=112.758s v=0.0mph gear=park gas=0 brake=0 cruiseEn=0 cruiseAvail=1 long=off op_started=1 p0:teslaLegacy/allowed=0/fault=none/txBlk=436;p1:teslaLegacy/allowed=0/fault=none/txBlk=436
STATE/PANDA t=112.851s v=0.0mph gear=park gas=0 brake=0 cruiseEn=0 cruiseAvail=1 long=off op_started=1 p0:teslaLegacy/allowed=0/fault=none/txBlk=437;p1:teslaLegacy/allowed=0/fault=none/txBlk=437
STATE/PANDA t=112.959s v=0.0mph gear=park gas=0 brake=0 cruiseEn=0 cruiseAvail=1 long=off op_started=1 p0:teslaLegacy/allowed=0/fault=none/txBlk=438;p1:teslaLegacy/allowed=0/fault=none/txBlk=438
STATE/PANDA t=113.056s v=0.0mph gear=park gas=0 brake=0 cruiseEn=0 cruiseAvail=1 long=off op_started=1 p0:teslaLegacy/allowed=0/fault=none/txBlk=439;p1:teslaLegacy/allowed=0/fault=none/txBlk=439
STATE/PANDA t=113.156s v=0.0mph gear=park gas=0 brake=0 cruiseEn=0 cruiseAvail=1 long=off op_started=1 p0:teslaLegacy/allowed=0/fault=none/txBlk=440;p1:teslaLegacy/allowed=0/fault=none/txBlk=440
STATE/PANDA t=113.250s v=0.0mph gear=park gas=0 brake=0 cruiseEn=0 cruiseAvail=1 long=off op_started=1 p0:teslaLegacy/allowed=0/fault=none/txBlk=441;p1:teslaLegacy/allowed=0/fault=none/txBlk=441
STATE/PANDA t=113.350s v=0.0mph gear=park gas=0 brake=0 cruiseEn=0 cruiseAvail=1 long=off op_started=1 p0:teslaLegacy/allowed=0/fault=none/txBlk=442;p1:teslaLegacy/allowed=0/fault=none/txBlk=442
STATE/PANDA t=113.461s v=0.0mph gear=park gas=0 brake=0 cruiseEn=0 cruiseAvail=1 long=off op_started=1 p0:teslaLegacy/allowed=0/fault=none/txBlk=443;p1:teslaLegacy/allowed=0/fault=none/txBlk=443
STATE/PANDA t=113.559s v=0.0mph gear=park gas=0 brake=0 cruiseEn=0 cruiseAvail=1 long=off op_started=1 p0:teslaLegacy/allowed=0/fault=none/txBlk=444;p1:teslaLegacy/allowed=0/fault=none/txBlk=444
STATE/PANDA t=113.649s v=0.0mph gear=park gas=0 brake=0 cruiseEn=0 cruiseAvail=1 long=off op_started=1 p0:teslaLegacy/allowed=0/fault=none/txBlk=445;p1:teslaLegacy/allowed=0/fault=none/txBlk=445
STATE/PANDA t=113.750s v=0.0mph gear=park gas=0 brake=0 cruiseEn=0 cruiseAvail=1 long=off op_started=1 p0:teslaLegacy/allowed=0/fault=none/txBlk=446;p1:teslaLegacy/allowed=0/fault=none/txBlk=446
STATE/PANDA t=113.852s v=0.0mph gear=park gas=0 brake=0 cruiseEn=0 cruiseAvail=1 long=off op_started=1 p0:teslaLegacy/allowed=0/fault=none/txBlk=447;p1:teslaLegacy/allowed=0/fault=none/txBlk=447
STATE/PANDA t=113.959s v=0.0mph gear=park gas=0 brake=0 cruiseEn=0 cruiseAvail=1 long=off op_started=1 p0:teslaLegacy/allowed=0/fault=none/txBlk=448;p1:teslaLegacy/allowed=0/fault=none/txBlk=448
STATE/PANDA t=114.056s v=0.0mph gear=park gas=0 brake=0 cruiseEn=0 cruiseAvail=1 long=off op_started=1 p0:teslaLegacy/allowed=0/fault=none/txBlk=449;p1:teslaLegacy/allowed=0/fault=none/txBlk=449
STATE/PANDA t=114.157s v=0.0mph gear=park gas=0 brake=0 cruiseEn=0 cruiseAvail=1 long=off op_started=1 p0:teslaLegacy/allowed=0/fault=none/txBlk=450;p1:teslaLegacy/allowed=0/fault=none/txBlk=450
STATE/PANDA t=114.257s v=0.0mph gear=park gas=0 brake=0 cruiseEn=0 cruiseAvail=1 long=off op_started=1 p0:teslaLegacy/allowed=0/fault=none/txBlk=451;p1:teslaLegacy/allowed=0/fault=none/txBlk=451
STATE/PANDA t=114.350s v=0.0mph gear=park gas=0 brake=0 cruiseEn=0 cruiseAvail=1 long=off op_started=1 p0:teslaLegacy/allowed=0/fault=none/txBlk=452;p1:teslaLegacy/allowed=0/fault=none/txBlk=452
STATE/PANDA t=114.458s v=0.0mph gear=park gas=0 brake=0 cruiseEn=0 cruiseAvail=1 long=off op_started=1 p0:teslaLegacy/allowed=0/fault=none/txBlk=453;p1:teslaLegacy/allowed=0/fault=none/txBlk=453
STATE/PANDA t=114.552s v=0.0mph gear=park gas=0 brake=0 cruiseEn=0 cruiseAvail=1 long=off op_started=1 p0:teslaLegacy/allowed=0/fault=none/txBlk=454;p1:teslaLegacy/allowed=0/fault=none/txBlk=454
STATE/PANDA t=114.651s v=0.0mph gear=park gas=0 brake=0 cruiseEn=0 cruiseAvail=1 long=off op_started=1 p0:teslaLegacy/allowed=0/fault=none/txBlk=455;p1:teslaLegacy/allowed=0/fault=none/txBlk=455
STATE/PANDA t=114.750s v=0.0mph gear=park gas=0 brake=0 cruiseEn=0 cruiseAvail=1 long=off op_started=1 p0:teslaLegacy/allowed=0/fault=none/txBlk=456;p1:teslaLegacy/allowed=0/fault=none/txBlk=456
STATE/PANDA t=114.855s v=0.0mph gear=park gas=0 brake=0 cruiseEn=0 cruiseAvail=1 long=off op_started=1 p0:teslaLegacy/allowed=0/fault=none/txBlk=457;p1:teslaLegacy/allowed=0/fault=none/txBlk=457
STATE/PANDA t=114.950s v=0.0mph gear=park gas=0 brake=0 cruiseEn=0 cruiseAvail=1 long=off op_started=1 p0:teslaLegacy/allowed=0/fault=none/txBlk=458;p1:teslaLegacy/allowed=0/fault=none/txBlk=458
STATE/PANDA t=115.055s v=0.0mph gear=park gas=0 brake=0 cruiseEn=0 cruiseAvail=1 long=off op_started=1 p0:teslaLegacy/allowed=0/fault=none/txBlk=459;p1:teslaLegacy/allowed=0/fault=none/txBlk=459
STATE/PANDA t=115.160s v=0.0mph gear=park gas=0 brake=0 cruiseEn=0 cruiseAvail=1 long=off op_started=1 p0:teslaLegacy/allowed=0/fault=none/txBlk=460;p1:teslaLegacy/allowed=0/fault=none/txBlk=460
STATE/PANDA t=115.258s v=0.0mph gear=park gas=0 brake=0 cruiseEn=0 cruiseAvail=1 long=off op_started=1 p0:teslaLegacy/allowed=0/fault=none/txBlk=461;p1:teslaLegacy/allowed=0/fault=none/txBlk=461
STATE/PANDA t=115.357s v=0.0mph gear=park gas=0 brake=0 cruiseEn=0 cruiseAvail=1 long=off op_started=1 p0:teslaLegacy/allowed=0/fault=none/txBlk=462;p1:teslaLegacy/allowed=0/fault=none/txBlk=462
STATE/PANDA t=115.450s v=0.0mph gear=park gas=0 brake=0 cruiseEn=0 cruiseAvail=1 long=off op_started=1 p0:teslaLegacy/allowed=0/fault=none/txBlk=463;p1:teslaLegacy/allowed=0/fault=none/txBlk=463
STATE/PANDA t=115.554s v=0.0mph gear=park gas=0 brake=0 cruiseEn=0 cruiseAvail=1 long=off op_started=1 p0:teslaLegacy/allowed=0/fault=none/txBlk=464;p1:teslaLegacy/allowed=0/fault=none/txBlk=464
STATE/PANDA t=115.651s v=0.0mph gear=park gas=0 brake=0 cruiseEn=0 cruiseAvail=1 long=off op_started=1 p0:teslaLegacy/allowed=0/fault=none/txBlk=465;p1:teslaLegacy/allowed=0/fault=none/txBlk=465
STATE/PANDA t=115.750s v=0.0mph gear=park gas=0 brake=0 cruiseEn=0 cruiseAvail=1 long=off op_started=1 p0:teslaLegacy/allowed=0/fault=none/txBlk=466;p1:teslaLegacy/allowed=0/fault=none/txBlk=466
STATE/PANDA t=115.857s v=0.0mph gear=park gas=0 brake=0 cruiseEn=0 cruiseAvail=1 long=off op_started=1 p0:teslaLegacy/allowed=0/fault=none/txBlk=467;p1:teslaLegacy/allowed=0/fault=none/txBlk=467
STATE/PANDA t=115.949s v=0.0mph gear=park gas=0 brake=0 cruiseEn=0 cruiseAvail=1 long=off op_started=1 p0:teslaLegacy/allowed=0/fault=none/txBlk=468;p1:teslaLegacy/allowed=0/fault=none/txBlk=468
STATE/PANDA t=116.063s v=0.0mph gear=park gas=0 brake=0 cruiseEn=0 cruiseAvail=1 long=off op_started=1 p0:teslaLegacy/allowed=0/fault=none/txBlk=469;p1:teslaLegacy/allowed=0/fault=none/txBlk=469
STATE/PANDA t=116.159s v=0.0mph gear=park gas=0 brake=0 cruiseEn=0 cruiseAvail=1 long=off op_started=1 p0:teslaLegacy/allowed=0/fault=none/txBlk=470;p1:teslaLegacy/allowed=0/fault=none/txBlk=470
STATE/PANDA t=116.252s v=0.0mph gear=park gas=0 brake=0 cruiseEn=0 cruiseAvail=1 long=off op_started=1 p0:teslaLegacy/allowed=0/fault=none/txBlk=471;p1:teslaLegacy/allowed=0/fault=none/txBlk=471
STATE/PANDA t=116.353s v=0.0mph gear=park gas=0 brake=0 cruiseEn=0 cruiseAvail=1 long=off op_started=1 p0:teslaLegacy/allowed=0/fault=none/txBlk=472;p1:teslaLegacy/allowed=0/fault=none/txBlk=472
STATE/PANDA t=116.457s v=0.0mph gear=park gas=0 brake=0 cruiseEn=0 cruiseAvail=1 long=off op_started=1 p0:teslaLegacy/allowed=0/fault=none/txBlk=473;p1:teslaLegacy/allowed=0/fault=none/txBlk=473
STATE/PANDA t=116.556s v=0.0mph gear=park gas=0 brake=0 cruiseEn=0 cruiseAvail=1 long=off op_started=1 p0:teslaLegacy/allowed=0/fault=none/txBlk=474;p1:teslaLegacy/allowed=0/fault=none/txBlk=474
STATE/PANDA t=116.659s v=0.0mph gear=park gas=0 brake=0 cruiseEn=0 cruiseAvail=1 long=off op_started=1 p0:teslaLegacy/allowed=0/fault=none/txBlk=475;p1:teslaLegacy/allowed=0/fault=none/txBlk=475
STATE/PANDA t=116.752s v=0.0mph gear=park gas=0 brake=0 cruiseEn=0 cruiseAvail=1 long=off op_started=1 p0:teslaLegacy/allowed=0/fault=none/txBlk=476;p1:teslaLegacy/allowed=0/fault=none/txBlk=476
STATE/PANDA t=116.859s v=0.0mph gear=park gas=0 brake=0 cruiseEn=0 cruiseAvail=1 long=off op_started=1 p0:teslaLegacy/allowed=0/fault=none/txBlk=477;p1:teslaLegacy/allowed=0/fault=none/txBlk=477
STATE/PANDA t=116.952s v=0.0mph gear=park gas=0 brake=0 cruiseEn=0 cruiseAvail=1 long=off op_started=1 p0:teslaLegacy/allowed=0/fault=none/txBlk=478;p1:teslaLegacy/allowed=0/fault=none/txBlk=478
STATE/PANDA t=117.060s v=0.0mph gear=park gas=0 brake=0 cruiseEn=0 cruiseAvail=1 long=off op_started=1 p0:teslaLegacy/allowed=0/fault=none/txBlk=479;p1:teslaLegacy/allowed=0/fault=none/txBlk=479
STATE/PANDA t=117.150s v=0.0mph gear=park gas=0 brake=0 cruiseEn=0 cruiseAvail=1 long=off op_started=1 p0:teslaLegacy/allowed=0/fault=none/txBlk=480;p1:teslaLegacy/allowed=0/fault=none/txBlk=480
STATE/PANDA t=117.250s v=0.0mph gear=park gas=0 brake=0 cruiseEn=0 cruiseAvail=1 long=off op_started=1 p0:teslaLegacy/allowed=0/fault=none/txBlk=481;p1:teslaLegacy/allowed=0/fault=none/txBlk=481
STATE/PANDA t=117.349s v=0.0mph gear=park gas=0 brake=0 cruiseEn=0 cruiseAvail=1 long=off op_started=1 p0:teslaLegacy/allowed=0/fault=none/txBlk=482;p1:teslaLegacy/allowed=0/fault=none/txBlk=482
STATE/PANDA t=117.454s v=0.0mph gear=park gas=0 brake=0 cruiseEn=0 cruiseAvail=1 long=off op_started=1 p0:teslaLegacy/allowed=0/fault=none/txBlk=483;p1:teslaLegacy/allowed=0/fault=none/txBlk=483
STATE/PANDA t=117.561s v=0.0mph gear=park gas=0 brake=0 cruiseEn=0 cruiseAvail=1 long=off op_started=1 p0:teslaLegacy/allowed=0/fault=none/txBlk=484;p1:teslaLegacy/allowed=0/fault=none/txBlk=484
STATE/PANDA t=117.655s v=0.0mph gear=park gas=0 brake=0 cruiseEn=0 cruiseAvail=1 long=off op_started=1 p0:teslaLegacy/allowed=0/fault=none/txBlk=485;p1:teslaLegacy/allowed=0/fault=none/txBlk=485
STATE/PANDA t=117.755s v=0.0mph gear=park gas=0 brake=0 cruiseEn=0 cruiseAvail=1 long=off op_started=1 p0:teslaLegacy/allowed=0/fault=none/txBlk=486;p1:teslaLegacy/allowed=0/fault=none/txBlk=486
STATE/PANDA t=117.853s v=0.0mph gear=park gas=0 brake=0 cruiseEn=0 cruiseAvail=1 long=off op_started=1 p0:teslaLegacy/allowed=0/fault=none/txBlk=487;p1:teslaLegacy/allowed=0/fault=none/txBlk=487
STATE/PANDA t=117.953s v=0.0mph gear=park gas=0 brake=0 cruiseEn=0 cruiseAvail=1 long=off op_started=1 p0:teslaLegacy/allowed=0/fault=none/txBlk=488;p1:teslaLegacy/allowed=0/fault=none/txBlk=488
STATE/PANDA t=118.053s v=0.0mph gear=park gas=0 brake=0 cruiseEn=0 cruiseAvail=1 long=off op_started=1 p0:teslaLegacy/allowed=0/fault=none/txBlk=489;p1:teslaLegacy/allowed=0/fault=none/txBlk=489
STATE/PANDA t=118.152s v=0.0mph gear=park gas=0 brake=0 cruiseEn=0 cruiseAvail=1 long=off op_started=1 p0:teslaLegacy/allowed=0/fault=none/txBlk=490;p1:teslaLegacy/allowed=0/fault=none/txBlk=490
STATE/PANDA t=118.253s v=0.0mph gear=park gas=0 brake=0 cruiseEn=0 cruiseAvail=1 long=off op_started=1 p0:teslaLegacy/allowed=0/fault=none/txBlk=491;p1:teslaLegacy/allowed=0/fault=none/txBlk=491
STATE/PANDA t=118.354s v=0.0mph gear=park gas=0 brake=0 cruiseEn=0 cruiseAvail=1 long=off op_started=1 p0:teslaLegacy/allowed=0/fault=none/txBlk=492;p1:teslaLegacy/allowed=0/fault=none/txBlk=492
STATE/PANDA t=118.461s v=0.0mph gear=park gas=0 brake=0 cruiseEn=0 cruiseAvail=1 long=off op_started=1 p0:teslaLegacy/allowed=0/fault=none/txBlk=493;p1:teslaLegacy/allowed=0/fault=none/txBlk=493
STATE/PANDA t=118.559s v=0.0mph gear=park gas=0 brake=0 cruiseEn=0 cruiseAvail=1 long=off op_started=1 p0:teslaLegacy/allowed=0/fault=none/txBlk=494;p1:teslaLegacy/allowed=0/fault=none/txBlk=494
STATE/PANDA t=118.661s v=0.0mph gear=park gas=0 brake=0 cruiseEn=0 cruiseAvail=1 long=off op_started=1 p0:teslaLegacy/allowed=0/fault=none/txBlk=495;p1:teslaLegacy/allowed=0/fault=none/txBlk=495
STATE/PANDA t=118.757s v=0.0mph gear=park gas=0 brake=0 cruiseEn=0 cruiseAvail=1 long=off op_started=1 p0:teslaLegacy/allowed=0/fault=none/txBlk=496;p1:teslaLegacy/allowed=0/fault=none/txBlk=496
STATE/PANDA t=118.854s v=0.0mph gear=park gas=0 brake=0 cruiseEn=0 cruiseAvail=1 long=off op_started=1 p0:teslaLegacy/allowed=0/fault=none/txBlk=497;p1:teslaLegacy/allowed=0/fault=none/txBlk=497
STATE/PANDA t=118.958s v=0.0mph gear=park gas=0 brake=0 cruiseEn=0 cruiseAvail=1 long=off op_started=1 p0:teslaLegacy/allowed=0/fault=none/txBlk=498;p1:teslaLegacy/allowed=0/fault=none/txBlk=498
STATE/PANDA t=119.050s v=0.0mph gear=park gas=0 brake=0 cruiseEn=0 cruiseAvail=1 long=off op_started=1 p0:teslaLegacy/allowed=0/fault=none/txBlk=499;p1:teslaLegacy/allowed=0/fault=none/txBlk=499
STATE/PANDA t=119.160s v=0.0mph gear=park gas=0 brake=0 cruiseEn=0 cruiseAvail=1 long=off op_started=1 p0:teslaLegacy/allowed=0/fault=none/txBlk=500;p1:teslaLegacy/allowed=0/fault=none/txBlk=500
STATE/PANDA t=119.258s v=0.0mph gear=park gas=0 brake=0 cruiseEn=0 cruiseAvail=1 long=off op_started=1 p0:teslaLegacy/allowed=0/fault=none/txBlk=501;p1:teslaLegacy/allowed=0/fault=none/txBlk=501
STATE/PANDA t=119.359s v=0.0mph gear=park gas=0 brake=0 cruiseEn=0 cruiseAvail=1 long=off op_started=1 p0:teslaLegacy/allowed=0/fault=none/txBlk=502;p1:teslaLegacy/allowed=0/fault=none/txBlk=502
STATE/PANDA t=119.454s v=0.0mph gear=park gas=0 brake=0 cruiseEn=0 cruiseAvail=1 long=off op_started=1 p0:teslaLegacy/allowed=0/fault=none/txBlk=503;p1:teslaLegacy/allowed=0/fault=none/txBlk=503
STATE/PANDA t=119.554s v=0.0mph gear=park gas=0 brake=0 cruiseEn=0 cruiseAvail=1 long=off op_started=1 p0:teslaLegacy/allowed=0/fault=none/txBlk=504;p1:teslaLegacy/allowed=0/fault=none/txBlk=504
STATE/PANDA t=119.656s v=0.0mph gear=park gas=0 brake=0 cruiseEn=0 cruiseAvail=1 long=off op_started=1 p0:teslaLegacy/allowed=0/fault=none/txBlk=505;p1:teslaLegacy/allowed=0/fault=none/txBlk=505
STATE/PANDA t=119.752s v=0.0mph gear=park gas=0 brake=0 cruiseEn=0 cruiseAvail=1 long=off op_started=1 p0:teslaLegacy/allowed=0/fault=none/txBlk=506;p1:teslaLegacy/allowed=0/fault=none/txBlk=506
STATE/PANDA t=119.856s v=0.0mph gear=park gas=0 brake=0 cruiseEn=0 cruiseAvail=1 long=off op_started=1 p0:teslaLegacy/allowed=0/fault=none/txBlk=507;p1:teslaLegacy/allowed=0/fault=none/txBlk=507
STATE/PANDA t=119.950s v=0.0mph gear=park gas=0 brake=0 cruiseEn=0 cruiseAvail=1 long=off op_started=1 p0:teslaLegacy/allowed=0/fault=none/txBlk=508;p1:teslaLegacy/allowed=0/fault=none/txBlk=508
STATE/PANDA t=120.052s v=0.0mph gear=park gas=0 brake=0 cruiseEn=0 cruiseAvail=1 long=off op_started=1 p0:teslaLegacy/allowed=0/fault=none/txBlk=509;p1:teslaLegacy/allowed=0/fault=none/txBlk=509
STATE/PANDA t=120.150s v=0.0mph gear=park gas=0 brake=0 cruiseEn=0 cruiseAvail=1 long=off op_started=1 p0:teslaLegacy/allowed=0/fault=none/txBlk=510;p1:teslaLegacy/allowed=0/fault=none/txBlk=510
STATE/PANDA t=120.256s v=0.0mph gear=park gas=0 brake=0 cruiseEn=0 cruiseAvail=1 long=off op_started=1 p0:teslaLegacy/allowed=0/fault=none/txBlk=511;p1:teslaLegacy/allowed=0/fault=none/txBlk=511
STATE/PANDA t=120.351s v=0.0mph gear=park gas=0 brake=0 cruiseEn=0 cruiseAvail=1 long=off op_started=1 p0:teslaLegacy/allowed=0/fault=none/txBlk=512;p1:teslaLegacy/allowed=0/fault=none/txBlk=512
STATE/PANDA t=120.457s v=0.0mph gear=park gas=0 brake=0 cruiseEn=0 cruiseAvail=1 long=off op_started=1 p0:teslaLegacy/allowed=0/fault=none/txBlk=513;p1:teslaLegacy/allowed=0/fault=none/txBlk=513
STATE/PANDA t=120.552s v=0.0mph gear=park gas=0 brake=0 cruiseEn=0 cruiseAvail=1 long=off op_started=1 p0:teslaLegacy/allowed=0/fault=none/txBlk=514;p1:teslaLegacy/allowed=0/fault=none/txBlk=514
STATE/PANDA t=120.653s v=0.0mph gear=park gas=0 brake=0 cruiseEn=0 cruiseAvail=1 long=off op_started=1 p0:teslaLegacy/allowed=0/fault=none/txBlk=515;p1:teslaLegacy/allowed=0/fault=none/txBlk=515
STATE/PANDA t=120.750s v=0.0mph gear=park gas=0 brake=0 cruiseEn=0 cruiseAvail=1 long=off op_started=1 p0:teslaLegacy/allowed=0/fault=none/txBlk=516;p1:teslaLegacy/allowed=0/fault=none/txBlk=516
STATE/PANDA t=120.856s v=0.0mph gear=park gas=0 brake=0 cruiseEn=0 cruiseAvail=1 long=off op_started=1 p0:teslaLegacy/allowed=0/fault=none/txBlk=517;p1:teslaLegacy/allowed=0/fault=none/txBlk=517
STATE/PANDA t=120.958s v=0.0mph gear=park gas=0 brake=0 cruiseEn=0 cruiseAvail=1 long=off op_started=1 p0:teslaLegacy/allowed=0/fault=none/txBlk=518;p1:teslaLegacy/allowed=0/fault=none/txBlk=518
STATE/PANDA t=121.058s v=0.0mph gear=park gas=0 brake=0 cruiseEn=0 cruiseAvail=1 long=off op_started=1 p0:teslaLegacy/allowed=0/fault=none/txBlk=519;p1:teslaLegacy/allowed=0/fault=none/txBlk=519
STATE/PANDA t=121.162s v=0.0mph gear=park gas=0 brake=0 cruiseEn=0 cruiseAvail=1 long=off op_started=1 p0:teslaLegacy/allowed=0/fault=none/txBlk=520;p1:teslaLegacy/allowed=0/fault=none/txBlk=520
STATE/PANDA t=121.250s v=0.0mph gear=park gas=0 brake=0 cruiseEn=0 cruiseAvail=1 long=off op_started=1 p0:teslaLegacy/allowed=0/fault=none/txBlk=521;p1:teslaLegacy/allowed=0/fault=none/txBlk=521
STATE/PANDA t=121.350s v=0.0mph gear=park gas=0 brake=0 cruiseEn=0 cruiseAvail=1 long=off op_started=1 p0:teslaLegacy/allowed=0/fault=none/txBlk=522;p1:teslaLegacy/allowed=0/fault=none/txBlk=522
STATE/PANDA t=121.457s v=0.0mph gear=park gas=0 brake=0 cruiseEn=0 cruiseAvail=1 long=off op_started=1 p0:teslaLegacy/allowed=0/fault=none/txBlk=523;p1:teslaLegacy/allowed=0/fault=none/txBlk=523
STATE/PANDA t=121.554s v=0.0mph gear=park gas=0 brake=0 cruiseEn=0 cruiseAvail=1 long=off op_started=1 p0:teslaLegacy/allowed=0/fault=none/txBlk=524;p1:teslaLegacy/allowed=0/fault=none/txBlk=524
STATE/PANDA t=121.656s v=0.0mph gear=park gas=0 brake=0 cruiseEn=0 cruiseAvail=1 long=off op_started=1 p0:teslaLegacy/allowed=0/fault=none/txBlk=525;p1:teslaLegacy/allowed=0/fault=none/txBlk=525
STATE/PANDA t=121.755s v=0.0mph gear=park gas=0 brake=0 cruiseEn=0 cruiseAvail=1 long=off op_started=1 p0:teslaLegacy/allowed=0/fault=none/txBlk=526;p1:teslaLegacy/allowed=0/fault=none/txBlk=526
STATE/PANDA t=121.849s v=0.0mph gear=park gas=0 brake=0 cruiseEn=0 cruiseAvail=1 long=off op_started=1 p0:teslaLegacy/allowed=0/fault=none/txBlk=527;p1:teslaLegacy/allowed=0/fault=none/txBlk=527
STATE/PANDA t=121.949s v=0.0mph gear=park gas=0 brake=0 cruiseEn=0 cruiseAvail=1 long=off op_started=1 p0:teslaLegacy/allowed=0/fault=none/txBlk=528;p1:teslaLegacy/allowed=0/fault=none/txBlk=528
STATE/PANDA t=122.054s v=0.0mph gear=park gas=0 brake=0 cruiseEn=0 cruiseAvail=1 long=off op_started=1 p0:teslaLegacy/allowed=0/fault=none/txBlk=529;p1:teslaLegacy/allowed=0/fault=none/txBlk=529
STATE/PANDA t=122.150s v=0.0mph gear=park gas=0 brake=0 cruiseEn=0 cruiseAvail=1 long=off op_started=1 p0:teslaLegacy/allowed=0/fault=none/txBlk=530;p1:teslaLegacy/allowed=0/fault=none/txBlk=530
STATE/PANDA t=122.256s v=0.0mph gear=park gas=0 brake=0 cruiseEn=0 cruiseAvail=1 long=off op_started=1 p0:teslaLegacy/allowed=0/fault=none/txBlk=531;p1:teslaLegacy/allowed=0/fault=none/txBlk=531
STATE/PANDA t=122.353s v=0.0mph gear=park gas=0 brake=0 cruiseEn=0 cruiseAvail=1 long=off op_started=1 p0:teslaLegacy/allowed=0/fault=none/txBlk=532;p1:teslaLegacy/allowed=0/fault=none/txBlk=532
STATE/PANDA t=122.452s v=0.0mph gear=park gas=0 brake=0 cruiseEn=0 cruiseAvail=1 long=off op_started=1 p0:teslaLegacy/allowed=0/fault=none/txBlk=533;p1:teslaLegacy/allowed=0/fault=none/txBlk=533
STATE/PANDA t=122.557s v=0.0mph gear=park gas=0 brake=0 cruiseEn=0 cruiseAvail=1 long=off op_started=1 p0:teslaLegacy/allowed=0/fault=none/txBlk=534;p1:teslaLegacy/allowed=0/fault=none/txBlk=534
STATE/PANDA t=122.655s v=0.0mph gear=park gas=0 brake=0 cruiseEn=0 cruiseAvail=1 long=off op_started=1 p0:teslaLegacy/allowed=0/fault=none/txBlk=535;p1:teslaLegacy/allowed=0/fault=none/txBlk=535
STATE/PANDA t=122.755s v=0.0mph gear=park gas=0 brake=0 cruiseEn=0 cruiseAvail=1 long=off op_started=1 p0:teslaLegacy/allowed=0/fault=none/txBlk=536;p1:teslaLegacy/allowed=0/fault=none/txBlk=536
STATE/PANDA t=122.858s v=0.0mph gear=park gas=0 brake=0 cruiseEn=0 cruiseAvail=1 long=off op_started=1 p0:teslaLegacy/allowed=0/fault=none/txBlk=537;p1:teslaLegacy/allowed=0/fault=none/txBlk=537
STATE/PANDA t=122.961s v=0.0mph gear=park gas=0 brake=0 cruiseEn=0 cruiseAvail=1 long=off op_started=1 p0:teslaLegacy/allowed=0/fault=none/txBlk=538;p1:teslaLegacy/allowed=0/fault=none/txBlk=538
STATE/PANDA t=123.050s v=0.0mph gear=park gas=0 brake=0 cruiseEn=0 cruiseAvail=1 long=off op_started=1 p0:teslaLegacy/allowed=0/fault=none/txBlk=539;p1:teslaLegacy/allowed=0/fault=none/txBlk=539
STATE/PANDA t=123.158s v=0.0mph gear=park gas=0 brake=0 cruiseEn=0 cruiseAvail=1 long=off op_started=1 p0:teslaLegacy/allowed=0/fault=none/txBlk=540;p1:teslaLegacy/allowed=0/fault=none/txBlk=540
STATE/PANDA t=123.257s v=0.0mph gear=park gas=0 brake=0 cruiseEn=0 cruiseAvail=1 long=off op_started=1 p0:teslaLegacy/allowed=0/fault=none/txBlk=541;p1:teslaLegacy/allowed=0/fault=none/txBlk=541
STATE/PANDA t=123.353s v=0.0mph gear=park gas=0 brake=0 cruiseEn=0 cruiseAvail=1 long=off op_started=1 p0:teslaLegacy/allowed=0/fault=none/txBlk=542;p1:teslaLegacy/allowed=0/fault=none/txBlk=542
STATE/PANDA t=123.450s v=0.0mph gear=park gas=0 brake=0 cruiseEn=0 cruiseAvail=1 long=off op_started=1 p0:teslaLegacy/allowed=0/fault=none/txBlk=543;p1:teslaLegacy/allowed=0/fault=none/txBlk=543
STATE/PANDA t=123.556s v=0.0mph gear=park gas=0 brake=0 cruiseEn=0 cruiseAvail=1 long=off op_started=1 p0:teslaLegacy/allowed=0/fault=none/txBlk=544;p1:teslaLegacy/allowed=0/fault=none/txBlk=544
STATE/PANDA t=123.652s v=0.0mph gear=park gas=0 brake=0 cruiseEn=0 cruiseAvail=1 long=off op_started=1 p0:teslaLegacy/allowed=0/fault=none/txBlk=545;p1:teslaLegacy/allowed=0/fault=none/txBlk=545
STATE/PANDA t=123.753s v=0.0mph gear=park gas=0 brake=0 cruiseEn=0 cruiseAvail=1 long=off op_started=1 p0:teslaLegacy/allowed=0/fault=none/txBlk=546;p1:teslaLegacy/allowed=0/fault=none/txBlk=546
STATE/PANDA t=123.850s v=0.0mph gear=park gas=0 brake=0 cruiseEn=0 cruiseAvail=1 long=off op_started=1 p0:teslaLegacy/allowed=0/fault=none/txBlk=547;p1:teslaLegacy/allowed=0/fault=none/txBlk=547
STATE/PANDA t=123.950s v=0.0mph gear=park gas=0 brake=0 cruiseEn=0 cruiseAvail=1 long=off op_started=1 p0:teslaLegacy/allowed=0/fault=none/txBlk=548;p1:teslaLegacy/allowed=0/fault=none/txBlk=548
STATE/PANDA t=124.049s v=0.0mph gear=park gas=0 brake=0 cruiseEn=0 cruiseAvail=1 long=off op_started=1 p0:teslaLegacy/allowed=0/fault=none/txBlk=549;p1:teslaLegacy/allowed=0/fault=none/txBlk=549
STATE/PANDA t=124.149s v=0.0mph gear=park gas=0 brake=0 cruiseEn=0 cruiseAvail=1 long=off op_started=1 p0:teslaLegacy/allowed=0/fault=none/txBlk=550;p1:teslaLegacy/allowed=0/fault=none/txBlk=550
STATE/PANDA t=124.259s v=0.0mph gear=park gas=0 brake=0 cruiseEn=0 cruiseAvail=1 long=off op_started=1 p0:teslaLegacy/allowed=0/fault=none/txBlk=551;p1:teslaLegacy/allowed=0/fault=none/txBlk=551
STATE/PANDA t=124.357s v=0.0mph gear=park gas=0 brake=0 cruiseEn=0 cruiseAvail=1 long=off op_started=1 p0:teslaLegacy/allowed=0/fault=none/txBlk=552;p1:teslaLegacy/allowed=0/fault=none/txBlk=552
STATE/PANDA t=124.459s v=0.0mph gear=park gas=0 brake=0 cruiseEn=0 cruiseAvail=1 long=off op_started=1 p0:teslaLegacy/allowed=0/fault=none/txBlk=553;p1:teslaLegacy/allowed=0/fault=none/txBlk=553
STATE/PANDA t=124.559s v=0.0mph gear=park gas=0 brake=0 cruiseEn=0 cruiseAvail=1 long=off op_started=1 p0:teslaLegacy/allowed=0/fault=none/txBlk=554;p1:teslaLegacy/allowed=0/fault=none/txBlk=554
STATE/PANDA t=124.655s v=0.0mph gear=park gas=0 brake=0 cruiseEn=0 cruiseAvail=1 long=off op_started=1 p0:teslaLegacy/allowed=0/fault=none/txBlk=555;p1:teslaLegacy/allowed=0/fault=none/txBlk=555
STATE/PANDA t=124.759s v=0.0mph gear=park gas=0 brake=0 cruiseEn=0 cruiseAvail=1 long=off op_started=1 p0:teslaLegacy/allowed=0/fault=none/txBlk=556;p1:teslaLegacy/allowed=0/fault=none/txBlk=556
STATE/PANDA t=124.855s v=0.0mph gear=park gas=0 brake=0 cruiseEn=0 cruiseAvail=1 long=off op_started=1 p0:teslaLegacy/allowed=0/fault=none/txBlk=557;p1:teslaLegacy/allowed=0/fault=none/txBlk=557
STATE/PANDA t=124.950s v=0.0mph gear=park gas=0 brake=0 cruiseEn=0 cruiseAvail=1 long=off op_started=1 p0:teslaLegacy/allowed=0/fault=none/txBlk=558;p1:teslaLegacy/allowed=0/fault=none/txBlk=558
STATE/PANDA t=125.058s v=0.0mph gear=park gas=0 brake=0 cruiseEn=0 cruiseAvail=1 long=off op_started=1 p0:teslaLegacy/allowed=0/fault=none/txBlk=559;p1:teslaLegacy/allowed=0/fault=none/txBlk=559
STATE/PANDA t=125.150s v=0.0mph gear=park gas=0 brake=0 cruiseEn=0 cruiseAvail=1 long=off op_started=1 p0:teslaLegacy/allowed=0/fault=none/txBlk=560;p1:teslaLegacy/allowed=0/fault=none/txBlk=560
STATE/PANDA t=125.255s v=0.0mph gear=park gas=0 brake=0 cruiseEn=0 cruiseAvail=1 long=off op_started=1 p0:teslaLegacy/allowed=0/fault=none/txBlk=561;p1:teslaLegacy/allowed=0/fault=none/txBlk=561
STATE/PANDA t=125.357s v=0.0mph gear=park gas=0 brake=0 cruiseEn=0 cruiseAvail=1 long=off op_started=1 p0:teslaLegacy/allowed=0/fault=none/txBlk=562;p1:teslaLegacy/allowed=0/fault=none/txBlk=562
STATE/PANDA t=125.449s v=0.0mph gear=park gas=0 brake=0 cruiseEn=0 cruiseAvail=1 long=off op_started=1 p0:teslaLegacy/allowed=0/fault=none/txBlk=563;p1:teslaLegacy/allowed=0/fault=none/txBlk=563
STATE/PANDA t=125.555s v=0.0mph gear=park gas=0 brake=0 cruiseEn=0 cruiseAvail=1 long=off op_started=1 p0:teslaLegacy/allowed=0/fault=none/txBlk=564;p1:teslaLegacy/allowed=0/fault=none/txBlk=564
STATE/PANDA t=125.650s v=0.0mph gear=park gas=0 brake=0 cruiseEn=0 cruiseAvail=1 long=off op_started=1 p0:teslaLegacy/allowed=0/fault=none/txBlk=565;p1:teslaLegacy/allowed=0/fault=none/txBlk=565
STATE/PANDA t=125.753s v=0.0mph gear=park gas=0 brake=0 cruiseEn=0 cruiseAvail=1 long=off op_started=1 p0:teslaLegacy/allowed=0/fault=none/txBlk=566;p1:teslaLegacy/allowed=0/fault=none/txBlk=566
STATE/PANDA t=125.861s v=0.0mph gear=park gas=0 brake=0 cruiseEn=0 cruiseAvail=1 long=off op_started=1 p0:teslaLegacy/allowed=0/fault=none/txBlk=567;p1:teslaLegacy/allowed=0/fault=none/txBlk=567
STATE/PANDA t=125.956s v=0.0mph gear=park gas=0 brake=0 cruiseEn=0 cruiseAvail=1 long=off op_started=1 p0:teslaLegacy/allowed=0/fault=none/txBlk=568;p1:teslaLegacy/allowed=0/fault=none/txBlk=568
STATE/PANDA t=126.064s v=0.0mph gear=park gas=0 brake=0 cruiseEn=0 cruiseAvail=1 long=off op_started=1 p0:teslaLegacy/allowed=0/fault=none/txBlk=569;p1:teslaLegacy/allowed=0/fault=none/txBlk=569
STATE/PANDA t=126.150s v=0.0mph gear=park gas=0 brake=0 cruiseEn=0 cruiseAvail=1 long=off op_started=1 p0:teslaLegacy/allowed=0/fault=none/txBlk=570;p1:teslaLegacy/allowed=0/fault=none/txBlk=570
STATE/PANDA t=126.257s v=0.0mph gear=park gas=0 brake=0 cruiseEn=0 cruiseAvail=1 long=off op_started=1 p0:teslaLegacy/allowed=0/fault=none/txBlk=571;p1:teslaLegacy/allowed=0/fault=none/txBlk=571
STATE/PANDA t=126.350s v=0.0mph gear=park gas=0 brake=0 cruiseEn=0 cruiseAvail=1 long=off op_started=1 p0:teslaLegacy/allowed=0/fault=none/txBlk=572;p1:teslaLegacy/allowed=0/fault=none/txBlk=572
STATE/PANDA t=126.459s v=0.0mph gear=park gas=0 brake=0 cruiseEn=0 cruiseAvail=1 long=off op_started=1 p0:teslaLegacy/allowed=0/fault=none/txBlk=573;p1:teslaLegacy/allowed=0/fault=none/txBlk=573
STATE/PANDA t=126.550s v=0.0mph gear=park gas=0 brake=0 cruiseEn=0 cruiseAvail=1 long=off op_started=1 p0:teslaLegacy/allowed=0/fault=none/txBlk=574;p1:teslaLegacy/allowed=0/fault=none/txBlk=574
STATE/PANDA t=126.655s v=0.0mph gear=park gas=0 brake=0 cruiseEn=0 cruiseAvail=1 long=off op_started=1 p0:teslaLegacy/allowed=0/fault=none/txBlk=575;p1:teslaLegacy/allowed=0/fault=none/txBlk=575
STATE/PANDA t=126.753s v=0.0mph gear=park gas=0 brake=0 cruiseEn=0 cruiseAvail=1 long=off op_started=1 p0:teslaLegacy/allowed=0/fault=none/txBlk=576;p1:teslaLegacy/allowed=0/fault=none/txBlk=576
STATE/PANDA t=126.852s v=0.0mph gear=park gas=0 brake=0 cruiseEn=0 cruiseAvail=1 long=off op_started=1 p0:teslaLegacy/allowed=0/fault=none/txBlk=577;p1:teslaLegacy/allowed=0/fault=none/txBlk=577
STATE/PANDA t=126.951s v=0.0mph gear=park gas=0 brake=0 cruiseEn=0 cruiseAvail=1 long=off op_started=1 p0:teslaLegacy/allowed=0/fault=none/txBlk=578;p1:teslaLegacy/allowed=0/fault=none/txBlk=578
STATE/PANDA t=127.053s v=0.0mph gear=park gas=0 brake=0 cruiseEn=0 cruiseAvail=1 long=off op_started=1 p0:teslaLegacy/allowed=0/fault=none/txBlk=579;p1:teslaLegacy/allowed=0/fault=none/txBlk=579
STATE/PANDA t=127.162s v=0.0mph gear=park gas=0 brake=0 cruiseEn=0 cruiseAvail=1 long=off op_started=1 p0:teslaLegacy/allowed=0/fault=none/txBlk=580;p1:teslaLegacy/allowed=0/fault=none/txBlk=580
STATE/PANDA t=127.254s v=0.0mph gear=park gas=0 brake=0 cruiseEn=0 cruiseAvail=1 long=off op_started=1 p0:teslaLegacy/allowed=0/fault=none/txBlk=581;p1:teslaLegacy/allowed=0/fault=none/txBlk=581
STATE/PANDA t=127.355s v=0.0mph gear=park gas=0 brake=0 cruiseEn=0 cruiseAvail=1 long=off op_started=1 p0:teslaLegacy/allowed=0/fault=none/txBlk=582;p1:teslaLegacy/allowed=0/fault=none/txBlk=582
STATE/PANDA t=127.460s v=0.0mph gear=park gas=0 brake=0 cruiseEn=0 cruiseAvail=1 long=off op_started=1 p0:teslaLegacy/allowed=0/fault=none/txBlk=583;p1:teslaLegacy/allowed=0/fault=none/txBlk=583
STATE/PANDA t=127.552s v=0.0mph gear=park gas=0 brake=0 cruiseEn=0 cruiseAvail=1 long=off op_started=1 p0:teslaLegacy/allowed=0/fault=none/txBlk=584;p1:teslaLegacy/allowed=0/fault=none/txBlk=584
STATE/PANDA t=127.657s v=0.0mph gear=park gas=0 brake=0 cruiseEn=0 cruiseAvail=1 long=off op_started=1 p0:teslaLegacy/allowed=0/fault=none/txBlk=585;p1:teslaLegacy/allowed=0/fault=none/txBlk=585
STATE/PANDA t=127.758s v=0.0mph gear=park gas=0 brake=0 cruiseEn=0 cruiseAvail=1 long=off op_started=1 p0:teslaLegacy/allowed=0/fault=none/txBlk=586;p1:teslaLegacy/allowed=0/fault=none/txBlk=586
STATE/PANDA t=127.857s v=0.0mph gear=park gas=0 brake=0 cruiseEn=0 cruiseAvail=1 long=off op_started=1 p0:teslaLegacy/allowed=0/fault=none/txBlk=587;p1:teslaLegacy/allowed=0/fault=none/txBlk=587
STATE/PANDA t=127.954s v=0.0mph gear=park gas=0 brake=0 cruiseEn=0 cruiseAvail=1 long=off op_started=1 p0:teslaLegacy/allowed=0/fault=none/txBlk=588;p1:teslaLegacy/allowed=0/fault=none/txBlk=588
STATE/PANDA t=128.057s v=0.0mph gear=park gas=0 brake=0 cruiseEn=0 cruiseAvail=1 long=off op_started=1 p0:teslaLegacy/allowed=0/fault=none/txBlk=589;p1:teslaLegacy/allowed=0/fault=none/txBlk=589
STATE/PANDA t=128.154s v=0.0mph gear=park gas=0 brake=0 cruiseEn=0 cruiseAvail=1 long=off op_started=1 p0:teslaLegacy/allowed=0/fault=none/txBlk=590;p1:teslaLegacy/allowed=0/fault=none/txBlk=590
STATE/PANDA t=128.253s v=0.0mph gear=park gas=0 brake=0 cruiseEn=0 cruiseAvail=1 long=off op_started=1 p0:teslaLegacy/allowed=0/fault=none/txBlk=591;p1:teslaLegacy/allowed=0/fault=none/txBlk=591
STATE/PANDA t=128.361s v=0.0mph gear=park gas=0 brake=0 cruiseEn=0 cruiseAvail=1 long=off op_started=1 p0:teslaLegacy/allowed=0/fault=none/txBlk=592;p1:teslaLegacy/allowed=0/fault=none/txBlk=592
STATE/PANDA t=128.457s v=0.0mph gear=park gas=0 brake=0 cruiseEn=0 cruiseAvail=1 long=off op_started=1 p0:teslaLegacy/allowed=0/fault=none/txBlk=593;p1:teslaLegacy/allowed=0/fault=none/txBlk=593
STATE/PANDA t=128.549s v=0.0mph gear=park gas=0 brake=0 cruiseEn=0 cruiseAvail=1 long=off op_started=1 p0:teslaLegacy/allowed=0/fault=none/txBlk=594;p1:teslaLegacy/allowed=0/fault=none/txBlk=594
STATE/PANDA t=128.656s v=0.0mph gear=park gas=0 brake=0 cruiseEn=0 cruiseAvail=1 long=off op_started=1 p0:teslaLegacy/allowed=0/fault=none/txBlk=595;p1:teslaLegacy/allowed=0/fault=none/txBlk=595
STATE/PANDA t=128.754s v=0.0mph gear=park gas=0 brake=0 cruiseEn=0 cruiseAvail=1 long=off op_started=1 p0:teslaLegacy/allowed=0/fault=none/txBlk=596;p1:teslaLegacy/allowed=0/fault=none/txBlk=596
STATE/PANDA t=128.855s v=0.0mph gear=park gas=0 brake=0 cruiseEn=0 cruiseAvail=1 long=off op_started=1 p0:teslaLegacy/allowed=0/fault=none/txBlk=597;p1:teslaLegacy/allowed=0/fault=none/txBlk=597
STATE/PANDA t=128.952s v=0.0mph gear=park gas=0 brake=0 cruiseEn=0 cruiseAvail=1 long=off op_started=1 p0:teslaLegacy/allowed=0/fault=none/txBlk=598;p1:teslaLegacy/allowed=0/fault=none/txBlk=598
STATE/PANDA t=129.057s v=0.0mph gear=park gas=0 brake=0 cruiseEn=0 cruiseAvail=1 long=off op_started=1 p0:teslaLegacy/allowed=0/fault=none/txBlk=599;p1:teslaLegacy/allowed=0/fault=none/txBlk=599
STATE/PANDA t=129.151s v=0.0mph gear=park gas=0 brake=0 cruiseEn=0 cruiseAvail=1 long=off op_started=1 p0:teslaLegacy/allowed=0/fault=none/txBlk=600;p1:teslaLegacy/allowed=0/fault=none/txBlk=600
STATE/PANDA t=129.250s v=0.0mph gear=park gas=0 brake=0 cruiseEn=0 cruiseAvail=1 long=off op_started=1 p0:teslaLegacy/allowed=0/fault=none/txBlk=601;p1:teslaLegacy/allowed=0/fault=none/txBlk=601
STATE/PANDA t=129.352s v=0.0mph gear=park gas=0 brake=0 cruiseEn=0 cruiseAvail=1 long=off op_started=1 p0:teslaLegacy/allowed=0/fault=none/txBlk=602;p1:teslaLegacy/allowed=0/fault=none/txBlk=602
STATE/PANDA t=129.454s v=0.0mph gear=park gas=0 brake=0 cruiseEn=0 cruiseAvail=1 long=off op_started=1 p0:teslaLegacy/allowed=0/fault=none/txBlk=603;p1:teslaLegacy/allowed=0/fault=none/txBlk=603
STATE/PANDA t=129.574s v=0.0mph gear=park gas=0 brake=0 cruiseEn=0 cruiseAvail=1 long=off op_started=1 p0:teslaLegacy/allowed=0/fault=none/txBlk=604;p1:teslaLegacy/allowed=0/fault=none/txBlk=604
STATE/PANDA t=129.653s v=0.0mph gear=park gas=0 brake=0 cruiseEn=0 cruiseAvail=1 long=off op_started=1 p0:teslaLegacy/allowed=0/fault=none/txBlk=605;p1:teslaLegacy/allowed=0/fault=none/txBlk=605
STATE/PANDA t=129.752s v=0.0mph gear=park gas=0 brake=0 cruiseEn=0 cruiseAvail=1 long=off op_started=1 p0:teslaLegacy/allowed=0/fault=none/txBlk=606;p1:teslaLegacy/allowed=0/fault=none/txBlk=606
STATE/PANDA t=129.859s v=0.0mph gear=park gas=0 brake=0 cruiseEn=0 cruiseAvail=1 long=off op_started=1 p0:teslaLegacy/allowed=0/fault=none/txBlk=607;p1:teslaLegacy/allowed=0/fault=none/txBlk=607
STATE/PANDA t=129.960s v=0.0mph gear=park gas=0 brake=0 cruiseEn=0 cruiseAvail=1 long=off op_started=1 p0:teslaLegacy/allowed=0/fault=none/txBlk=608;p1:teslaLegacy/allowed=0/fault=none/txBlk=608
STATE/PANDA t=130.064s v=0.0mph gear=park gas=0 brake=0 cruiseEn=0 cruiseAvail=1 long=off op_started=1 p0:teslaLegacy/allowed=0/fault=none/txBlk=609;p1:teslaLegacy/allowed=0/fault=none/txBlk=609
STATE/PANDA t=130.155s v=0.0mph gear=park gas=0 brake=0 cruiseEn=0 cruiseAvail=1 long=off op_started=1 p0:teslaLegacy/allowed=0/fault=none/txBlk=610;p1:teslaLegacy/allowed=0/fault=none/txBlk=610
STATE/PANDA t=130.263s v=0.0mph gear=park gas=0 brake=0 cruiseEn=0 cruiseAvail=1 long=off op_started=1 p0:teslaLegacy/allowed=0/fault=none/txBlk=611;p1:teslaLegacy/allowed=0/fault=none/txBlk=611
STATE/PANDA t=130.359s v=0.0mph gear=park gas=0 brake=0 cruiseEn=0 cruiseAvail=1 long=off op_started=1 p0:teslaLegacy/allowed=0/fault=none/txBlk=612;p1:teslaLegacy/allowed=0/fault=none/txBlk=612
STATE/PANDA t=130.457s v=0.0mph gear=park gas=0 brake=0 cruiseEn=0 cruiseAvail=1 long=off op_started=1 p0:teslaLegacy/allowed=0/fault=none/txBlk=613;p1:teslaLegacy/allowed=0/fault=none/txBlk=613
STATE/PANDA t=130.553s v=0.0mph gear=park gas=0 brake=0 cruiseEn=0 cruiseAvail=1 long=off op_started=1 p0:teslaLegacy/allowed=0/fault=none/txBlk=614;p1:teslaLegacy/allowed=0/fault=none/txBlk=614
STATE/PANDA t=130.657s v=0.0mph gear=park gas=0 brake=0 cruiseEn=0 cruiseAvail=1 long=off op_started=1 p0:teslaLegacy/allowed=0/fault=none/txBlk=615;p1:teslaLegacy/allowed=0/fault=none/txBlk=615
STATE/PANDA t=130.750s v=0.0mph gear=park gas=0 brake=0 cruiseEn=0 cruiseAvail=1 long=off op_started=1 p0:teslaLegacy/allowed=0/fault=none/txBlk=616;p1:teslaLegacy/allowed=0/fault=none/txBlk=616
STATE/PANDA t=130.851s v=0.0mph gear=park gas=0 brake=0 cruiseEn=0 cruiseAvail=1 long=off op_started=1 p0:teslaLegacy/allowed=0/fault=none/txBlk=617;p1:teslaLegacy/allowed=0/fault=none/txBlk=617
STATE/PANDA t=130.953s v=0.0mph gear=park gas=0 brake=0 cruiseEn=0 cruiseAvail=1 long=off op_started=1 p0:teslaLegacy/allowed=0/fault=none/txBlk=618;p1:teslaLegacy/allowed=0/fault=none/txBlk=618
STATE/PANDA t=131.057s v=0.0mph gear=park gas=0 brake=0 cruiseEn=0 cruiseAvail=1 long=off op_started=1 p0:teslaLegacy/allowed=0/fault=none/txBlk=619;p1:teslaLegacy/allowed=0/fault=none/txBlk=619
STATE/PANDA t=131.158s v=0.0mph gear=park gas=0 brake=0 cruiseEn=0 cruiseAvail=1 long=off op_started=1 p0:teslaLegacy/allowed=0/fault=none/txBlk=620;p1:teslaLegacy/allowed=0/fault=none/txBlk=620
STATE/PANDA t=131.256s v=0.0mph gear=park gas=0 brake=0 cruiseEn=0 cruiseAvail=1 long=off op_started=1 p0:teslaLegacy/allowed=0/fault=none/txBlk=621;p1:teslaLegacy/allowed=0/fault=none/txBlk=621
STATE/PANDA t=131.350s v=0.0mph gear=park gas=0 brake=0 cruiseEn=0 cruiseAvail=1 long=off op_started=1 p0:teslaLegacy/allowed=0/fault=none/txBlk=622;p1:teslaLegacy/allowed=0/fault=none/txBlk=622
STATE/PANDA t=131.451s v=0.0mph gear=park gas=0 brake=0 cruiseEn=0 cruiseAvail=1 long=off op_started=1 p0:teslaLegacy/allowed=0/fault=none/txBlk=623;p1:teslaLegacy/allowed=0/fault=none/txBlk=623
STATE/PANDA t=131.552s v=0.0mph gear=park gas=0 brake=0 cruiseEn=0 cruiseAvail=1 long=off op_started=1 p0:teslaLegacy/allowed=0/fault=none/txBlk=624;p1:teslaLegacy/allowed=0/fault=none/txBlk=624
STATE/PANDA t=131.650s v=0.0mph gear=park gas=0 brake=0 cruiseEn=0 cruiseAvail=1 long=off op_started=1 p0:teslaLegacy/allowed=0/fault=none/txBlk=625;p1:teslaLegacy/allowed=0/fault=none/txBlk=625
STATE/PANDA t=131.752s v=0.0mph gear=park gas=0 brake=0 cruiseEn=0 cruiseAvail=1 long=off op_started=1 p0:teslaLegacy/allowed=0/fault=none/txBlk=626;p1:teslaLegacy/allowed=0/fault=none/txBlk=626
STATE/PANDA t=131.852s v=0.0mph gear=park gas=0 brake=0 cruiseEn=0 cruiseAvail=1 long=off op_started=1 p0:teslaLegacy/allowed=0/fault=none/txBlk=627;p1:teslaLegacy/allowed=0/fault=none/txBlk=627
STATE/PANDA t=131.953s v=0.0mph gear=park gas=0 brake=0 cruiseEn=0 cruiseAvail=1 long=off op_started=1 p0:teslaLegacy/allowed=0/fault=none/txBlk=628;p1:teslaLegacy/allowed=0/fault=none/txBlk=628
STATE/PANDA t=132.063s v=0.0mph gear=park gas=0 brake=0 cruiseEn=0 cruiseAvail=1 long=off op_started=1 p0:teslaLegacy/allowed=0/fault=none/txBlk=629;p1:teslaLegacy/allowed=0/fault=none/txBlk=629
STATE/PANDA t=132.152s v=0.0mph gear=park gas=0 brake=0 cruiseEn=0 cruiseAvail=1 long=off op_started=1 p0:teslaLegacy/allowed=0/fault=none/txBlk=630;p1:teslaLegacy/allowed=0/fault=none/txBlk=630
STATE/PANDA t=132.259s v=0.0mph gear=park gas=0 brake=0 cruiseEn=0 cruiseAvail=1 long=off op_started=1 p0:teslaLegacy/allowed=0/fault=none/txBlk=631;p1:teslaLegacy/allowed=0/fault=none/txBlk=631
STATE/PANDA t=132.355s v=0.0mph gear=park gas=0 brake=0 cruiseEn=0 cruiseAvail=1 long=off op_started=1 p0:teslaLegacy/allowed=0/fault=none/txBlk=632;p1:teslaLegacy/allowed=0/fault=none/txBlk=632
STATE/PANDA t=132.457s v=0.0mph gear=park gas=0 brake=0 cruiseEn=0 cruiseAvail=1 long=off op_started=1 p0:teslaLegacy/allowed=0/fault=none/txBlk=633;p1:teslaLegacy/allowed=0/fault=none/txBlk=633
STATE/PANDA t=132.557s v=0.0mph gear=park gas=0 brake=0 cruiseEn=0 cruiseAvail=1 long=off op_started=1 p0:teslaLegacy/allowed=0/fault=none/txBlk=634;p1:teslaLegacy/allowed=0/fault=none/txBlk=634
STATE/PANDA t=132.658s v=0.0mph gear=park gas=0 brake=0 cruiseEn=0 cruiseAvail=1 long=off op_started=1 p0:teslaLegacy/allowed=0/fault=none/txBlk=635;p1:teslaLegacy/allowed=0/fault=none/txBlk=635
STATE/PANDA t=132.753s v=0.0mph gear=park gas=0 brake=0 cruiseEn=0 cruiseAvail=1 long=off op_started=1 p0:teslaLegacy/allowed=0/fault=none/txBlk=636;p1:teslaLegacy/allowed=0/fault=none/txBlk=636
STATE/PANDA t=132.857s v=0.0mph gear=park gas=0 brake=0 cruiseEn=0 cruiseAvail=1 long=off op_started=1 p0:teslaLegacy/allowed=0/fault=none/txBlk=637;p1:teslaLegacy/allowed=0/fault=none/txBlk=637
STATE/PANDA t=132.953s v=0.0mph gear=park gas=0 brake=0 cruiseEn=0 cruiseAvail=1 long=off op_started=1 p0:teslaLegacy/allowed=0/fault=none/txBlk=638;p1:teslaLegacy/allowed=0/fault=none/txBlk=638
STATE/PANDA t=133.051s v=0.0mph gear=park gas=0 brake=0 cruiseEn=0 cruiseAvail=1 long=off op_started=1 p0:teslaLegacy/allowed=0/fault=none/txBlk=639;p1:teslaLegacy/allowed=0/fault=none/txBlk=639
STATE/PANDA t=133.153s v=0.0mph gear=park gas=0 brake=0 cruiseEn=0 cruiseAvail=1 long=off op_started=1 p0:teslaLegacy/allowed=0/fault=none/txBlk=640;p1:teslaLegacy/allowed=0/fault=none/txBlk=640
STATE/PANDA t=133.253s v=0.0mph gear=park gas=0 brake=0 cruiseEn=0 cruiseAvail=1 long=off op_started=1 p0:teslaLegacy/allowed=0/fault=none/txBlk=641;p1:teslaLegacy/allowed=0/fault=none/txBlk=641
STATE/PANDA t=133.350s v=0.0mph gear=park gas=0 brake=0 cruiseEn=0 cruiseAvail=1 long=off op_started=1 p0:teslaLegacy/allowed=0/fault=none/txBlk=642;p1:teslaLegacy/allowed=0/fault=none/txBlk=642
STATE/PANDA t=133.455s v=0.0mph gear=park gas=0 brake=0 cruiseEn=0 cruiseAvail=1 long=off op_started=1 p0:teslaLegacy/allowed=0/fault=none/txBlk=643;p1:teslaLegacy/allowed=0/fault=none/txBlk=643
STATE/PANDA t=133.553s v=0.0mph gear=park gas=0 brake=0 cruiseEn=0 cruiseAvail=1 long=off op_started=1 p0:teslaLegacy/allowed=0/fault=none/txBlk=644;p1:teslaLegacy/allowed=0/fault=none/txBlk=644
STATE/PANDA t=133.657s v=0.0mph gear=park gas=0 brake=0 cruiseEn=0 cruiseAvail=1 long=off op_started=1 p0:teslaLegacy/allowed=0/fault=none/txBlk=645;p1:teslaLegacy/allowed=0/fault=none/txBlk=645
STATE/PANDA t=133.753s v=0.0mph gear=park gas=0 brake=0 cruiseEn=0 cruiseAvail=1 long=off op_started=1 p0:teslaLegacy/allowed=0/fault=none/txBlk=646;p1:teslaLegacy/allowed=0/fault=none/txBlk=646
STATE/PANDA t=133.857s v=0.0mph gear=park gas=0 brake=0 cruiseEn=0 cruiseAvail=1 long=off op_started=1 p0:teslaLegacy/allowed=0/fault=none/txBlk=647;p1:teslaLegacy/allowed=0/fault=none/txBlk=647
STATE/PANDA t=133.959s v=0.0mph gear=park gas=0 brake=0 cruiseEn=0 cruiseAvail=1 long=off op_started=1 p0:teslaLegacy/allowed=0/fault=none/txBlk=648;p1:teslaLegacy/allowed=0/fault=none/txBlk=648
STATE/PANDA t=134.055s v=0.0mph gear=park gas=0 brake=0 cruiseEn=0 cruiseAvail=1 long=off op_started=1 p0:teslaLegacy/allowed=0/fault=none/txBlk=649;p1:teslaLegacy/allowed=0/fault=none/txBlk=649
STATE/PANDA t=134.154s v=0.0mph gear=park gas=0 brake=0 cruiseEn=0 cruiseAvail=1 long=off op_started=1 p0:teslaLegacy/allowed=0/fault=none/txBlk=650;p1:teslaLegacy/allowed=0/fault=none/txBlk=650
STATE/PANDA t=134.258s v=0.0mph gear=park gas=0 brake=0 cruiseEn=0 cruiseAvail=1 long=off op_started=1 p0:teslaLegacy/allowed=0/fault=none/txBlk=651;p1:teslaLegacy/allowed=0/fault=none/txBlk=651
STATE/PANDA t=134.353s v=0.0mph gear=park gas=0 brake=0 cruiseEn=0 cruiseAvail=1 long=off op_started=1 p0:teslaLegacy/allowed=0/fault=none/txBlk=652;p1:teslaLegacy/allowed=0/fault=none/txBlk=652
STATE/PANDA t=134.451s v=0.0mph gear=park gas=0 brake=0 cruiseEn=0 cruiseAvail=1 long=off op_started=1 p0:teslaLegacy/allowed=0/fault=none/txBlk=653;p1:teslaLegacy/allowed=0/fault=none/txBlk=653
STATE/PANDA t=134.549s v=0.0mph gear=park gas=0 brake=0 cruiseEn=0 cruiseAvail=1 long=off op_started=1 p0:teslaLegacy/allowed=0/fault=none/txBlk=654;p1:teslaLegacy/allowed=0/fault=none/txBlk=654
STATE/PANDA t=134.653s v=0.0mph gear=park gas=0 brake=0 cruiseEn=0 cruiseAvail=1 long=off op_started=1 p0:teslaLegacy/allowed=0/fault=none/txBlk=655;p1:teslaLegacy/allowed=0/fault=none/txBlk=655
STATE/PANDA t=134.758s v=0.0mph gear=park gas=0 brake=0 cruiseEn=0 cruiseAvail=1 long=off op_started=1 p0:teslaLegacy/allowed=0/fault=none/txBlk=656;p1:teslaLegacy/allowed=0/fault=none/txBlk=656
STATE/PANDA t=134.855s v=0.0mph gear=park gas=0 brake=0 cruiseEn=0 cruiseAvail=1 long=off op_started=1 p0:teslaLegacy/allowed=0/fault=none/txBlk=657;p1:teslaLegacy/allowed=0/fault=none/txBlk=657
STATE/PANDA t=134.952s v=0.0mph gear=park gas=0 brake=0 cruiseEn=0 cruiseAvail=1 long=off op_started=1 p0:teslaLegacy/allowed=0/fault=none/txBlk=658;p1:teslaLegacy/allowed=0/fault=none/txBlk=658
STATE/PANDA t=135.052s v=0.0mph gear=park gas=0 brake=0 cruiseEn=0 cruiseAvail=1 long=off op_started=1 p0:teslaLegacy/allowed=0/fault=none/txBlk=659;p1:teslaLegacy/allowed=0/fault=none/txBlk=659
STATE/PANDA t=135.153s v=0.0mph gear=park gas=0 brake=0 cruiseEn=0 cruiseAvail=1 long=off op_started=1 p0:teslaLegacy/allowed=0/fault=none/txBlk=660;p1:teslaLegacy/allowed=0/fault=none/txBlk=660
STATE/PANDA t=135.249s v=0.0mph gear=park gas=0 brake=0 cruiseEn=0 cruiseAvail=1 long=off op_started=1 p0:teslaLegacy/allowed=0/fault=none/txBlk=661;p1:teslaLegacy/allowed=0/fault=none/txBlk=661
STATE/PANDA t=135.354s v=0.0mph gear=park gas=0 brake=0 cruiseEn=0 cruiseAvail=1 long=off op_started=1 p0:teslaLegacy/allowed=0/fault=none/txBlk=662;p1:teslaLegacy/allowed=0/fault=none/txBlk=662
STATE/PANDA t=135.458s v=0.0mph gear=park gas=0 brake=0 cruiseEn=0 cruiseAvail=1 long=off op_started=1 p0:teslaLegacy/allowed=0/fault=none/txBlk=663;p1:teslaLegacy/allowed=0/fault=none/txBlk=663
STATE/PANDA t=135.553s v=0.0mph gear=park gas=0 brake=0 cruiseEn=0 cruiseAvail=1 long=off op_started=1 p0:teslaLegacy/allowed=0/fault=none/txBlk=664;p1:teslaLegacy/allowed=0/fault=none/txBlk=664
STATE/PANDA t=135.661s v=0.0mph gear=park gas=0 brake=0 cruiseEn=0 cruiseAvail=1 long=off op_started=1 p0:teslaLegacy/allowed=0/fault=none/txBlk=665;p1:teslaLegacy/allowed=0/fault=none/txBlk=665
STATE/PANDA t=135.755s v=0.0mph gear=park gas=0 brake=0 cruiseEn=0 cruiseAvail=1 long=off op_started=1 p0:teslaLegacy/allowed=0/fault=none/txBlk=666;p1:teslaLegacy/allowed=0/fault=none/txBlk=666
STATE/PANDA t=135.859s v=0.0mph gear=park gas=0 brake=0 cruiseEn=0 cruiseAvail=1 long=off op_started=1 p0:teslaLegacy/allowed=0/fault=none/txBlk=667;p1:teslaLegacy/allowed=0/fault=none/txBlk=667
STATE/PANDA t=135.954s v=0.0mph gear=park gas=0 brake=0 cruiseEn=0 cruiseAvail=1 long=off op_started=1 p0:teslaLegacy/allowed=0/fault=none/txBlk=668;p1:teslaLegacy/allowed=0/fault=none/txBlk=668
STATE/PANDA t=136.054s v=0.0mph gear=park gas=0 brake=0 cruiseEn=0 cruiseAvail=1 long=off op_started=1 p0:teslaLegacy/allowed=0/fault=none/txBlk=669;p1:teslaLegacy/allowed=0/fault=none/txBlk=669
STATE/PANDA t=136.160s v=0.0mph gear=park gas=0 brake=0 cruiseEn=0 cruiseAvail=1 long=off op_started=1 p0:teslaLegacy/allowed=0/fault=none/txBlk=670;p1:teslaLegacy/allowed=0/fault=none/txBlk=670
STATE/PANDA t=136.259s v=0.0mph gear=park gas=0 brake=0 cruiseEn=0 cruiseAvail=1 long=off op_started=1 p0:teslaLegacy/allowed=0/fault=none/txBlk=671;p1:teslaLegacy/allowed=0/fault=none/txBlk=671
STATE/PANDA t=136.361s v=0.0mph gear=park gas=0 brake=0 cruiseEn=0 cruiseAvail=1 long=off op_started=1 p0:teslaLegacy/allowed=0/fault=none/txBlk=672;p1:teslaLegacy/allowed=0/fault=none/txBlk=672
STATE/PANDA t=136.457s v=0.0mph gear=park gas=0 brake=0 cruiseEn=0 cruiseAvail=1 long=off op_started=1 p0:teslaLegacy/allowed=0/fault=none/txBlk=673;p1:teslaLegacy/allowed=0/fault=none/txBlk=673
STATE/PANDA t=136.555s v=0.0mph gear=park gas=0 brake=0 cruiseEn=0 cruiseAvail=1 long=off op_started=1 p0:teslaLegacy/allowed=0/fault=none/txBlk=674;p1:teslaLegacy/allowed=0/fault=none/txBlk=674
STATE/PANDA t=136.654s v=0.0mph gear=park gas=0 brake=0 cruiseEn=0 cruiseAvail=1 long=off op_started=1 p0:teslaLegacy/allowed=0/fault=none/txBlk=675;p1:teslaLegacy/allowed=0/fault=none/txBlk=675
STATE/PANDA t=136.757s v=0.0mph gear=park gas=0 brake=0 cruiseEn=0 cruiseAvail=1 long=off op_started=1 p0:teslaLegacy/allowed=0/fault=none/txBlk=676;p1:teslaLegacy/allowed=0/fault=none/txBlk=676
STATE/PANDA t=136.851s v=0.0mph gear=park gas=0 brake=0 cruiseEn=0 cruiseAvail=1 long=off op_started=1 p0:teslaLegacy/allowed=0/fault=none/txBlk=677;p1:teslaLegacy/allowed=0/fault=none/txBlk=677
STATE/PANDA t=136.956s v=0.0mph gear=park gas=0 brake=0 cruiseEn=0 cruiseAvail=1 long=off op_started=1 p0:teslaLegacy/allowed=0/fault=none/txBlk=678;p1:teslaLegacy/allowed=0/fault=none/txBlk=678
STATE/PANDA t=137.058s v=0.0mph gear=park gas=0 brake=0 cruiseEn=0 cruiseAvail=1 long=off op_started=1 p0:teslaLegacy/allowed=0/fault=none/txBlk=679;p1:teslaLegacy/allowed=0/fault=none/txBlk=679
STATE/PANDA t=137.150s v=0.0mph gear=park gas=0 brake=0 cruiseEn=0 cruiseAvail=1 long=off op_started=1 p0:teslaLegacy/allowed=0/fault=none/txBlk=680;p1:teslaLegacy/allowed=0/fault=none/txBlk=680
STATE/PANDA t=137.249s v=0.0mph gear=park gas=0 brake=0 cruiseEn=0 cruiseAvail=1 long=off op_started=1 p0:teslaLegacy/allowed=0/fault=none/txBlk=681;p1:teslaLegacy/allowed=0/fault=none/txBlk=681
STATE/PANDA t=137.351s v=0.0mph gear=park gas=0 brake=0 cruiseEn=0 cruiseAvail=1 long=off op_started=1 p0:teslaLegacy/allowed=0/fault=none/txBlk=682;p1:teslaLegacy/allowed=0/fault=none/txBlk=682
STATE/PANDA t=137.451s v=0.0mph gear=park gas=0 brake=0 cruiseEn=0 cruiseAvail=1 long=off op_started=1 p0:teslaLegacy/allowed=0/fault=none/txBlk=683;p1:teslaLegacy/allowed=0/fault=none/txBlk=683
STATE/PANDA t=137.551s v=0.0mph gear=park gas=0 brake=0 cruiseEn=0 cruiseAvail=1 long=off op_started=1 p0:teslaLegacy/allowed=0/fault=none/txBlk=684;p1:teslaLegacy/allowed=0/fault=none/txBlk=684
STATE/PANDA t=137.651s v=0.0mph gear=park gas=0 brake=0 cruiseEn=0 cruiseAvail=1 long=off op_started=1 p0:teslaLegacy/allowed=0/fault=none/txBlk=685;p1:teslaLegacy/allowed=0/fault=none/txBlk=685
STATE/PANDA t=137.760s v=0.0mph gear=park gas=0 brake=0 cruiseEn=0 cruiseAvail=1 long=off op_started=1 p0:teslaLegacy/allowed=0/fault=none/txBlk=686;p1:teslaLegacy/allowed=0/fault=none/txBlk=686
STATE/PANDA t=137.855s v=0.0mph gear=park gas=0 brake=0 cruiseEn=0 cruiseAvail=1 long=off op_started=1 p0:teslaLegacy/allowed=0/fault=none/txBlk=687;p1:teslaLegacy/allowed=0/fault=none/txBlk=687
STATE/PANDA t=137.952s v=0.0mph gear=park gas=0 brake=0 cruiseEn=0 cruiseAvail=1 long=off op_started=1 p0:teslaLegacy/allowed=0/fault=none/txBlk=688;p1:teslaLegacy/allowed=0/fault=none/txBlk=688
STATE/PANDA t=138.053s v=0.0mph gear=park gas=0 brake=0 cruiseEn=0 cruiseAvail=1 long=off op_started=1 p0:teslaLegacy/allowed=0/fault=none/txBlk=689;p1:teslaLegacy/allowed=0/fault=none/txBlk=689
STATE/PANDA t=138.153s v=0.0mph gear=park gas=0 brake=0 cruiseEn=0 cruiseAvail=1 long=off op_started=1 p0:teslaLegacy/allowed=0/fault=none/txBlk=690;p1:teslaLegacy/allowed=0/fault=none/txBlk=690
STATE/PANDA t=138.255s v=0.0mph gear=park gas=0 brake=0 cruiseEn=0 cruiseAvail=1 long=off op_started=1 p0:teslaLegacy/allowed=0/fault=none/txBlk=691;p1:teslaLegacy/allowed=0/fault=none/txBlk=691
STATE/PANDA t=138.352s v=0.0mph gear=park gas=0 brake=0 cruiseEn=0 cruiseAvail=1 long=off op_started=1 p0:teslaLegacy/allowed=0/fault=none/txBlk=692;p1:teslaLegacy/allowed=0/fault=none/txBlk=692
STATE/PANDA t=138.455s v=0.0mph gear=park gas=0 brake=0 cruiseEn=0 cruiseAvail=1 long=off op_started=1 p0:teslaLegacy/allowed=0/fault=none/txBlk=693;p1:teslaLegacy/allowed=0/fault=none/txBlk=693
STATE/PANDA t=138.554s v=0.0mph gear=park gas=0 brake=0 cruiseEn=0 cruiseAvail=1 long=off op_started=1 p0:teslaLegacy/allowed=0/fault=none/txBlk=694;p1:teslaLegacy/allowed=0/fault=none/txBlk=694
STATE/PANDA t=138.654s v=0.0mph gear=park gas=0 brake=0 cruiseEn=0 cruiseAvail=1 long=off op_started=1 p0:teslaLegacy/allowed=0/fault=none/txBlk=695;p1:teslaLegacy/allowed=0/fault=none/txBlk=695
STATE/PANDA t=138.762s v=0.0mph gear=park gas=0 brake=0 cruiseEn=0 cruiseAvail=1 long=off op_started=1 p0:teslaLegacy/allowed=0/fault=none/txBlk=696;p1:teslaLegacy/allowed=0/fault=none/txBlk=696
STATE/PANDA t=138.856s v=0.0mph gear=park gas=0 brake=0 cruiseEn=0 cruiseAvail=1 long=off op_started=1 p0:teslaLegacy/allowed=0/fault=none/txBlk=697;p1:teslaLegacy/allowed=0/fault=none/txBlk=697
STATE/PANDA t=138.952s v=0.0mph gear=park gas=0 brake=0 cruiseEn=0 cruiseAvail=1 long=off op_started=1 p0:teslaLegacy/allowed=0/fault=none/txBlk=698;p1:teslaLegacy/allowed=0/fault=none/txBlk=698
STATE/PANDA t=139.049s v=0.0mph gear=park gas=0 brake=0 cruiseEn=0 cruiseAvail=1 long=off op_started=1 p0:teslaLegacy/allowed=0/fault=none/txBlk=699;p1:teslaLegacy/allowed=0/fault=none/txBlk=699
STATE/PANDA t=139.160s v=0.0mph gear=park gas=0 brake=0 cruiseEn=0 cruiseAvail=1 long=off op_started=1 p0:teslaLegacy/allowed=0/fault=none/txBlk=700;p1:teslaLegacy/allowed=0/fault=none/txBlk=700
STATE/PANDA t=139.262s v=0.0mph gear=park gas=0 brake=0 cruiseEn=0 cruiseAvail=1 long=off op_started=1 p0:teslaLegacy/allowed=0/fault=none/txBlk=701;p1:teslaLegacy/allowed=0/fault=none/txBlk=701
STATE/PANDA t=139.359s v=0.0mph gear=park gas=0 brake=0 cruiseEn=0 cruiseAvail=1 long=off op_started=1 p0:teslaLegacy/allowed=0/fault=none/txBlk=702;p1:teslaLegacy/allowed=0/fault=none/txBlk=702
STATE/PANDA t=139.461s v=0.0mph gear=park gas=0 brake=0 cruiseEn=0 cruiseAvail=1 long=off op_started=1 p0:teslaLegacy/allowed=0/fault=none/txBlk=703;p1:teslaLegacy/allowed=0/fault=none/txBlk=703
STATE/PANDA t=139.563s v=0.0mph gear=park gas=0 brake=0 cruiseEn=0 cruiseAvail=1 long=off op_started=1 p0:teslaLegacy/allowed=0/fault=none/txBlk=704;p1:teslaLegacy/allowed=0/fault=none/txBlk=704
STATE/PANDA t=139.652s v=0.0mph gear=park gas=0 brake=0 cruiseEn=0 cruiseAvail=1 long=off op_started=1 p0:teslaLegacy/allowed=0/fault=none/txBlk=705;p1:teslaLegacy/allowed=0/fault=none/txBlk=705
STATE/PANDA t=139.754s v=0.0mph gear=park gas=0 brake=0 cruiseEn=0 cruiseAvail=1 long=off op_started=1 p0:teslaLegacy/allowed=0/fault=none/txBlk=706;p1:teslaLegacy/allowed=0/fault=none/txBlk=706
STATE/PANDA t=139.852s v=0.0mph gear=park gas=0 brake=0 cruiseEn=0 cruiseAvail=1 long=off op_started=1 p0:teslaLegacy/allowed=0/fault=none/txBlk=707;p1:teslaLegacy/allowed=0/fault=none/txBlk=707
STATE/PANDA t=139.959s v=0.0mph gear=park gas=0 brake=0 cruiseEn=0 cruiseAvail=1 long=off op_started=1 p0:teslaLegacy/allowed=0/fault=none/txBlk=708;p1:teslaLegacy/allowed=0/fault=none/txBlk=708
STATE/PANDA t=140.057s v=0.0mph gear=park gas=0 brake=0 cruiseEn=0 cruiseAvail=1 long=off op_started=1 p0:teslaLegacy/allowed=0/fault=none/txBlk=709;p1:teslaLegacy/allowed=0/fault=none/txBlk=709
STATE/PANDA t=140.161s v=0.0mph gear=park gas=0 brake=0 cruiseEn=0 cruiseAvail=1 long=off op_started=1 p0:teslaLegacy/allowed=0/fault=none/txBlk=710;p1:teslaLegacy/allowed=0/fault=none/txBlk=710
STATE/PANDA t=140.259s v=0.0mph gear=park gas=0 brake=0 cruiseEn=0 cruiseAvail=1 long=off op_started=1 p0:teslaLegacy/allowed=0/fault=none/txBlk=711;p1:teslaLegacy/allowed=0/fault=none/txBlk=711
STATE/PANDA t=140.350s v=0.0mph gear=park gas=0 brake=0 cruiseEn=0 cruiseAvail=1 long=off op_started=1 p0:teslaLegacy/allowed=0/fault=none/txBlk=712;p1:teslaLegacy/allowed=0/fault=none/txBlk=712
STATE/PANDA t=140.450s v=0.0mph gear=park gas=0 brake=0 cruiseEn=0 cruiseAvail=1 long=off op_started=1 p0:teslaLegacy/allowed=0/fault=none/txBlk=713;p1:teslaLegacy/allowed=0/fault=none/txBlk=713
STATE/PANDA t=140.556s v=0.0mph gear=park gas=0 brake=0 cruiseEn=0 cruiseAvail=1 long=off op_started=1 p0:teslaLegacy/allowed=0/fault=none/txBlk=714;p1:teslaLegacy/allowed=0/fault=none/txBlk=714
STATE/PANDA t=140.650s v=0.0mph gear=park gas=0 brake=0 cruiseEn=0 cruiseAvail=1 long=off op_started=1 p0:teslaLegacy/allowed=0/fault=none/txBlk=715;p1:teslaLegacy/allowed=0/fault=none/txBlk=715
STATE/PANDA t=140.760s v=0.0mph gear=park gas=0 brake=0 cruiseEn=0 cruiseAvail=1 long=off op_started=1 p0:teslaLegacy/allowed=0/fault=none/txBlk=716;p1:teslaLegacy/allowed=0/fault=none/txBlk=716
STATE/PANDA t=140.855s v=0.0mph gear=park gas=0 brake=0 cruiseEn=0 cruiseAvail=1 long=off op_started=1 p0:teslaLegacy/allowed=0/fault=none/txBlk=717;p1:teslaLegacy/allowed=0/fault=none/txBlk=717
STATE/PANDA t=140.954s v=0.0mph gear=park gas=0 brake=0 cruiseEn=0 cruiseAvail=1 long=off op_started=1 p0:teslaLegacy/allowed=0/fault=none/txBlk=718;p1:teslaLegacy/allowed=0/fault=none/txBlk=718
STATE/PANDA t=141.051s v=0.0mph gear=park gas=0 brake=0 cruiseEn=0 cruiseAvail=1 long=off op_started=1 p0:teslaLegacy/allowed=0/fault=none/txBlk=719;p1:teslaLegacy/allowed=0/fault=none/txBlk=719
STATE/PANDA t=141.151s v=0.0mph gear=park gas=0 brake=0 cruiseEn=0 cruiseAvail=1 long=off op_started=1 p0:teslaLegacy/allowed=0/fault=none/txBlk=720;p1:teslaLegacy/allowed=0/fault=none/txBlk=720
STATE/PANDA t=141.256s v=0.0mph gear=park gas=0 brake=0 cruiseEn=0 cruiseAvail=1 long=off op_started=1 p0:teslaLegacy/allowed=0/fault=none/txBlk=721;p1:teslaLegacy/allowed=0/fault=none/txBlk=721
STATE/PANDA t=141.355s v=0.0mph gear=park gas=0 brake=0 cruiseEn=0 cruiseAvail=1 long=off op_started=1 p0:teslaLegacy/allowed=0/fault=none/txBlk=722;p1:teslaLegacy/allowed=0/fault=none/txBlk=722
STATE/PANDA t=141.449s v=0.0mph gear=park gas=0 brake=0 cruiseEn=0 cruiseAvail=1 long=off op_started=1 p0:teslaLegacy/allowed=0/fault=none/txBlk=723;p1:teslaLegacy/allowed=0/fault=none/txBlk=723
STATE/PANDA t=141.551s v=0.0mph gear=park gas=0 brake=0 cruiseEn=0 cruiseAvail=1 long=off op_started=1 p0:teslaLegacy/allowed=0/fault=none/txBlk=724;p1:teslaLegacy/allowed=0/fault=none/txBlk=724
STATE/PANDA t=141.659s v=0.0mph gear=park gas=0 brake=0 cruiseEn=0 cruiseAvail=1 long=off op_started=1 p0:teslaLegacy/allowed=0/fault=none/txBlk=725;p1:teslaLegacy/allowed=0/fault=none/txBlk=725
STATE/PANDA t=141.761s v=0.0mph gear=park gas=0 brake=0 cruiseEn=0 cruiseAvail=1 long=off op_started=1 p0:teslaLegacy/allowed=0/fault=none/txBlk=726;p1:teslaLegacy/allowed=0/fault=none/txBlk=726
STATE/PANDA t=141.856s v=0.0mph gear=park gas=0 brake=0 cruiseEn=0 cruiseAvail=1 long=off op_started=1 p0:teslaLegacy/allowed=0/fault=none/txBlk=727;p1:teslaLegacy/allowed=0/fault=none/txBlk=727
STATE/PANDA t=141.951s v=0.0mph gear=park gas=0 brake=0 cruiseEn=0 cruiseAvail=1 long=off op_started=1 p0:teslaLegacy/allowed=0/fault=none/txBlk=728;p1:teslaLegacy/allowed=0/fault=none/txBlk=728
STATE/PANDA t=142.051s v=0.0mph gear=park gas=0 brake=0 cruiseEn=0 cruiseAvail=1 long=off op_started=1 p0:teslaLegacy/allowed=0/fault=none/txBlk=729;p1:teslaLegacy/allowed=0/fault=none/txBlk=729
STATE/PANDA t=142.171s v=0.0mph gear=park gas=0 brake=0 cruiseEn=0 cruiseAvail=1 long=off op_started=1 p0:teslaLegacy/allowed=0/fault=none/txBlk=730;p1:teslaLegacy/allowed=0/fault=none/txBlk=730
STATE/PANDA t=142.263s v=0.0mph gear=park gas=0 brake=0 cruiseEn=0 cruiseAvail=1 long=off op_started=1 p0:teslaLegacy/allowed=0/fault=none/txBlk=731;p1:teslaLegacy/allowed=0/fault=none/txBlk=731
STATE/PANDA t=142.353s v=0.0mph gear=park gas=0 brake=0 cruiseEn=0 cruiseAvail=1 long=off op_started=1 p0:teslaLegacy/allowed=0/fault=none/txBlk=732;p1:teslaLegacy/allowed=0/fault=none/txBlk=732
STATE/PANDA t=142.462s v=0.0mph gear=park gas=0 brake=0 cruiseEn=0 cruiseAvail=1 long=off op_started=1 p0:teslaLegacy/allowed=0/fault=none/txBlk=733;p1:teslaLegacy/allowed=0/fault=none/txBlk=733
STATE/PANDA t=142.573s v=0.0mph gear=park gas=0 brake=0 cruiseEn=0 cruiseAvail=1 long=off op_started=1 p0:teslaLegacy/allowed=0/fault=none/txBlk=734;p1:teslaLegacy/allowed=0/fault=none/txBlk=734
STATE/PANDA t=142.654s v=0.0mph gear=park gas=0 brake=0 cruiseEn=0 cruiseAvail=1 long=off op_started=1 p0:teslaLegacy/allowed=0/fault=none/txBlk=735;p1:teslaLegacy/allowed=0/fault=none/txBlk=735
STATE/PANDA t=142.752s v=0.0mph gear=park gas=0 brake=0 cruiseEn=0 cruiseAvail=1 long=off op_started=1 p0:teslaLegacy/allowed=0/fault=none/txBlk=736;p1:teslaLegacy/allowed=0/fault=none/txBlk=736
STATE/PANDA t=142.877s v=0.0mph gear=park gas=0 brake=0 cruiseEn=0 cruiseAvail=1 long=off op_started=1 p0:teslaLegacy/allowed=0/fault=none/txBlk=737;p1:teslaLegacy/allowed=0/fault=none/txBlk=737
STATE/PANDA t=142.971s v=0.0mph gear=park gas=0 brake=0 cruiseEn=0 cruiseAvail=1 long=off op_started=1 p0:teslaLegacy/allowed=0/fault=none/txBlk=738;p1:teslaLegacy/allowed=0/fault=none/txBlk=738
STATE/PANDA t=143.073s v=0.0mph gear=park gas=0 brake=0 cruiseEn=0 cruiseAvail=1 long=off op_started=1 p0:teslaLegacy/allowed=0/fault=none/txBlk=739;p1:teslaLegacy/allowed=0/fault=none/txBlk=739
STATE/PANDA t=143.151s v=0.0mph gear=park gas=0 brake=0 cruiseEn=0 cruiseAvail=1 long=off op_started=1 p0:teslaLegacy/allowed=0/fault=none/txBlk=740;p1:teslaLegacy/allowed=0/fault=none/txBlk=740
STATE/PANDA t=143.261s v=0.0mph gear=park gas=0 brake=0 cruiseEn=0 cruiseAvail=1 long=off op_started=1 p0:teslaLegacy/allowed=0/fault=none/txBlk=741;p1:teslaLegacy/allowed=0/fault=none/txBlk=741
STATE/PANDA t=143.358s v=0.0mph gear=park gas=0 brake=0 cruiseEn=0 cruiseAvail=1 long=off op_started=1 p0:teslaLegacy/allowed=0/fault=none/txBlk=742;p1:teslaLegacy/allowed=0/fault=none/txBlk=742
STATE/PANDA t=143.456s v=0.0mph gear=park gas=0 brake=0 cruiseEn=0 cruiseAvail=1 long=off op_started=1 p0:teslaLegacy/allowed=0/fault=none/txBlk=743;p1:teslaLegacy/allowed=0/fault=none/txBlk=743
STATE/PANDA t=143.553s v=0.0mph gear=park gas=0 brake=0 cruiseEn=0 cruiseAvail=1 long=off op_started=1 p0:teslaLegacy/allowed=0/fault=none/txBlk=744;p1:teslaLegacy/allowed=0/fault=none/txBlk=744
STATE/PANDA t=143.655s v=0.0mph gear=park gas=0 brake=0 cruiseEn=0 cruiseAvail=1 long=off op_started=1 p0:teslaLegacy/allowed=0/fault=none/txBlk=745;p1:teslaLegacy/allowed=0/fault=none/txBlk=745
STATE/PANDA t=143.755s v=0.0mph gear=park gas=0 brake=0 cruiseEn=0 cruiseAvail=1 long=off op_started=1 p0:teslaLegacy/allowed=0/fault=none/txBlk=746;p1:teslaLegacy/allowed=0/fault=none/txBlk=746
STATE/PANDA t=143.873s v=0.0mph gear=park gas=0 brake=0 cruiseEn=0 cruiseAvail=1 long=off op_started=1 p0:teslaLegacy/allowed=0/fault=none/txBlk=747;p1:teslaLegacy/allowed=0/fault=none/txBlk=747
STATE/PANDA t=143.959s v=0.0mph gear=park gas=0 brake=0 cruiseEn=0 cruiseAvail=1 long=off op_started=1 p0:teslaLegacy/allowed=0/fault=none/txBlk=748;p1:teslaLegacy/allowed=0/fault=none/txBlk=748
STATE/PANDA t=144.051s v=0.0mph gear=park gas=0 brake=0 cruiseEn=0 cruiseAvail=1 long=off op_started=1 p0:teslaLegacy/allowed=0/fault=none/txBlk=749;p1:teslaLegacy/allowed=0/fault=none/txBlk=749
STATE/PANDA t=144.153s v=0.0mph gear=park gas=0 brake=0 cruiseEn=0 cruiseAvail=1 long=off op_started=1 p0:teslaLegacy/allowed=0/fault=none/txBlk=750;p1:teslaLegacy/allowed=0/fault=none/txBlk=750
STATE/PANDA t=144.255s v=0.0mph gear=park gas=0 brake=0 cruiseEn=0 cruiseAvail=1 long=off op_started=1 p0:teslaLegacy/allowed=0/fault=none/txBlk=751;p1:teslaLegacy/allowed=0/fault=none/txBlk=751
STATE/PANDA t=144.350s v=0.0mph gear=park gas=0 brake=0 cruiseEn=0 cruiseAvail=1 long=off op_started=1 p0:teslaLegacy/allowed=0/fault=none/txBlk=752;p1:teslaLegacy/allowed=0/fault=none/txBlk=752
STATE/PANDA t=144.458s v=0.0mph gear=park gas=0 brake=0 cruiseEn=0 cruiseAvail=1 long=off op_started=1 p0:teslaLegacy/allowed=0/fault=none/txBlk=753;p1:teslaLegacy/allowed=0/fault=none/txBlk=753
STATE/PANDA t=144.562s v=0.0mph gear=park gas=0 brake=0 cruiseEn=0 cruiseAvail=1 long=off op_started=1 p0:teslaLegacy/allowed=0/fault=none/txBlk=754;p1:teslaLegacy/allowed=0/fault=none/txBlk=754
STATE/PANDA t=144.652s v=0.0mph gear=park gas=0 brake=0 cruiseEn=0 cruiseAvail=1 long=off op_started=1 p0:teslaLegacy/allowed=0/fault=none/txBlk=755;p1:teslaLegacy/allowed=0/fault=none/txBlk=755
STATE/PANDA t=144.760s v=0.0mph gear=park gas=0 brake=0 cruiseEn=0 cruiseAvail=1 long=off op_started=1 p0:teslaLegacy/allowed=0/fault=none/txBlk=756;p1:teslaLegacy/allowed=0/fault=none/txBlk=756
STATE/PANDA t=144.859s v=0.0mph gear=park gas=0 brake=0 cruiseEn=0 cruiseAvail=1 long=off op_started=1 p0:teslaLegacy/allowed=0/fault=none/txBlk=757;p1:teslaLegacy/allowed=0/fault=none/txBlk=757
STATE/PANDA t=144.957s v=0.0mph gear=park gas=0 brake=0 cruiseEn=0 cruiseAvail=1 long=off op_started=1 p0:teslaLegacy/allowed=0/fault=none/txBlk=758;p1:teslaLegacy/allowed=0/fault=none/txBlk=758
STATE/PANDA t=145.056s v=0.0mph gear=park gas=0 brake=0 cruiseEn=0 cruiseAvail=1 long=off op_started=1 p0:teslaLegacy/allowed=0/fault=none/txBlk=759;p1:teslaLegacy/allowed=0/fault=none/txBlk=759
STATE/PANDA t=145.160s v=0.0mph gear=park gas=0 brake=0 cruiseEn=0 cruiseAvail=1 long=off op_started=1 p0:teslaLegacy/allowed=0/fault=none/txBlk=760;p1:teslaLegacy/allowed=0/fault=none/txBlk=760
STATE/PANDA t=145.256s v=0.0mph gear=park gas=0 brake=0 cruiseEn=0 cruiseAvail=1 long=off op_started=1 p0:teslaLegacy/allowed=0/fault=none/txBlk=761;p1:teslaLegacy/allowed=0/fault=none/txBlk=761
STATE/PANDA t=145.351s v=0.0mph gear=park gas=0 brake=0 cruiseEn=0 cruiseAvail=1 long=off op_started=1 p0:teslaLegacy/allowed=0/fault=none/txBlk=762;p1:teslaLegacy/allowed=0/fault=none/txBlk=762
STATE/PANDA t=145.456s v=0.0mph gear=park gas=0 brake=0 cruiseEn=0 cruiseAvail=1 long=off op_started=1 p0:teslaLegacy/allowed=0/fault=none/txBlk=763;p1:teslaLegacy/allowed=0/fault=none/txBlk=763
STATE/PANDA t=145.549s v=0.0mph gear=park gas=0 brake=0 cruiseEn=0 cruiseAvail=1 long=off op_started=1 p0:teslaLegacy/allowed=0/fault=none/txBlk=764;p1:teslaLegacy/allowed=0/fault=none/txBlk=764
STATE/PANDA t=145.657s v=0.0mph gear=park gas=0 brake=0 cruiseEn=0 cruiseAvail=1 long=off op_started=1 p0:teslaLegacy/allowed=0/fault=none/txBlk=765;p1:teslaLegacy/allowed=0/fault=none/txBlk=765
STATE/PANDA t=145.752s v=0.0mph gear=park gas=0 brake=0 cruiseEn=0 cruiseAvail=1 long=off op_started=1 p0:teslaLegacy/allowed=0/fault=none/txBlk=766;p1:teslaLegacy/allowed=0/fault=none/txBlk=766
STATE/PANDA t=145.857s v=0.0mph gear=park gas=0 brake=0 cruiseEn=0 cruiseAvail=1 long=off op_started=1 p0:teslaLegacy/allowed=0/fault=none/txBlk=767;p1:teslaLegacy/allowed=0/fault=none/txBlk=767
STATE/PANDA t=145.955s v=0.0mph gear=park gas=0 brake=0 cruiseEn=0 cruiseAvail=1 long=off op_started=1 p0:teslaLegacy/allowed=0/fault=none/txBlk=768;p1:teslaLegacy/allowed=0/fault=none/txBlk=768
STATE/PANDA t=146.055s v=0.0mph gear=park gas=0 brake=0 cruiseEn=0 cruiseAvail=1 long=off op_started=1 p0:teslaLegacy/allowed=0/fault=none/txBlk=769;p1:teslaLegacy/allowed=0/fault=none/txBlk=769
STATE/PANDA t=146.154s v=0.0mph gear=park gas=0 brake=0 cruiseEn=0 cruiseAvail=1 long=off op_started=1 p0:teslaLegacy/allowed=0/fault=none/txBlk=770;p1:teslaLegacy/allowed=0/fault=none/txBlk=770
STATE/PANDA t=146.256s v=0.0mph gear=park gas=0 brake=0 cruiseEn=0 cruiseAvail=1 long=off op_started=1 p0:teslaLegacy/allowed=0/fault=none/txBlk=771;p1:teslaLegacy/allowed=0/fault=none/txBlk=771
STATE/PANDA t=146.352s v=0.0mph gear=park gas=0 brake=0 cruiseEn=0 cruiseAvail=1 long=off op_started=1 p0:teslaLegacy/allowed=0/fault=none/txBlk=772;p1:teslaLegacy/allowed=0/fault=none/txBlk=772
STATE/PANDA t=146.453s v=0.0mph gear=park gas=0 brake=0 cruiseEn=0 cruiseAvail=1 long=off op_started=1 p0:teslaLegacy/allowed=0/fault=none/txBlk=773;p1:teslaLegacy/allowed=0/fault=none/txBlk=773
STATE/PANDA t=146.550s v=0.0mph gear=park gas=0 brake=0 cruiseEn=0 cruiseAvail=1 long=off op_started=1 p0:teslaLegacy/allowed=0/fault=none/txBlk=774;p1:teslaLegacy/allowed=0/fault=none/txBlk=774
STATE/PANDA t=146.662s v=0.0mph gear=park gas=0 brake=0 cruiseEn=0 cruiseAvail=1 long=off op_started=1 p0:teslaLegacy/allowed=0/fault=none/txBlk=775;p1:teslaLegacy/allowed=0/fault=none/txBlk=775
STATE/PANDA t=146.757s v=0.0mph gear=park gas=0 brake=0 cruiseEn=0 cruiseAvail=1 long=off op_started=1 p0:teslaLegacy/allowed=0/fault=none/txBlk=776;p1:teslaLegacy/allowed=0/fault=none/txBlk=776
STATE/PANDA t=146.849s v=0.0mph gear=park gas=0 brake=0 cruiseEn=0 cruiseAvail=1 long=off op_started=1 p0:teslaLegacy/allowed=0/fault=none/txBlk=777;p1:teslaLegacy/allowed=0/fault=none/txBlk=777
STATE/PANDA t=146.953s v=0.0mph gear=park gas=0 brake=0 cruiseEn=0 cruiseAvail=1 long=off op_started=1 p0:teslaLegacy/allowed=0/fault=none/txBlk=778;p1:teslaLegacy/allowed=0/fault=none/txBlk=778
STATE/PANDA t=147.056s v=0.0mph gear=park gas=0 brake=0 cruiseEn=0 cruiseAvail=1 long=off op_started=1 p0:teslaLegacy/allowed=0/fault=none/txBlk=779;p1:teslaLegacy/allowed=0/fault=none/txBlk=779
STATE/PANDA t=147.158s v=0.0mph gear=park gas=0 brake=0 cruiseEn=0 cruiseAvail=1 long=off op_started=1 p0:teslaLegacy/allowed=0/fault=none/txBlk=780;p1:teslaLegacy/allowed=0/fault=none/txBlk=780
STATE/PANDA t=147.263s v=0.0mph gear=park gas=0 brake=0 cruiseEn=0 cruiseAvail=1 long=off op_started=1 p0:teslaLegacy/allowed=0/fault=none/txBlk=781;p1:teslaLegacy/allowed=0/fault=none/txBlk=781
STATE/PANDA t=147.352s v=0.0mph gear=park gas=0 brake=0 cruiseEn=0 cruiseAvail=1 long=off op_started=1 p0:teslaLegacy/allowed=0/fault=none/txBlk=782;p1:teslaLegacy/allowed=0/fault=none/txBlk=782
STATE/PANDA t=147.453s v=0.0mph gear=park gas=0 brake=0 cruiseEn=0 cruiseAvail=1 long=off op_started=1 p0:teslaLegacy/allowed=0/fault=none/txBlk=783;p1:teslaLegacy/allowed=0/fault=none/txBlk=783
STATE/PANDA t=147.559s v=0.0mph gear=park gas=0 brake=0 cruiseEn=0 cruiseAvail=1 long=off op_started=1 p0:teslaLegacy/allowed=0/fault=none/txBlk=784;p1:teslaLegacy/allowed=0/fault=none/txBlk=784
STATE/PANDA t=147.662s v=0.0mph gear=park gas=0 brake=0 cruiseEn=0 cruiseAvail=1 long=off op_started=1 p0:teslaLegacy/allowed=0/fault=none/txBlk=785;p1:teslaLegacy/allowed=0/fault=none/txBlk=785
STATE/PANDA t=147.758s v=0.0mph gear=park gas=0 brake=0 cruiseEn=0 cruiseAvail=1 long=off op_started=1 p0:teslaLegacy/allowed=0/fault=none/txBlk=786;p1:teslaLegacy/allowed=0/fault=none/txBlk=786
STATE/PANDA t=147.851s v=0.0mph gear=park gas=0 brake=0 cruiseEn=0 cruiseAvail=1 long=off op_started=1 p0:teslaLegacy/allowed=0/fault=none/txBlk=787;p1:teslaLegacy/allowed=0/fault=none/txBlk=787
STATE/PANDA t=147.952s v=0.0mph gear=park gas=0 brake=0 cruiseEn=0 cruiseAvail=1 long=off op_started=1 p0:teslaLegacy/allowed=0/fault=none/txBlk=788;p1:teslaLegacy/allowed=0/fault=none/txBlk=788
STATE/PANDA t=148.054s v=0.0mph gear=park gas=0 brake=0 cruiseEn=0 cruiseAvail=1 long=off op_started=1 p0:teslaLegacy/allowed=0/fault=none/txBlk=789;p1:teslaLegacy/allowed=0/fault=none/txBlk=789
STATE/PANDA t=148.151s v=0.0mph gear=park gas=0 brake=0 cruiseEn=0 cruiseAvail=1 long=off op_started=1 p0:teslaLegacy/allowed=0/fault=none/txBlk=790;p1:teslaLegacy/allowed=0/fault=none/txBlk=790
STATE/PANDA t=148.251s v=0.0mph gear=park gas=0 brake=0 cruiseEn=0 cruiseAvail=1 long=off op_started=1 p0:teslaLegacy/allowed=0/fault=none/txBlk=791;p1:teslaLegacy/allowed=0/fault=none/txBlk=791
STATE/PANDA t=148.349s v=0.0mph gear=park gas=0 brake=0 cruiseEn=0 cruiseAvail=1 long=off op_started=1 p0:teslaLegacy/allowed=0/fault=none/txBlk=792;p1:teslaLegacy/allowed=0/fault=none/txBlk=792
STATE/PANDA t=148.456s v=0.0mph gear=park gas=0 brake=0 cruiseEn=0 cruiseAvail=1 long=off op_started=1 p0:teslaLegacy/allowed=0/fault=none/txBlk=793;p1:teslaLegacy/allowed=0/fault=none/txBlk=793
STATE/PANDA t=148.554s v=0.0mph gear=park gas=0 brake=0 cruiseEn=0 cruiseAvail=1 long=off op_started=1 p0:teslaLegacy/allowed=0/fault=none/txBlk=794;p1:teslaLegacy/allowed=0/fault=none/txBlk=794
STATE/PANDA t=148.654s v=0.0mph gear=park gas=0 brake=0 cruiseEn=0 cruiseAvail=1 long=off op_started=1 p0:teslaLegacy/allowed=0/fault=none/txBlk=795;p1:teslaLegacy/allowed=0/fault=none/txBlk=795
STATE/PANDA t=148.753s v=0.0mph gear=park gas=0 brake=0 cruiseEn=0 cruiseAvail=1 long=off op_started=1 p0:teslaLegacy/allowed=0/fault=none/txBlk=796;p1:teslaLegacy/allowed=0/fault=none/txBlk=796
STATE/PANDA t=148.857s v=0.0mph gear=park gas=0 brake=0 cruiseEn=0 cruiseAvail=1 long=off op_started=1 p0:teslaLegacy/allowed=0/fault=none/txBlk=797;p1:teslaLegacy/allowed=0/fault=none/txBlk=797
STATE/PANDA t=148.950s v=0.0mph gear=park gas=0 brake=0 cruiseEn=0 cruiseAvail=1 long=off op_started=1 p0:teslaLegacy/allowed=0/fault=none/txBlk=798;p1:teslaLegacy/allowed=0/fault=none/txBlk=798
STATE/PANDA t=149.058s v=0.0mph gear=park gas=0 brake=0 cruiseEn=0 cruiseAvail=1 long=off op_started=1 p0:teslaLegacy/allowed=0/fault=none/txBlk=799;p1:teslaLegacy/allowed=0/fault=none/txBlk=799
STATE/PANDA t=149.154s v=0.0mph gear=park gas=0 brake=0 cruiseEn=0 cruiseAvail=1 long=off op_started=1 p0:teslaLegacy/allowed=0/fault=none/txBlk=800;p1:teslaLegacy/allowed=0/fault=none/txBlk=800
STATE/PANDA t=149.255s v=0.0mph gear=park gas=0 brake=0 cruiseEn=0 cruiseAvail=1 long=off op_started=1 p0:teslaLegacy/allowed=0/fault=none/txBlk=801;p1:teslaLegacy/allowed=0/fault=none/txBlk=801
STATE/PANDA t=149.359s v=0.0mph gear=park gas=0 brake=0 cruiseEn=0 cruiseAvail=1 long=off op_started=1 p0:teslaLegacy/allowed=0/fault=none/txBlk=802;p1:teslaLegacy/allowed=0/fault=none/txBlk=802
STATE/PANDA t=149.458s v=0.0mph gear=park gas=0 brake=0 cruiseEn=0 cruiseAvail=1 long=off op_started=1 p0:teslaLegacy/allowed=0/fault=none/txBlk=803;p1:teslaLegacy/allowed=0/fault=none/txBlk=803
STATE/PANDA t=149.553s v=0.0mph gear=park gas=0 brake=0 cruiseEn=0 cruiseAvail=1 long=off op_started=1 p0:teslaLegacy/allowed=0/fault=none/txBlk=804;p1:teslaLegacy/allowed=0/fault=none/txBlk=804
STATE/PANDA t=149.654s v=0.0mph gear=park gas=0 brake=0 cruiseEn=0 cruiseAvail=1 long=off op_started=1 p0:teslaLegacy/allowed=0/fault=none/txBlk=805;p1:teslaLegacy/allowed=0/fault=none/txBlk=805
STATE/PANDA t=149.753s v=0.0mph gear=park gas=0 brake=0 cruiseEn=0 cruiseAvail=1 long=off op_started=1 p0:teslaLegacy/allowed=0/fault=none/txBlk=806;p1:teslaLegacy/allowed=0/fault=none/txBlk=806
STATE/PANDA t=149.852s v=0.0mph gear=park gas=0 brake=0 cruiseEn=0 cruiseAvail=1 long=off op_started=1 p0:teslaLegacy/allowed=0/fault=none/txBlk=807;p1:teslaLegacy/allowed=0/fault=none/txBlk=807
STATE/PANDA t=149.952s v=0.0mph gear=park gas=0 brake=0 cruiseEn=0 cruiseAvail=1 long=off op_started=1 p0:teslaLegacy/allowed=0/fault=none/txBlk=808;p1:teslaLegacy/allowed=0/fault=none/txBlk=808
STATE/PANDA t=150.052s v=0.0mph gear=park gas=0 brake=0 cruiseEn=0 cruiseAvail=1 long=off op_started=1 p0:teslaLegacy/allowed=0/fault=none/txBlk=809;p1:teslaLegacy/allowed=0/fault=none/txBlk=809
STATE/PANDA t=150.150s v=0.0mph gear=park gas=0 brake=0 cruiseEn=0 cruiseAvail=1 long=off op_started=1 p0:teslaLegacy/allowed=0/fault=none/txBlk=810;p1:teslaLegacy/allowed=0/fault=none/txBlk=810
STATE/PANDA t=150.251s v=0.0mph gear=park gas=0 brake=0 cruiseEn=0 cruiseAvail=1 long=off op_started=1 p0:teslaLegacy/allowed=0/fault=none/txBlk=811;p1:teslaLegacy/allowed=0/fault=none/txBlk=811
STATE/PANDA t=150.352s v=0.0mph gear=park gas=0 brake=0 cruiseEn=0 cruiseAvail=1 long=off op_started=1 p0:teslaLegacy/allowed=0/fault=none/txBlk=812;p1:teslaLegacy/allowed=0/fault=none/txBlk=812
STATE/PANDA t=150.452s v=0.0mph gear=park gas=0 brake=0 cruiseEn=0 cruiseAvail=1 long=off op_started=1 p0:teslaLegacy/allowed=0/fault=none/txBlk=813;p1:teslaLegacy/allowed=0/fault=none/txBlk=813
STATE/PANDA t=150.555s v=0.0mph gear=park gas=0 brake=0 cruiseEn=0 cruiseAvail=1 long=off op_started=1 p0:teslaLegacy/allowed=0/fault=none/txBlk=814;p1:teslaLegacy/allowed=0/fault=none/txBlk=814
STATE/PANDA t=150.661s v=0.0mph gear=park gas=0 brake=0 cruiseEn=0 cruiseAvail=1 long=off op_started=1 p0:teslaLegacy/allowed=0/fault=none/txBlk=815;p1:teslaLegacy/allowed=0/fault=none/txBlk=815
STATE/PANDA t=150.756s v=0.0mph gear=park gas=0 brake=0 cruiseEn=0 cruiseAvail=1 long=off op_started=1 p0:teslaLegacy/allowed=0/fault=none/txBlk=816;p1:teslaLegacy/allowed=0/fault=none/txBlk=816
STATE/PANDA t=150.859s v=0.0mph gear=park gas=0 brake=0 cruiseEn=0 cruiseAvail=1 long=off op_started=1 p0:teslaLegacy/allowed=0/fault=none/txBlk=817;p1:teslaLegacy/allowed=0/fault=none/txBlk=817
STATE/PANDA t=150.953s v=0.0mph gear=park gas=0 brake=0 cruiseEn=0 cruiseAvail=1 long=off op_started=1 p0:teslaLegacy/allowed=0/fault=none/txBlk=818;p1:teslaLegacy/allowed=0/fault=none/txBlk=818
STATE/PANDA t=151.052s v=0.0mph gear=park gas=0 brake=0 cruiseEn=0 cruiseAvail=1 long=off op_started=1 p0:teslaLegacy/allowed=0/fault=none/txBlk=819;p1:teslaLegacy/allowed=0/fault=none/txBlk=819
STATE/PANDA t=151.152s v=0.0mph gear=park gas=0 brake=0 cruiseEn=0 cruiseAvail=1 long=off op_started=1 p0:teslaLegacy/allowed=0/fault=none/txBlk=820;p1:teslaLegacy/allowed=0/fault=none/txBlk=820
STATE/PANDA t=151.251s v=0.0mph gear=park gas=0 brake=0 cruiseEn=0 cruiseAvail=1 long=off op_started=1 p0:teslaLegacy/allowed=0/fault=none/txBlk=821;p1:teslaLegacy/allowed=0/fault=none/txBlk=821
STATE/PANDA t=151.355s v=0.0mph gear=park gas=0 brake=0 cruiseEn=0 cruiseAvail=1 long=off op_started=1 p0:teslaLegacy/allowed=0/fault=none/txBlk=822;p1:teslaLegacy/allowed=0/fault=none/txBlk=822
STATE/PANDA t=151.453s v=0.0mph gear=park gas=0 brake=0 cruiseEn=0 cruiseAvail=1 long=off op_started=1 p0:teslaLegacy/allowed=0/fault=none/txBlk=823;p1:teslaLegacy/allowed=0/fault=none/txBlk=823
STATE/PANDA t=151.561s v=0.0mph gear=park gas=0 brake=0 cruiseEn=0 cruiseAvail=1 long=off op_started=1 p0:teslaLegacy/allowed=0/fault=none/txBlk=824;p1:teslaLegacy/allowed=0/fault=none/txBlk=824
STATE/PANDA t=151.656s v=0.0mph gear=park gas=0 brake=0 cruiseEn=0 cruiseAvail=1 long=off op_started=1 p0:teslaLegacy/allowed=0/fault=none/txBlk=825;p1:teslaLegacy/allowed=0/fault=none/txBlk=825
STATE/PANDA t=151.762s v=0.0mph gear=park gas=0 brake=0 cruiseEn=0 cruiseAvail=1 long=off op_started=1 p0:teslaLegacy/allowed=0/fault=none/txBlk=826;p1:teslaLegacy/allowed=0/fault=none/txBlk=826
STATE/PANDA t=151.859s v=0.0mph gear=park gas=0 brake=0 cruiseEn=0 cruiseAvail=1 long=off op_started=1 p0:teslaLegacy/allowed=0/fault=none/txBlk=827;p1:teslaLegacy/allowed=0/fault=none/txBlk=827
STATE/PANDA t=151.961s v=0.0mph gear=park gas=0 brake=0 cruiseEn=0 cruiseAvail=1 long=off op_started=1 p0:teslaLegacy/allowed=0/fault=none/txBlk=828;p1:teslaLegacy/allowed=0/fault=none/txBlk=828
STATE/PANDA t=152.052s v=0.0mph gear=park gas=0 brake=0 cruiseEn=0 cruiseAvail=1 long=off op_started=1 p0:teslaLegacy/allowed=0/fault=none/txBlk=829;p1:teslaLegacy/allowed=0/fault=none/txBlk=829
STATE/PANDA t=152.152s v=0.0mph gear=park gas=0 brake=0 cruiseEn=0 cruiseAvail=1 long=off op_started=1 p0:teslaLegacy/allowed=0/fault=none/txBlk=830;p1:teslaLegacy/allowed=0/fault=none/txBlk=830
STATE/PANDA t=152.251s v=0.0mph gear=park gas=0 brake=0 cruiseEn=0 cruiseAvail=1 long=off op_started=1 p0:teslaLegacy/allowed=0/fault=none/txBlk=831;p1:teslaLegacy/allowed=0/fault=none/txBlk=831
STATE/PANDA t=152.353s v=0.0mph gear=park gas=0 brake=0 cruiseEn=0 cruiseAvail=1 long=off op_started=1 p0:teslaLegacy/allowed=0/fault=none/txBlk=832;p1:teslaLegacy/allowed=0/fault=none/txBlk=832
STATE/PANDA t=152.457s v=0.0mph gear=park gas=0 brake=0 cruiseEn=0 cruiseAvail=1 long=off op_started=1 p0:teslaLegacy/allowed=0/fault=none/txBlk=833;p1:teslaLegacy/allowed=0/fault=none/txBlk=833
STATE/PANDA t=152.551s v=0.0mph gear=park gas=0 brake=0 cruiseEn=0 cruiseAvail=1 long=off op_started=1 p0:teslaLegacy/allowed=0/fault=none/txBlk=834;p1:teslaLegacy/allowed=0/fault=none/txBlk=834
STATE/PANDA t=152.657s v=0.0mph gear=park gas=0 brake=0 cruiseEn=0 cruiseAvail=1 long=off op_started=1 p0:teslaLegacy/allowed=0/fault=none/txBlk=835;p1:teslaLegacy/allowed=0/fault=none/txBlk=835
STATE/PANDA t=152.752s v=0.0mph gear=park gas=0 brake=0 cruiseEn=0 cruiseAvail=1 long=off op_started=1 p0:teslaLegacy/allowed=0/fault=none/txBlk=836;p1:teslaLegacy/allowed=0/fault=none/txBlk=836
STATE/PANDA t=152.857s v=0.0mph gear=park gas=0 brake=0 cruiseEn=0 cruiseAvail=1 long=off op_started=1 p0:teslaLegacy/allowed=0/fault=none/txBlk=837;p1:teslaLegacy/allowed=0/fault=none/txBlk=837
STATE/PANDA t=152.951s v=0.0mph gear=park gas=0 brake=0 cruiseEn=0 cruiseAvail=1 long=off op_started=1 p0:teslaLegacy/allowed=0/fault=none/txBlk=838;p1:teslaLegacy/allowed=0/fault=none/txBlk=838
STATE/PANDA t=153.056s v=0.0mph gear=park gas=0 brake=0 cruiseEn=0 cruiseAvail=1 long=off op_started=1 p0:teslaLegacy/allowed=0/fault=none/txBlk=839;p1:teslaLegacy/allowed=0/fault=none/txBlk=839
STATE/PANDA t=153.162s v=0.0mph gear=park gas=0 brake=0 cruiseEn=0 cruiseAvail=1 long=off op_started=1 p0:teslaLegacy/allowed=0/fault=none/txBlk=840;p1:teslaLegacy/allowed=0/fault=none/txBlk=840
STATE/PANDA t=153.259s v=0.0mph gear=park gas=0 brake=0 cruiseEn=0 cruiseAvail=1 long=off op_started=1 p0:teslaLegacy/allowed=0/fault=none/txBlk=841;p1:teslaLegacy/allowed=0/fault=none/txBlk=841
STATE/PANDA t=153.359s v=0.0mph gear=park gas=0 brake=0 cruiseEn=0 cruiseAvail=1 long=off op_started=1 p0:teslaLegacy/allowed=0/fault=none/txBlk=842;p1:teslaLegacy/allowed=0/fault=none/txBlk=842
STATE/PANDA t=153.455s v=0.0mph gear=park gas=0 brake=0 cruiseEn=0 cruiseAvail=1 long=off op_started=1 p0:teslaLegacy/allowed=0/fault=none/txBlk=843;p1:teslaLegacy/allowed=0/fault=none/txBlk=843
STATE/PANDA t=153.555s v=0.0mph gear=park gas=0 brake=0 cruiseEn=0 cruiseAvail=1 long=off op_started=1 p0:teslaLegacy/allowed=0/fault=none/txBlk=844;p1:teslaLegacy/allowed=0/fault=none/txBlk=844
STATE/PANDA t=153.660s v=0.0mph gear=park gas=0 brake=0 cruiseEn=0 cruiseAvail=1 long=off op_started=1 p0:teslaLegacy/allowed=0/fault=none/txBlk=845;p1:teslaLegacy/allowed=0/fault=none/txBlk=845
STATE/PANDA t=153.750s v=0.0mph gear=park gas=0 brake=0 cruiseEn=0 cruiseAvail=1 long=off op_started=1 p0:teslaLegacy/allowed=0/fault=none/txBlk=846;p1:teslaLegacy/allowed=0/fault=none/txBlk=846
STATE/PANDA t=153.853s v=0.0mph gear=park gas=0 brake=0 cruiseEn=0 cruiseAvail=1 long=off op_started=1 p0:teslaLegacy/allowed=0/fault=none/txBlk=847;p1:teslaLegacy/allowed=0/fault=none/txBlk=847
STATE/PANDA t=153.953s v=0.0mph gear=park gas=0 brake=0 cruiseEn=0 cruiseAvail=1 long=off op_started=1 p0:teslaLegacy/allowed=0/fault=none/txBlk=848;p1:teslaLegacy/allowed=0/fault=none/txBlk=848
STATE/PANDA t=154.052s v=0.0mph gear=park gas=0 brake=0 cruiseEn=0 cruiseAvail=1 long=off op_started=1 p0:teslaLegacy/allowed=0/fault=none/txBlk=849;p1:teslaLegacy/allowed=0/fault=none/txBlk=849
STATE/PANDA t=154.153s v=0.0mph gear=park gas=0 brake=0 cruiseEn=0 cruiseAvail=1 long=off op_started=1 p0:teslaLegacy/allowed=0/fault=none/txBlk=850;p1:teslaLegacy/allowed=0/fault=none/txBlk=850
STATE/PANDA t=154.253s v=0.0mph gear=park gas=0 brake=0 cruiseEn=0 cruiseAvail=1 long=off op_started=1 p0:teslaLegacy/allowed=0/fault=none/txBlk=851;p1:teslaLegacy/allowed=0/fault=none/txBlk=851
STATE/PANDA t=154.357s v=0.0mph gear=park gas=0 brake=0 cruiseEn=0 cruiseAvail=1 long=off op_started=1 p0:teslaLegacy/allowed=0/fault=none/txBlk=852;p1:teslaLegacy/allowed=0/fault=none/txBlk=852
STATE/PANDA t=154.462s v=0.0mph gear=park gas=0 brake=0 cruiseEn=0 cruiseAvail=1 long=off op_started=1 p0:teslaLegacy/allowed=0/fault=none/txBlk=853;p1:teslaLegacy/allowed=0/fault=none/txBlk=853
STATE/PANDA t=154.554s v=0.0mph gear=park gas=0 brake=0 cruiseEn=0 cruiseAvail=1 long=off op_started=1 p0:teslaLegacy/allowed=0/fault=none/txBlk=854;p1:teslaLegacy/allowed=0/fault=none/txBlk=854
STATE/PANDA t=154.651s v=0.0mph gear=park gas=0 brake=0 cruiseEn=0 cruiseAvail=1 long=off op_started=1 p0:teslaLegacy/allowed=0/fault=none/txBlk=855;p1:teslaLegacy/allowed=0/fault=none/txBlk=855
STATE/PANDA t=154.754s v=0.0mph gear=park gas=0 brake=0 cruiseEn=0 cruiseAvail=1 long=off op_started=1 p0:teslaLegacy/allowed=0/fault=none/txBlk=856;p1:teslaLegacy/allowed=0/fault=none/txBlk=856
STATE/PANDA t=154.863s v=0.0mph gear=park gas=0 brake=0 cruiseEn=0 cruiseAvail=1 long=off op_started=1 p0:teslaLegacy/allowed=0/fault=none/txBlk=857;p1:teslaLegacy/allowed=0/fault=none/txBlk=857
STATE/PANDA t=154.958s v=0.0mph gear=park gas=0 brake=0 cruiseEn=0 cruiseAvail=1 long=off op_started=1 p0:teslaLegacy/allowed=0/fault=none/txBlk=858;p1:teslaLegacy/allowed=0/fault=none/txBlk=858
STATE/PANDA t=155.051s v=0.0mph gear=park gas=0 brake=0 cruiseEn=0 cruiseAvail=1 long=off op_started=1 p0:teslaLegacy/allowed=0/fault=none/txBlk=859;p1:teslaLegacy/allowed=0/fault=none/txBlk=859
STATE/PANDA t=155.158s v=0.0mph gear=park gas=0 brake=0 cruiseEn=0 cruiseAvail=1 long=off op_started=1 p0:teslaLegacy/allowed=0/fault=none/txBlk=860;p1:teslaLegacy/allowed=0/fault=none/txBlk=860
STATE/PANDA t=155.256s v=0.0mph gear=park gas=0 brake=0 cruiseEn=0 cruiseAvail=1 long=off op_started=1 p0:teslaLegacy/allowed=0/fault=none/txBlk=861;p1:teslaLegacy/allowed=0/fault=none/txBlk=861
STATE/PANDA t=155.354s v=0.0mph gear=park gas=0 brake=0 cruiseEn=0 cruiseAvail=1 long=off op_started=1 p0:teslaLegacy/allowed=0/fault=none/txBlk=862;p1:teslaLegacy/allowed=0/fault=none/txBlk=862
STATE/PANDA t=155.455s v=0.0mph gear=park gas=0 brake=0 cruiseEn=0 cruiseAvail=1 long=off op_started=1 p0:teslaLegacy/allowed=0/fault=none/txBlk=863;p1:teslaLegacy/allowed=0/fault=none/txBlk=863
STATE/PANDA t=155.559s v=0.0mph gear=park gas=0 brake=0 cruiseEn=0 cruiseAvail=1 long=off op_started=1 p0:teslaLegacy/allowed=0/fault=none/txBlk=864;p1:teslaLegacy/allowed=0/fault=none/txBlk=864
STATE/PANDA t=155.655s v=0.0mph gear=park gas=0 brake=0 cruiseEn=0 cruiseAvail=1 long=off op_started=1 p0:teslaLegacy/allowed=0/fault=none/txBlk=865;p1:teslaLegacy/allowed=0/fault=none/txBlk=865
STATE/PANDA t=155.755s v=0.0mph gear=park gas=0 brake=0 cruiseEn=0 cruiseAvail=1 long=off op_started=1 p0:teslaLegacy/allowed=0/fault=none/txBlk=866;p1:teslaLegacy/allowed=0/fault=none/txBlk=866
STATE/PANDA t=155.855s v=0.0mph gear=park gas=0 brake=0 cruiseEn=0 cruiseAvail=1 long=off op_started=1 p0:teslaLegacy/allowed=0/fault=none/txBlk=867;p1:teslaLegacy/allowed=0/fault=none/txBlk=867
STATE/PANDA t=155.953s v=0.0mph gear=park gas=0 brake=0 cruiseEn=0 cruiseAvail=1 long=off op_started=1 p0:teslaLegacy/allowed=0/fault=none/txBlk=868;p1:teslaLegacy/allowed=0/fault=none/txBlk=868
STATE/PANDA t=156.053s v=0.0mph gear=park gas=0 brake=0 cruiseEn=0 cruiseAvail=1 long=off op_started=1 p0:teslaLegacy/allowed=0/fault=none/txBlk=869;p1:teslaLegacy/allowed=0/fault=none/txBlk=869
STATE/PANDA t=156.153s v=0.0mph gear=park gas=0 brake=0 cruiseEn=0 cruiseAvail=1 long=off op_started=1 p0:teslaLegacy/allowed=0/fault=none/txBlk=870;p1:teslaLegacy/allowed=0/fault=none/txBlk=870
STATE/PANDA t=156.261s v=0.0mph gear=park gas=0 brake=0 cruiseEn=0 cruiseAvail=1 long=off op_started=1 p0:teslaLegacy/allowed=0/fault=none/txBlk=871;p1:teslaLegacy/allowed=0/fault=none/txBlk=871
STATE/PANDA t=156.355s v=0.0mph gear=park gas=0 brake=0 cruiseEn=0 cruiseAvail=1 long=off op_started=1 p0:teslaLegacy/allowed=0/fault=none/txBlk=872;p1:teslaLegacy/allowed=0/fault=none/txBlk=872
STATE/PANDA t=156.455s v=0.0mph gear=park gas=0 brake=0 cruiseEn=0 cruiseAvail=1 long=off op_started=1 p0:teslaLegacy/allowed=0/fault=none/txBlk=873;p1:teslaLegacy/allowed=0/fault=none/txBlk=873
STATE/PANDA t=156.565s v=0.0mph gear=park gas=0 brake=0 cruiseEn=0 cruiseAvail=1 long=off op_started=1 p0:teslaLegacy/allowed=0/fault=none/txBlk=874;p1:teslaLegacy/allowed=0/fault=none/txBlk=874
STATE/PANDA t=156.652s v=0.0mph gear=park gas=0 brake=0 cruiseEn=0 cruiseAvail=1 long=off op_started=1 p0:teslaLegacy/allowed=0/fault=none/txBlk=875;p1:teslaLegacy/allowed=0/fault=none/txBlk=875
STATE/PANDA t=156.756s v=0.0mph gear=park gas=0 brake=0 cruiseEn=0 cruiseAvail=1 long=off op_started=1 p0:teslaLegacy/allowed=0/fault=none/txBlk=876;p1:teslaLegacy/allowed=0/fault=none/txBlk=876
STATE/PANDA t=156.854s v=0.0mph gear=park gas=0 brake=0 cruiseEn=0 cruiseAvail=1 long=off op_started=1 p0:teslaLegacy/allowed=0/fault=none/txBlk=877;p1:teslaLegacy/allowed=0/fault=none/txBlk=877
STATE/PANDA t=156.959s v=0.0mph gear=park gas=0 brake=0 cruiseEn=0 cruiseAvail=1 long=off op_started=1 p0:teslaLegacy/allowed=0/fault=none/txBlk=878;p1:teslaLegacy/allowed=0/fault=none/txBlk=878
STATE/PANDA t=157.059s v=0.0mph gear=park gas=0 brake=0 cruiseEn=0 cruiseAvail=1 long=off op_started=1 p0:teslaLegacy/allowed=0/fault=none/txBlk=879;p1:teslaLegacy/allowed=0/fault=none/txBlk=879
STATE/PANDA t=157.158s v=0.0mph gear=park gas=0 brake=0 cruiseEn=0 cruiseAvail=1 long=off op_started=1 p0:teslaLegacy/allowed=0/fault=none/txBlk=880;p1:teslaLegacy/allowed=0/fault=none/txBlk=880
STATE/PANDA t=157.259s v=0.0mph gear=park gas=0 brake=0 cruiseEn=0 cruiseAvail=1 long=off op_started=1 p0:teslaLegacy/allowed=0/fault=none/txBlk=881;p1:teslaLegacy/allowed=0/fault=none/txBlk=881
STATE/PANDA t=157.359s v=0.0mph gear=park gas=0 brake=0 cruiseEn=0 cruiseAvail=1 long=off op_started=1 p0:teslaLegacy/allowed=0/fault=none/txBlk=882;p1:teslaLegacy/allowed=0/fault=none/txBlk=882
STATE/PANDA t=157.456s v=0.0mph gear=park gas=0 brake=0 cruiseEn=0 cruiseAvail=1 long=off op_started=1 p0:teslaLegacy/allowed=0/fault=none/txBlk=883;p1:teslaLegacy/allowed=0/fault=none/txBlk=883
STATE/PANDA t=157.554s v=0.0mph gear=park gas=0 brake=0 cruiseEn=0 cruiseAvail=1 long=off op_started=1 p0:teslaLegacy/allowed=0/fault=none/txBlk=884;p1:teslaLegacy/allowed=0/fault=none/txBlk=884
STATE/PANDA t=157.656s v=0.0mph gear=park gas=0 brake=0 cruiseEn=0 cruiseAvail=1 long=off op_started=1 p0:teslaLegacy/allowed=0/fault=none/txBlk=885;p1:teslaLegacy/allowed=0/fault=none/txBlk=885
STATE/PANDA t=157.759s v=0.0mph gear=park gas=0 brake=0 cruiseEn=0 cruiseAvail=1 long=off op_started=1 p0:teslaLegacy/allowed=0/fault=none/txBlk=886;p1:teslaLegacy/allowed=0/fault=none/txBlk=886
STATE/PANDA t=157.859s v=0.0mph gear=park gas=0 brake=0 cruiseEn=0 cruiseAvail=1 long=off op_started=1 p0:teslaLegacy/allowed=0/fault=none/txBlk=887;p1:teslaLegacy/allowed=0/fault=none/txBlk=887
STATE/PANDA t=157.958s v=0.0mph gear=park gas=0 brake=0 cruiseEn=0 cruiseAvail=1 long=off op_started=1 p0:teslaLegacy/allowed=0/fault=none/txBlk=888;p1:teslaLegacy/allowed=0/fault=none/txBlk=888
STATE/PANDA t=158.057s v=0.0mph gear=park gas=0 brake=0 cruiseEn=0 cruiseAvail=1 long=off op_started=1 p0:teslaLegacy/allowed=0/fault=none/txBlk=889;p1:teslaLegacy/allowed=0/fault=none/txBlk=889
STATE/PANDA t=158.154s v=0.0mph gear=park gas=0 brake=0 cruiseEn=0 cruiseAvail=1 long=off op_started=1 p0:teslaLegacy/allowed=0/fault=none/txBlk=890;p1:teslaLegacy/allowed=0/fault=none/txBlk=890
STATE/PANDA t=158.252s v=0.0mph gear=park gas=0 brake=0 cruiseEn=0 cruiseAvail=1 long=off op_started=1 p0:teslaLegacy/allowed=0/fault=none/txBlk=891;p1:teslaLegacy/allowed=0/fault=none/txBlk=891
STATE/PANDA t=158.360s v=0.0mph gear=park gas=0 brake=0 cruiseEn=0 cruiseAvail=1 long=off op_started=1 p0:teslaLegacy/allowed=0/fault=none/txBlk=892;p1:teslaLegacy/allowed=0/fault=none/txBlk=892
STATE/PANDA t=158.457s v=0.0mph gear=park gas=0 brake=0 cruiseEn=0 cruiseAvail=1 long=off op_started=1 p0:teslaLegacy/allowed=0/fault=none/txBlk=893;p1:teslaLegacy/allowed=0/fault=none/txBlk=893
STATE/PANDA t=158.554s v=0.0mph gear=park gas=0 brake=0 cruiseEn=0 cruiseAvail=1 long=off op_started=1 p0:teslaLegacy/allowed=0/fault=none/txBlk=894;p1:teslaLegacy/allowed=0/fault=none/txBlk=894
STATE/PANDA t=158.650s v=0.0mph gear=park gas=0 brake=0 cruiseEn=0 cruiseAvail=1 long=off op_started=1 p0:teslaLegacy/allowed=0/fault=none/txBlk=895;p1:teslaLegacy/allowed=0/fault=none/txBlk=895
STATE/PANDA t=158.753s v=0.0mph gear=park gas=0 brake=0 cruiseEn=0 cruiseAvail=1 long=off op_started=1 p0:teslaLegacy/allowed=0/fault=none/txBlk=896;p1:teslaLegacy/allowed=0/fault=none/txBlk=896
STATE/PANDA t=158.850s v=0.0mph gear=park gas=0 brake=0 cruiseEn=0 cruiseAvail=1 long=off op_started=1 p0:teslaLegacy/allowed=0/fault=none/txBlk=897;p1:teslaLegacy/allowed=0/fault=none/txBlk=897
STATE/PANDA t=158.958s v=0.0mph gear=park gas=0 brake=0 cruiseEn=0 cruiseAvail=1 long=off op_started=1 p0:teslaLegacy/allowed=0/fault=none/txBlk=898;p1:teslaLegacy/allowed=0/fault=none/txBlk=898
STATE/PANDA t=159.049s v=0.0mph gear=park gas=0 brake=0 cruiseEn=0 cruiseAvail=1 long=off op_started=1 p0:teslaLegacy/allowed=0/fault=none/txBlk=899;p1:teslaLegacy/allowed=0/fault=none/txBlk=899
STATE/PANDA t=159.152s v=0.0mph gear=park gas=0 brake=0 cruiseEn=0 cruiseAvail=1 long=off op_started=1 p0:teslaLegacy/allowed=0/fault=none/txBlk=900;p1:teslaLegacy/allowed=0/fault=none/txBlk=900
STATE/PANDA t=159.257s v=0.0mph gear=park gas=0 brake=0 cruiseEn=0 cruiseAvail=1 long=off op_started=1 p0:teslaLegacy/allowed=0/fault=none/txBlk=901;p1:teslaLegacy/allowed=0/fault=none/txBlk=901
STATE/PANDA t=159.358s v=0.0mph gear=park gas=0 brake=0 cruiseEn=0 cruiseAvail=1 long=off op_started=1 p0:teslaLegacy/allowed=0/fault=none/txBlk=902;p1:teslaLegacy/allowed=0/fault=none/txBlk=902
STATE/PANDA t=159.455s v=0.0mph gear=park gas=0 brake=0 cruiseEn=0 cruiseAvail=1 long=off op_started=1 p0:teslaLegacy/allowed=0/fault=none/txBlk=903;p1:teslaLegacy/allowed=0/fault=none/txBlk=903
STATE/PANDA t=159.556s v=0.0mph gear=park gas=0 brake=0 cruiseEn=0 cruiseAvail=1 long=off op_started=1 p0:teslaLegacy/allowed=0/fault=none/txBlk=904;p1:teslaLegacy/allowed=0/fault=none/txBlk=904
STATE/PANDA t=159.656s v=0.0mph gear=park gas=0 brake=0 cruiseEn=0 cruiseAvail=1 long=off op_started=1 p0:teslaLegacy/allowed=0/fault=none/txBlk=905;p1:teslaLegacy/allowed=0/fault=none/txBlk=905
STATE/PANDA t=159.752s v=0.0mph gear=park gas=0 brake=0 cruiseEn=0 cruiseAvail=1 long=off op_started=1 p0:teslaLegacy/allowed=0/fault=none/txBlk=906;p1:teslaLegacy/allowed=0/fault=none/txBlk=906
STATE/PANDA t=159.850s v=0.0mph gear=park gas=0 brake=0 cruiseEn=0 cruiseAvail=1 long=off op_started=1 p0:teslaLegacy/allowed=0/fault=none/txBlk=907;p1:teslaLegacy/allowed=0/fault=none/txBlk=907
STATE/PANDA t=159.950s v=0.0mph gear=park gas=0 brake=0 cruiseEn=0 cruiseAvail=1 long=off op_started=1 p0:teslaLegacy/allowed=0/fault=none/txBlk=908;p1:teslaLegacy/allowed=0/fault=none/txBlk=908
STATE/PANDA t=160.062s v=0.0mph gear=park gas=0 brake=0 cruiseEn=0 cruiseAvail=1 long=off op_started=1 p0:teslaLegacy/allowed=0/fault=none/txBlk=909;p1:teslaLegacy/allowed=0/fault=none/txBlk=909
STATE/PANDA t=160.161s v=0.0mph gear=park gas=0 brake=0 cruiseEn=0 cruiseAvail=1 long=off op_started=1 p0:teslaLegacy/allowed=0/fault=none/txBlk=910;p1:teslaLegacy/allowed=0/fault=none/txBlk=910
STATE/PANDA t=160.257s v=0.0mph gear=park gas=0 brake=0 cruiseEn=0 cruiseAvail=1 long=off op_started=1 p0:teslaLegacy/allowed=0/fault=none/txBlk=911;p1:teslaLegacy/allowed=0/fault=none/txBlk=911
STATE/PANDA t=160.365s v=0.0mph gear=park gas=0 brake=0 cruiseEn=0 cruiseAvail=1 long=off op_started=1 p0:teslaLegacy/allowed=0/fault=none/txBlk=912;p1:teslaLegacy/allowed=0/fault=none/txBlk=912
STATE/PANDA t=160.453s v=0.0mph gear=park gas=0 brake=0 cruiseEn=0 cruiseAvail=1 long=off op_started=1 p0:teslaLegacy/allowed=0/fault=none/txBlk=913;p1:teslaLegacy/allowed=0/fault=none/txBlk=913
STATE/PANDA t=160.554s v=0.0mph gear=park gas=0 brake=0 cruiseEn=0 cruiseAvail=1 long=off op_started=1 p0:teslaLegacy/allowed=0/fault=none/txBlk=914;p1:teslaLegacy/allowed=0/fault=none/txBlk=914
STATE/PANDA t=160.664s v=0.0mph gear=park gas=0 brake=0 cruiseEn=0 cruiseAvail=1 long=off op_started=1 p0:teslaLegacy/allowed=0/fault=none/txBlk=915;p1:teslaLegacy/allowed=0/fault=none/txBlk=915
STATE/PANDA t=160.764s v=0.0mph gear=park gas=0 brake=0 cruiseEn=0 cruiseAvail=1 long=off op_started=1 p0:teslaLegacy/allowed=0/fault=none/txBlk=916;p1:teslaLegacy/allowed=0/fault=none/txBlk=916
STATE/PANDA t=160.854s v=0.0mph gear=park gas=0 brake=0 cruiseEn=0 cruiseAvail=1 long=off op_started=1 p0:teslaLegacy/allowed=0/fault=none/txBlk=917;p1:teslaLegacy/allowed=0/fault=none/txBlk=917
STATE/PANDA t=160.952s v=0.0mph gear=park gas=0 brake=0 cruiseEn=0 cruiseAvail=1 long=off op_started=1 p0:teslaLegacy/allowed=0/fault=none/txBlk=918;p1:teslaLegacy/allowed=0/fault=none/txBlk=918
STATE/PANDA t=161.053s v=0.0mph gear=park gas=0 brake=0 cruiseEn=0 cruiseAvail=1 long=off op_started=1 p0:teslaLegacy/allowed=0/fault=none/txBlk=919;p1:teslaLegacy/allowed=0/fault=none/txBlk=919
STATE/PANDA t=161.154s v=0.0mph gear=park gas=0 brake=0 cruiseEn=0 cruiseAvail=1 long=off op_started=1 p0:teslaLegacy/allowed=0/fault=none/txBlk=920;p1:teslaLegacy/allowed=0/fault=none/txBlk=920
STATE/PANDA t=161.249s v=0.0mph gear=park gas=0 brake=0 cruiseEn=0 cruiseAvail=1 long=off op_started=1 p0:teslaLegacy/allowed=0/fault=none/txBlk=921;p1:teslaLegacy/allowed=0/fault=none/txBlk=921
STATE/PANDA t=161.350s v=0.0mph gear=park gas=0 brake=0 cruiseEn=0 cruiseAvail=1 long=off op_started=1 p0:teslaLegacy/allowed=0/fault=none/txBlk=922;p1:teslaLegacy/allowed=0/fault=none/txBlk=922
STATE/PANDA t=161.458s v=0.0mph gear=park gas=0 brake=0 cruiseEn=0 cruiseAvail=1 long=off op_started=1 p0:teslaLegacy/allowed=0/fault=none/txBlk=923;p1:teslaLegacy/allowed=0/fault=none/txBlk=923
STATE/PANDA t=161.559s v=0.0mph gear=park gas=0 brake=0 cruiseEn=0 cruiseAvail=1 long=off op_started=1 p0:teslaLegacy/allowed=0/fault=none/txBlk=924;p1:teslaLegacy/allowed=0/fault=none/txBlk=924
STATE/PANDA t=161.655s v=0.0mph gear=park gas=0 brake=0 cruiseEn=0 cruiseAvail=1 long=off op_started=1 p0:teslaLegacy/allowed=0/fault=none/txBlk=925;p1:teslaLegacy/allowed=0/fault=none/txBlk=925
STATE/PANDA t=161.756s v=0.0mph gear=park gas=0 brake=0 cruiseEn=0 cruiseAvail=1 long=off op_started=1 p0:teslaLegacy/allowed=0/fault=none/txBlk=926;p1:teslaLegacy/allowed=0/fault=none/txBlk=926
STATE/PANDA t=161.858s v=0.0mph gear=park gas=0 brake=0 cruiseEn=0 cruiseAvail=1 long=off op_started=1 p0:teslaLegacy/allowed=0/fault=none/txBlk=927;p1:teslaLegacy/allowed=0/fault=none/txBlk=927
STATE/PANDA t=161.960s v=0.0mph gear=park gas=0 brake=0 cruiseEn=0 cruiseAvail=1 long=off op_started=1 p0:teslaLegacy/allowed=0/fault=none/txBlk=928;p1:teslaLegacy/allowed=0/fault=none/txBlk=928
STATE/PANDA t=162.066s v=0.0mph gear=park gas=0 brake=0 cruiseEn=0 cruiseAvail=1 long=off op_started=1 p0:teslaLegacy/allowed=0/fault=none/txBlk=929;p1:teslaLegacy/allowed=0/fault=none/txBlk=929
STATE/PANDA t=162.155s v=0.0mph gear=park gas=0 brake=0 cruiseEn=0 cruiseAvail=1 long=off op_started=1 p0:teslaLegacy/allowed=0/fault=none/txBlk=930;p1:teslaLegacy/allowed=0/fault=none/txBlk=930
STATE/PANDA t=162.258s v=0.0mph gear=park gas=0 brake=0 cruiseEn=0 cruiseAvail=1 long=off op_started=1 p0:teslaLegacy/allowed=0/fault=none/txBlk=931;p1:teslaLegacy/allowed=0/fault=none/txBlk=931
STATE/PANDA t=162.351s v=0.0mph gear=park gas=0 brake=0 cruiseEn=0 cruiseAvail=1 long=off op_started=1 p0:teslaLegacy/allowed=0/fault=none/txBlk=932;p1:teslaLegacy/allowed=0/fault=none/txBlk=932
STATE/PANDA t=162.450s v=0.0mph gear=park gas=0 brake=0 cruiseEn=0 cruiseAvail=1 long=off op_started=1 p0:teslaLegacy/allowed=0/fault=none/txBlk=933;p1:teslaLegacy/allowed=0/fault=none/txBlk=933
STATE/PANDA t=162.557s v=0.0mph gear=park gas=0 brake=0 cruiseEn=0 cruiseAvail=1 long=off op_started=1 p0:teslaLegacy/allowed=0/fault=none/txBlk=934;p1:teslaLegacy/allowed=0/fault=none/txBlk=934
STATE/PANDA t=162.650s v=0.0mph gear=park gas=0 brake=0 cruiseEn=0 cruiseAvail=1 long=off op_started=1 p0:teslaLegacy/allowed=0/fault=none/txBlk=935;p1:teslaLegacy/allowed=0/fault=none/txBlk=935
STATE/PANDA t=162.750s v=0.0mph gear=park gas=0 brake=0 cruiseEn=0 cruiseAvail=1 long=off op_started=1 p0:teslaLegacy/allowed=0/fault=none/txBlk=936;p1:teslaLegacy/allowed=0/fault=none/txBlk=936
STATE/PANDA t=162.858s v=0.0mph gear=park gas=0 brake=0 cruiseEn=0 cruiseAvail=1 long=off op_started=1 p0:teslaLegacy/allowed=0/fault=none/txBlk=937;p1:teslaLegacy/allowed=0/fault=none/txBlk=937
STATE/PANDA t=162.963s v=0.0mph gear=park gas=0 brake=0 cruiseEn=0 cruiseAvail=1 long=off op_started=1 p0:teslaLegacy/allowed=0/fault=none/txBlk=938;p1:teslaLegacy/allowed=0/fault=none/txBlk=938
STATE/PANDA t=163.052s v=0.0mph gear=park gas=0 brake=0 cruiseEn=0 cruiseAvail=1 long=off op_started=1 p0:teslaLegacy/allowed=0/fault=none/txBlk=939;p1:teslaLegacy/allowed=0/fault=none/txBlk=939
STATE/PANDA t=163.151s v=0.0mph gear=park gas=0 brake=0 cruiseEn=0 cruiseAvail=1 long=off op_started=1 p0:teslaLegacy/allowed=0/fault=none/txBlk=940;p1:teslaLegacy/allowed=0/fault=none/txBlk=940
STATE/PANDA t=163.251s v=0.0mph gear=park gas=0 brake=0 cruiseEn=0 cruiseAvail=1 long=off op_started=1 p0:teslaLegacy/allowed=0/fault=none/txBlk=941;p1:teslaLegacy/allowed=0/fault=none/txBlk=941
STATE/PANDA t=163.352s v=0.0mph gear=park gas=0 brake=0 cruiseEn=0 cruiseAvail=1 long=off op_started=1 p0:teslaLegacy/allowed=0/fault=none/txBlk=942;p1:teslaLegacy/allowed=0/fault=none/txBlk=942
STATE/PANDA t=163.450s v=0.0mph gear=park gas=0 brake=0 cruiseEn=0 cruiseAvail=1 long=off op_started=1 p0:teslaLegacy/allowed=0/fault=none/txBlk=943;p1:teslaLegacy/allowed=0/fault=none/txBlk=943
STATE/PANDA t=163.556s v=0.0mph gear=park gas=0 brake=0 cruiseEn=0 cruiseAvail=1 long=off op_started=1 p0:teslaLegacy/allowed=0/fault=none/txBlk=944;p1:teslaLegacy/allowed=0/fault=none/txBlk=944
STATE/PANDA t=163.655s v=0.0mph gear=park gas=0 brake=0 cruiseEn=0 cruiseAvail=1 long=off op_started=1 p0:teslaLegacy/allowed=0/fault=none/txBlk=945;p1:teslaLegacy/allowed=0/fault=none/txBlk=945
STATE/PANDA t=163.755s v=0.0mph gear=park gas=0 brake=0 cruiseEn=0 cruiseAvail=1 long=off op_started=1 p0:teslaLegacy/allowed=0/fault=none/txBlk=946;p1:teslaLegacy/allowed=0/fault=none/txBlk=946
STATE/PANDA t=163.855s v=0.0mph gear=park gas=0 brake=0 cruiseEn=0 cruiseAvail=1 long=off op_started=1 p0:teslaLegacy/allowed=0/fault=none/txBlk=947;p1:teslaLegacy/allowed=0/fault=none/txBlk=947
STATE/PANDA t=163.953s v=0.0mph gear=park gas=0 brake=0 cruiseEn=0 cruiseAvail=1 long=off op_started=1 p0:teslaLegacy/allowed=0/fault=none/txBlk=948;p1:teslaLegacy/allowed=0/fault=none/txBlk=948
STATE/PANDA t=164.061s v=0.0mph gear=park gas=0 brake=0 cruiseEn=0 cruiseAvail=1 long=off op_started=1 p0:teslaLegacy/allowed=0/fault=none/txBlk=949;p1:teslaLegacy/allowed=0/fault=none/txBlk=949
STATE/PANDA t=164.152s v=0.0mph gear=park gas=0 brake=0 cruiseEn=0 cruiseAvail=1 long=off op_started=1 p0:teslaLegacy/allowed=0/fault=none/txBlk=950;p1:teslaLegacy/allowed=0/fault=none/txBlk=950
STATE/PANDA t=164.255s v=0.0mph gear=park gas=0 brake=0 cruiseEn=0 cruiseAvail=1 long=off op_started=1 p0:teslaLegacy/allowed=0/fault=none/txBlk=951;p1:teslaLegacy/allowed=0/fault=none/txBlk=951
STATE/PANDA t=164.354s v=0.0mph gear=park gas=0 brake=0 cruiseEn=0 cruiseAvail=1 long=off op_started=1 p0:teslaLegacy/allowed=0/fault=none/txBlk=952;p1:teslaLegacy/allowed=0/fault=none/txBlk=952
STATE/PANDA t=164.453s v=0.0mph gear=park gas=0 brake=0 cruiseEn=0 cruiseAvail=1 long=off op_started=1 p0:teslaLegacy/allowed=0/fault=none/txBlk=953;p1:teslaLegacy/allowed=0/fault=none/txBlk=953
STATE/PANDA t=164.549s v=0.0mph gear=park gas=0 brake=0 cruiseEn=0 cruiseAvail=1 long=off op_started=1 p0:teslaLegacy/allowed=0/fault=none/txBlk=954;p1:teslaLegacy/allowed=0/fault=none/txBlk=954
STATE/PANDA t=164.661s v=0.0mph gear=park gas=0 brake=0 cruiseEn=0 cruiseAvail=1 long=off op_started=1 p0:teslaLegacy/allowed=0/fault=none/txBlk=955;p1:teslaLegacy/allowed=0/fault=none/txBlk=955
STATE/PANDA t=164.751s v=0.0mph gear=park gas=0 brake=0 cruiseEn=0 cruiseAvail=1 long=off op_started=1 p0:teslaLegacy/allowed=0/fault=none/txBlk=956;p1:teslaLegacy/allowed=0/fault=none/txBlk=956
STATE/PANDA t=164.852s v=0.0mph gear=park gas=0 brake=0 cruiseEn=0 cruiseAvail=1 long=off op_started=1 p0:teslaLegacy/allowed=0/fault=none/txBlk=957;p1:teslaLegacy/allowed=0/fault=none/txBlk=957
STATE/PANDA t=164.959s v=0.0mph gear=park gas=0 brake=0 cruiseEn=0 cruiseAvail=1 long=off op_started=1 p0:teslaLegacy/allowed=0/fault=none/txBlk=958;p1:teslaLegacy/allowed=0/fault=none/txBlk=958
STATE/PANDA t=165.056s v=0.0mph gear=park gas=0 brake=0 cruiseEn=0 cruiseAvail=1 long=off op_started=1 p0:teslaLegacy/allowed=0/fault=none/txBlk=959;p1:teslaLegacy/allowed=0/fault=none/txBlk=959
STATE/PANDA t=165.159s v=0.0mph gear=park gas=0 brake=0 cruiseEn=0 cruiseAvail=1 long=off op_started=1 p0:teslaLegacy/allowed=0/fault=none/txBlk=960;p1:teslaLegacy/allowed=0/fault=none/txBlk=960
STATE/PANDA t=165.259s v=0.0mph gear=park gas=0 brake=0 cruiseEn=0 cruiseAvail=1 long=off op_started=1 p0:teslaLegacy/allowed=0/fault=none/txBlk=961;p1:teslaLegacy/allowed=0/fault=none/txBlk=961
STATE/PANDA t=165.354s v=0.0mph gear=park gas=0 brake=0 cruiseEn=0 cruiseAvail=1 long=off op_started=1 p0:teslaLegacy/allowed=0/fault=none/txBlk=962;p1:teslaLegacy/allowed=0/fault=none/txBlk=962
STATE/PANDA t=165.460s v=0.0mph gear=park gas=0 brake=0 cruiseEn=0 cruiseAvail=1 long=off op_started=1 p0:teslaLegacy/allowed=0/fault=none/txBlk=963;p1:teslaLegacy/allowed=0/fault=none/txBlk=963
STATE/PANDA t=165.556s v=0.0mph gear=park gas=0 brake=0 cruiseEn=0 cruiseAvail=1 long=off op_started=1 p0:teslaLegacy/allowed=0/fault=none/txBlk=964;p1:teslaLegacy/allowed=0/fault=none/txBlk=964
STATE/PANDA t=165.654s v=0.0mph gear=park gas=0 brake=0 cruiseEn=0 cruiseAvail=1 long=off op_started=1 p0:teslaLegacy/allowed=0/fault=none/txBlk=965;p1:teslaLegacy/allowed=0/fault=none/txBlk=965
STATE/PANDA t=165.759s v=0.0mph gear=park gas=0 brake=0 cruiseEn=0 cruiseAvail=1 long=off op_started=1 p0:teslaLegacy/allowed=0/fault=none/txBlk=966;p1:teslaLegacy/allowed=0/fault=none/txBlk=966
STATE/PANDA t=165.851s v=0.0mph gear=park gas=0 brake=0 cruiseEn=0 cruiseAvail=1 long=off op_started=1 p0:teslaLegacy/allowed=0/fault=none/txBlk=967;p1:teslaLegacy/allowed=0/fault=none/txBlk=967
STATE/PANDA t=165.955s v=0.0mph gear=park gas=0 brake=0 cruiseEn=0 cruiseAvail=1 long=off op_started=1 p0:teslaLegacy/allowed=0/fault=none/txBlk=968;p1:teslaLegacy/allowed=0/fault=none/txBlk=968
STATE/PANDA t=166.059s v=0.0mph gear=park gas=0 brake=0 cruiseEn=0 cruiseAvail=1 long=off op_started=1 p0:teslaLegacy/allowed=0/fault=none/txBlk=969;p1:teslaLegacy/allowed=0/fault=none/txBlk=969
STATE/PANDA t=166.158s v=0.0mph gear=park gas=0 brake=0 cruiseEn=0 cruiseAvail=1 long=off op_started=1 p0:teslaLegacy/allowed=0/fault=none/txBlk=970;p1:teslaLegacy/allowed=0/fault=none/txBlk=970
STATE/PANDA t=166.250s v=0.0mph gear=park gas=0 brake=0 cruiseEn=0 cruiseAvail=1 long=off op_started=1 p0:teslaLegacy/allowed=0/fault=none/txBlk=971;p1:teslaLegacy/allowed=0/fault=none/txBlk=971
STATE/PANDA t=166.350s v=0.0mph gear=park gas=0 brake=0 cruiseEn=0 cruiseAvail=1 long=off op_started=1 p0:teslaLegacy/allowed=0/fault=none/txBlk=972;p1:teslaLegacy/allowed=0/fault=none/txBlk=972
STATE/PANDA t=166.456s v=0.0mph gear=park gas=0 brake=0 cruiseEn=0 cruiseAvail=1 long=off op_started=1 p0:teslaLegacy/allowed=0/fault=none/txBlk=973;p1:teslaLegacy/allowed=0/fault=none/txBlk=973
STATE/PANDA t=166.552s v=0.0mph gear=park gas=0 brake=0 cruiseEn=0 cruiseAvail=1 long=off op_started=1 p0:teslaLegacy/allowed=0/fault=none/txBlk=974;p1:teslaLegacy/allowed=0/fault=none/txBlk=974
STATE/PANDA t=166.653s v=0.0mph gear=park gas=0 brake=0 cruiseEn=0 cruiseAvail=1 long=off op_started=1 p0:teslaLegacy/allowed=0/fault=none/txBlk=975;p1:teslaLegacy/allowed=0/fault=none/txBlk=975
STATE/PANDA t=166.753s v=0.0mph gear=park gas=0 brake=0 cruiseEn=0 cruiseAvail=1 long=off op_started=1 p0:teslaLegacy/allowed=0/fault=none/txBlk=976;p1:teslaLegacy/allowed=0/fault=none/txBlk=976
STATE/PANDA t=166.852s v=0.0mph gear=park gas=0 brake=0 cruiseEn=0 cruiseAvail=1 long=off op_started=1 p0:teslaLegacy/allowed=0/fault=none/txBlk=977;p1:teslaLegacy/allowed=0/fault=none/txBlk=977
STATE/PANDA t=166.953s v=0.0mph gear=park gas=0 brake=0 cruiseEn=0 cruiseAvail=1 long=off op_started=1 p0:teslaLegacy/allowed=0/fault=none/txBlk=978;p1:teslaLegacy/allowed=0/fault=none/txBlk=978
STATE/PANDA t=167.055s v=0.0mph gear=park gas=0 brake=0 cruiseEn=0 cruiseAvail=1 long=off op_started=1 p0:teslaLegacy/allowed=0/fault=none/txBlk=979;p1:teslaLegacy/allowed=0/fault=none/txBlk=979
STATE/PANDA t=167.153s v=0.0mph gear=park gas=0 brake=0 cruiseEn=0 cruiseAvail=1 long=off op_started=1 p0:teslaLegacy/allowed=0/fault=none/txBlk=980;p1:teslaLegacy/allowed=0/fault=none/txBlk=980
STATE/PANDA t=167.255s v=0.0mph gear=park gas=0 brake=0 cruiseEn=0 cruiseAvail=1 long=off op_started=1 p0:teslaLegacy/allowed=0/fault=none/txBlk=981;p1:teslaLegacy/allowed=0/fault=none/txBlk=981
STATE/PANDA t=167.356s v=0.0mph gear=park gas=0 brake=0 cruiseEn=0 cruiseAvail=1 long=off op_started=1 p0:teslaLegacy/allowed=0/fault=none/txBlk=982;p1:teslaLegacy/allowed=0/fault=none/txBlk=982
STATE/PANDA t=167.450s v=0.0mph gear=park gas=0 brake=0 cruiseEn=0 cruiseAvail=1 long=off op_started=1 p0:teslaLegacy/allowed=0/fault=none/txBlk=983;p1:teslaLegacy/allowed=0/fault=none/txBlk=983
STATE/PANDA t=167.556s v=0.0mph gear=park gas=0 brake=0 cruiseEn=0 cruiseAvail=1 long=off op_started=1 p0:teslaLegacy/allowed=0/fault=none/txBlk=984;p1:teslaLegacy/allowed=0/fault=none/txBlk=984
STATE/PANDA t=167.653s v=0.0mph gear=park gas=0 brake=0 cruiseEn=0 cruiseAvail=1 long=off op_started=1 p0:teslaLegacy/allowed=0/fault=none/txBlk=985;p1:teslaLegacy/allowed=0/fault=none/txBlk=985
STATE/PANDA t=167.753s v=0.0mph gear=park gas=0 brake=0 cruiseEn=0 cruiseAvail=1 long=off op_started=1 p0:teslaLegacy/allowed=0/fault=none/txBlk=986;p1:teslaLegacy/allowed=0/fault=none/txBlk=986
STATE/PANDA t=167.856s v=0.0mph gear=park gas=0 brake=0 cruiseEn=0 cruiseAvail=1 long=off op_started=1 p0:teslaLegacy/allowed=0/fault=none/txBlk=987;p1:teslaLegacy/allowed=0/fault=none/txBlk=987
STATE/PANDA t=167.952s v=0.0mph gear=park gas=0 brake=0 cruiseEn=0 cruiseAvail=1 long=off op_started=1 p0:teslaLegacy/allowed=0/fault=none/txBlk=988;p1:teslaLegacy/allowed=0/fault=none/txBlk=988
STATE/PANDA t=168.065s v=0.0mph gear=park gas=0 brake=0 cruiseEn=0 cruiseAvail=1 long=off op_started=1 p0:teslaLegacy/allowed=0/fault=none/txBlk=989;p1:teslaLegacy/allowed=0/fault=none/txBlk=989
STATE/PANDA t=168.153s v=0.0mph gear=park gas=0 brake=0 cruiseEn=0 cruiseAvail=1 long=off op_started=1 p0:teslaLegacy/allowed=0/fault=none/txBlk=990;p1:teslaLegacy/allowed=0/fault=none/txBlk=990
STATE/PANDA t=168.256s v=0.0mph gear=park gas=0 brake=0 cruiseEn=0 cruiseAvail=1 long=off op_started=1 p0:teslaLegacy/allowed=0/fault=none/txBlk=991;p1:teslaLegacy/allowed=0/fault=none/txBlk=991
STATE/PANDA t=168.356s v=0.0mph gear=park gas=0 brake=0 cruiseEn=0 cruiseAvail=1 long=off op_started=1 p0:teslaLegacy/allowed=0/fault=none/txBlk=992;p1:teslaLegacy/allowed=0/fault=none/txBlk=992
STATE/PANDA t=168.450s v=0.0mph gear=park gas=0 brake=0 cruiseEn=0 cruiseAvail=1 long=off op_started=1 p0:teslaLegacy/allowed=0/fault=none/txBlk=993;p1:teslaLegacy/allowed=0/fault=none/txBlk=993
STATE/PANDA t=168.554s v=0.0mph gear=park gas=0 brake=0 cruiseEn=0 cruiseAvail=1 long=off op_started=1 p0:teslaLegacy/allowed=0/fault=none/txBlk=994;p1:teslaLegacy/allowed=0/fault=none/txBlk=994
STATE/PANDA t=168.657s v=0.0mph gear=park gas=0 brake=0 cruiseEn=0 cruiseAvail=1 long=off op_started=1 p0:teslaLegacy/allowed=0/fault=none/txBlk=995;p1:teslaLegacy/allowed=0/fault=none/txBlk=995
STATE/PANDA t=168.751s v=0.0mph gear=park gas=0 brake=0 cruiseEn=0 cruiseAvail=1 long=off op_started=1 p0:teslaLegacy/allowed=0/fault=none/txBlk=996;p1:teslaLegacy/allowed=0/fault=none/txBlk=996
STATE/PANDA t=168.851s v=0.0mph gear=park gas=0 brake=0 cruiseEn=0 cruiseAvail=1 long=off op_started=1 p0:teslaLegacy/allowed=0/fault=none/txBlk=997;p1:teslaLegacy/allowed=0/fault=none/txBlk=997
STATE/PANDA t=168.953s v=0.0mph gear=park gas=0 brake=0 cruiseEn=0 cruiseAvail=1 long=off op_started=1 p0:teslaLegacy/allowed=0/fault=none/txBlk=998;p1:teslaLegacy/allowed=0/fault=none/txBlk=998
STATE/PANDA t=169.056s v=0.0mph gear=park gas=0 brake=0 cruiseEn=0 cruiseAvail=1 long=off op_started=1 p0:teslaLegacy/allowed=0/fault=none/txBlk=999;p1:teslaLegacy/allowed=0/fault=none/txBlk=999
STATE/PANDA t=169.150s v=0.0mph gear=park gas=0 brake=0 cruiseEn=0 cruiseAvail=1 long=off op_started=1 p0:teslaLegacy/allowed=0/fault=none/txBlk=1000;p1:teslaLegacy/allowed=0/fault=none/txBlk=1000
STATE/PANDA t=169.257s v=0.0mph gear=park gas=0 brake=0 cruiseEn=0 cruiseAvail=1 long=off op_started=1 p0:teslaLegacy/allowed=0/fault=none/txBlk=1001;p1:teslaLegacy/allowed=0/fault=none/txBlk=1001
STATE/PANDA t=169.358s v=0.0mph gear=park gas=0 brake=0 cruiseEn=0 cruiseAvail=1 long=off op_started=1 p0:teslaLegacy/allowed=0/fault=none/txBlk=1002;p1:teslaLegacy/allowed=0/fault=none/txBlk=1002
STATE/PANDA t=169.457s v=0.0mph gear=park gas=0 brake=0 cruiseEn=0 cruiseAvail=1 long=off op_started=1 p0:teslaLegacy/allowed=0/fault=none/txBlk=1003;p1:teslaLegacy/allowed=0/fault=none/txBlk=1003
STATE/PANDA t=169.552s v=0.0mph gear=park gas=0 brake=0 cruiseEn=0 cruiseAvail=1 long=off op_started=1 p0:teslaLegacy/allowed=0/fault=none/txBlk=1004;p1:teslaLegacy/allowed=0/fault=none/txBlk=1004
STATE/PANDA t=169.654s v=0.0mph gear=park gas=0 brake=0 cruiseEn=0 cruiseAvail=1 long=off op_started=1 p0:teslaLegacy/allowed=0/fault=none/txBlk=1005;p1:teslaLegacy/allowed=0/fault=none/txBlk=1005
STATE/PANDA t=169.754s v=0.0mph gear=park gas=0 brake=0 cruiseEn=0 cruiseAvail=1 long=off op_started=1 p0:teslaLegacy/allowed=0/fault=none/txBlk=1006;p1:teslaLegacy/allowed=0/fault=none/txBlk=1006
STATE/PANDA t=169.858s v=0.0mph gear=park gas=0 brake=0 cruiseEn=0 cruiseAvail=1 long=off op_started=1 p0:teslaLegacy/allowed=0/fault=none/txBlk=1007;p1:teslaLegacy/allowed=0/fault=none/txBlk=1007
STATE/PANDA t=169.956s v=0.0mph gear=park gas=0 brake=0 cruiseEn=0 cruiseAvail=1 long=off op_started=1 p0:teslaLegacy/allowed=0/fault=none/txBlk=1008;p1:teslaLegacy/allowed=0/fault=none/txBlk=1008
STATE/PANDA t=170.053s v=0.0mph gear=park gas=0 brake=0 cruiseEn=0 cruiseAvail=1 long=off op_started=1 p0:teslaLegacy/allowed=0/fault=none/txBlk=1009;p1:teslaLegacy/allowed=0/fault=none/txBlk=1009
STATE/PANDA t=170.159s v=0.0mph gear=park gas=0 brake=0 cruiseEn=0 cruiseAvail=1 long=off op_started=1 p0:teslaLegacy/allowed=0/fault=none/txBlk=1010;p1:teslaLegacy/allowed=0/fault=none/txBlk=1010
STATE/PANDA t=170.250s v=0.0mph gear=park gas=0 brake=0 cruiseEn=0 cruiseAvail=1 long=off op_started=1 p0:teslaLegacy/allowed=0/fault=none/txBlk=1011;p1:teslaLegacy/allowed=0/fault=none/txBlk=1011
STATE/PANDA t=170.357s v=0.0mph gear=park gas=0 brake=0 cruiseEn=0 cruiseAvail=1 long=off op_started=1 p0:teslaLegacy/allowed=0/fault=none/txBlk=1012;p1:teslaLegacy/allowed=0/fault=none/txBlk=1012
STATE/PANDA t=170.457s v=0.0mph gear=park gas=0 brake=0 cruiseEn=0 cruiseAvail=1 long=off op_started=1 p0:teslaLegacy/allowed=0/fault=none/txBlk=1013;p1:teslaLegacy/allowed=0/fault=none/txBlk=1013
STATE/PANDA t=170.550s v=0.0mph gear=park gas=0 brake=0 cruiseEn=0 cruiseAvail=1 long=off op_started=1 p0:teslaLegacy/allowed=0/fault=none/txBlk=1014;p1:teslaLegacy/allowed=0/fault=none/txBlk=1014
STATE/PANDA t=170.657s v=0.0mph gear=park gas=0 brake=0 cruiseEn=0 cruiseAvail=1 long=off op_started=1 p0:teslaLegacy/allowed=0/fault=none/txBlk=1015;p1:teslaLegacy/allowed=0/fault=none/txBlk=1015
STATE/PANDA t=170.756s v=0.0mph gear=park gas=0 brake=0 cruiseEn=0 cruiseAvail=1 long=off op_started=1 p0:teslaLegacy/allowed=0/fault=none/txBlk=1016;p1:teslaLegacy/allowed=0/fault=none/txBlk=1016
STATE/PANDA t=170.849s v=0.0mph gear=park gas=0 brake=0 cruiseEn=0 cruiseAvail=1 long=off op_started=1 p0:teslaLegacy/allowed=0/fault=none/txBlk=1017;p1:teslaLegacy/allowed=0/fault=none/txBlk=1017
STATE/PANDA t=170.956s v=0.0mph gear=park gas=0 brake=0 cruiseEn=0 cruiseAvail=1 long=off op_started=1 p0:teslaLegacy/allowed=0/fault=none/txBlk=1018;p1:teslaLegacy/allowed=0/fault=none/txBlk=1018
STATE/PANDA t=171.057s v=0.0mph gear=park gas=0 brake=0 cruiseEn=0 cruiseAvail=1 long=off op_started=1 p0:teslaLegacy/allowed=0/fault=none/txBlk=1019;p1:teslaLegacy/allowed=0/fault=none/txBlk=1019
STATE/PANDA t=171.156s v=0.0mph gear=park gas=0 brake=0 cruiseEn=0 cruiseAvail=1 long=off op_started=1 p0:teslaLegacy/allowed=0/fault=none/txBlk=1020;p1:teslaLegacy/allowed=0/fault=none/txBlk=1020
STATE/PANDA t=171.258s v=0.0mph gear=park gas=0 brake=0 cruiseEn=0 cruiseAvail=1 long=off op_started=1 p0:teslaLegacy/allowed=0/fault=none/txBlk=1021;p1:teslaLegacy/allowed=0/fault=none/txBlk=1021
STATE/PANDA t=171.353s v=0.0mph gear=park gas=0 brake=0 cruiseEn=0 cruiseAvail=1 long=off op_started=1 p0:teslaLegacy/allowed=0/fault=none/txBlk=1022;p1:teslaLegacy/allowed=0/fault=none/txBlk=1022
STATE/PANDA t=171.452s v=0.0mph gear=park gas=0 brake=0 cruiseEn=0 cruiseAvail=1 long=off op_started=1 p0:teslaLegacy/allowed=0/fault=none/txBlk=1023;p1:teslaLegacy/allowed=0/fault=none/txBlk=1023
STATE/PANDA t=171.553s v=0.0mph gear=park gas=0 brake=0 cruiseEn=0 cruiseAvail=1 long=off op_started=1 p0:teslaLegacy/allowed=0/fault=none/txBlk=1024;p1:teslaLegacy/allowed=0/fault=none/txBlk=1024
STATE/PANDA t=171.654s v=0.0mph gear=park gas=0 brake=0 cruiseEn=0 cruiseAvail=1 long=off op_started=1 p0:teslaLegacy/allowed=0/fault=none/txBlk=1025;p1:teslaLegacy/allowed=0/fault=none/txBlk=1025
STATE/PANDA t=171.754s v=0.0mph gear=park gas=0 brake=0 cruiseEn=0 cruiseAvail=1 long=off op_started=1 p0:teslaLegacy/allowed=0/fault=none/txBlk=1026;p1:teslaLegacy/allowed=0/fault=none/txBlk=1026
STATE/PANDA t=171.851s v=0.0mph gear=park gas=0 brake=0 cruiseEn=0 cruiseAvail=1 long=off op_started=1 p0:teslaLegacy/allowed=0/fault=none/txBlk=1027;p1:teslaLegacy/allowed=0/fault=none/txBlk=1027
STATE/PANDA t=171.956s v=0.0mph gear=park gas=0 brake=0 cruiseEn=0 cruiseAvail=1 long=off op_started=1 p0:teslaLegacy/allowed=0/fault=none/txBlk=1028;p1:teslaLegacy/allowed=0/fault=none/txBlk=1028
STATE/PANDA t=172.058s v=0.0mph gear=park gas=0 brake=0 cruiseEn=0 cruiseAvail=1 long=off op_started=1 p0:teslaLegacy/allowed=0/fault=none/txBlk=1029;p1:teslaLegacy/allowed=0/fault=none/txBlk=1029
STATE/PANDA t=172.150s v=0.0mph gear=park gas=0 brake=0 cruiseEn=0 cruiseAvail=1 long=off op_started=1 p0:teslaLegacy/allowed=0/fault=none/txBlk=1030;p1:teslaLegacy/allowed=0/fault=none/txBlk=1030
STATE/PANDA t=172.250s v=0.0mph gear=park gas=0 brake=0 cruiseEn=0 cruiseAvail=1 long=off op_started=1 p0:teslaLegacy/allowed=0/fault=none/txBlk=1031;p1:teslaLegacy/allowed=0/fault=none/txBlk=1031
STATE/PANDA t=172.353s v=0.0mph gear=park gas=0 brake=0 cruiseEn=0 cruiseAvail=1 long=off op_started=1 p0:teslaLegacy/allowed=0/fault=none/txBlk=1032;p1:teslaLegacy/allowed=0/fault=none/txBlk=1032
STATE/PANDA t=172.453s v=0.0mph gear=park gas=0 brake=0 cruiseEn=0 cruiseAvail=1 long=off op_started=1 p0:teslaLegacy/allowed=0/fault=none/txBlk=1033;p1:teslaLegacy/allowed=0/fault=none/txBlk=1033
STATE/PANDA t=172.550s v=0.0mph gear=park gas=0 brake=0 cruiseEn=0 cruiseAvail=1 long=off op_started=1 p0:teslaLegacy/allowed=0/fault=none/txBlk=1034;p1:teslaLegacy/allowed=0/fault=none/txBlk=1034
STATE/PANDA t=172.655s v=0.0mph gear=park gas=0 brake=0 cruiseEn=0 cruiseAvail=1 long=off op_started=1 p0:teslaLegacy/allowed=0/fault=none/txBlk=1035;p1:teslaLegacy/allowed=0/fault=none/txBlk=1035
STATE/PANDA t=172.755s v=0.0mph gear=park gas=0 brake=0 cruiseEn=0 cruiseAvail=1 long=off op_started=1 p0:teslaLegacy/allowed=0/fault=none/txBlk=1036;p1:teslaLegacy/allowed=0/fault=none/txBlk=1036
STATE/PANDA t=172.853s v=0.0mph gear=park gas=0 brake=0 cruiseEn=0 cruiseAvail=1 long=off op_started=1 p0:teslaLegacy/allowed=0/fault=none/txBlk=1037;p1:teslaLegacy/allowed=0/fault=none/txBlk=1037
STATE/PANDA t=172.951s v=0.0mph gear=park gas=0 brake=0 cruiseEn=0 cruiseAvail=1 long=off op_started=1 p0:teslaLegacy/allowed=0/fault=none/txBlk=1038;p1:teslaLegacy/allowed=0/fault=none/txBlk=1038
STATE/PANDA t=173.055s v=0.0mph gear=park gas=0 brake=0 cruiseEn=0 cruiseAvail=1 long=off op_started=1 p0:teslaLegacy/allowed=0/fault=none/txBlk=1039;p1:teslaLegacy/allowed=0/fault=none/txBlk=1039
STATE/PANDA t=173.153s v=0.0mph gear=park gas=0 brake=0 cruiseEn=0 cruiseAvail=1 long=off op_started=1 p0:teslaLegacy/allowed=0/fault=none/txBlk=1040;p1:teslaLegacy/allowed=0/fault=none/txBlk=1040
STATE/PANDA t=173.251s v=0.0mph gear=park gas=0 brake=0 cruiseEn=0 cruiseAvail=1 long=off op_started=1 p0:teslaLegacy/allowed=0/fault=none/txBlk=1041;p1:teslaLegacy/allowed=0/fault=none/txBlk=1041
STATE/PANDA t=173.349s v=0.0mph gear=park gas=0 brake=0 cruiseEn=0 cruiseAvail=1 long=off op_started=1 p0:teslaLegacy/allowed=0/fault=none/txBlk=1042;p1:teslaLegacy/allowed=0/fault=none/txBlk=1042
STATE/PANDA t=173.449s v=0.0mph gear=park gas=0 brake=0 cruiseEn=0 cruiseAvail=1 long=off op_started=1 p0:teslaLegacy/allowed=0/fault=none/txBlk=1043;p1:teslaLegacy/allowed=0/fault=none/txBlk=1043
STATE/PANDA t=173.556s v=0.0mph gear=park gas=0 brake=0 cruiseEn=0 cruiseAvail=1 long=off op_started=1 p0:teslaLegacy/allowed=0/fault=none/txBlk=1044;p1:teslaLegacy/allowed=0/fault=none/txBlk=1044
STATE/PANDA t=173.651s v=0.0mph gear=park gas=0 brake=0 cruiseEn=0 cruiseAvail=1 long=off op_started=1 p0:teslaLegacy/allowed=0/fault=none/txBlk=1045;p1:teslaLegacy/allowed=0/fault=none/txBlk=1045
STATE/PANDA t=173.751s v=0.0mph gear=park gas=0 brake=0 cruiseEn=0 cruiseAvail=1 long=off op_started=1 p0:teslaLegacy/allowed=0/fault=none/txBlk=1046;p1:teslaLegacy/allowed=0/fault=none/txBlk=1046
STATE/PANDA t=173.851s v=0.0mph gear=park gas=0 brake=0 cruiseEn=0 cruiseAvail=1 long=off op_started=1 p0:teslaLegacy/allowed=0/fault=none/txBlk=1047;p1:teslaLegacy/allowed=0/fault=none/txBlk=1047
STATE/PANDA t=173.952s v=0.0mph gear=park gas=0 brake=0 cruiseEn=0 cruiseAvail=1 long=off op_started=1 p0:teslaLegacy/allowed=0/fault=none/txBlk=1048;p1:teslaLegacy/allowed=0/fault=none/txBlk=1048
STATE/PANDA t=174.062s v=0.0mph gear=park gas=0 brake=0 cruiseEn=0 cruiseAvail=1 long=off op_started=1 p0:teslaLegacy/allowed=0/fault=none/txBlk=1049;p1:teslaLegacy/allowed=0/fault=none/txBlk=1049
STATE/PANDA t=174.155s v=0.0mph gear=park gas=0 brake=0 cruiseEn=0 cruiseAvail=1 long=off op_started=1 p0:teslaLegacy/allowed=0/fault=none/txBlk=1050;p1:teslaLegacy/allowed=0/fault=none/txBlk=1050
STATE/PANDA t=174.258s v=0.0mph gear=park gas=0 brake=0 cruiseEn=0 cruiseAvail=1 long=off op_started=1 p0:teslaLegacy/allowed=0/fault=none/txBlk=1051;p1:teslaLegacy/allowed=0/fault=none/txBlk=1051
STATE/PANDA t=174.359s v=0.0mph gear=park gas=0 brake=0 cruiseEn=0 cruiseAvail=1 long=off op_started=1 p0:teslaLegacy/allowed=0/fault=none/txBlk=1052;p1:teslaLegacy/allowed=0/fault=none/txBlk=1052
STATE/PANDA t=174.458s v=0.0mph gear=park gas=0 brake=0 cruiseEn=0 cruiseAvail=1 long=off op_started=1 p0:teslaLegacy/allowed=0/fault=none/txBlk=1053;p1:teslaLegacy/allowed=0/fault=none/txBlk=1053
STATE/PANDA t=174.554s v=0.0mph gear=park gas=0 brake=0 cruiseEn=0 cruiseAvail=1 long=off op_started=1 p0:teslaLegacy/allowed=0/fault=none/txBlk=1054;p1:teslaLegacy/allowed=0/fault=none/txBlk=1054
STATE/PANDA t=174.654s v=0.0mph gear=park gas=0 brake=0 cruiseEn=0 cruiseAvail=1 long=off op_started=1 p0:teslaLegacy/allowed=0/fault=none/txBlk=1055;p1:teslaLegacy/allowed=0/fault=none/txBlk=1055
STATE/PANDA t=174.752s v=0.0mph gear=park gas=0 brake=0 cruiseEn=0 cruiseAvail=1 long=off op_started=1 p0:teslaLegacy/allowed=0/fault=none/txBlk=1056;p1:teslaLegacy/allowed=0/fault=none/txBlk=1056
STATE/PANDA t=174.859s v=0.0mph gear=park gas=0 brake=0 cruiseEn=0 cruiseAvail=1 long=off op_started=1 p0:teslaLegacy/allowed=0/fault=none/txBlk=1057;p1:teslaLegacy/allowed=0/fault=none/txBlk=1057
STATE/PANDA t=174.960s v=0.0mph gear=park gas=0 brake=0 cruiseEn=0 cruiseAvail=1 long=off op_started=1 p0:teslaLegacy/allowed=0/fault=none/txBlk=1058;p1:teslaLegacy/allowed=0/fault=none/txBlk=1058
STATE/PANDA t=175.059s v=0.0mph gear=park gas=0 brake=0 cruiseEn=0 cruiseAvail=1 long=off op_started=1 p0:teslaLegacy/allowed=0/fault=none/txBlk=1059;p1:teslaLegacy/allowed=0/fault=none/txBlk=1059
STATE/PANDA t=175.159s v=0.0mph gear=park gas=0 brake=0 cruiseEn=0 cruiseAvail=1 long=off op_started=1 p0:teslaLegacy/allowed=0/fault=none/txBlk=1060;p1:teslaLegacy/allowed=0/fault=none/txBlk=1060
STATE/PANDA t=175.253s v=0.0mph gear=park gas=0 brake=0 cruiseEn=0 cruiseAvail=1 long=off op_started=1 p0:teslaLegacy/allowed=0/fault=none/txBlk=1061;p1:teslaLegacy/allowed=0/fault=none/txBlk=1061
STATE/PANDA t=175.358s v=0.0mph gear=park gas=0 brake=0 cruiseEn=0 cruiseAvail=1 long=off op_started=1 p0:teslaLegacy/allowed=0/fault=none/txBlk=1062;p1:teslaLegacy/allowed=0/fault=none/txBlk=1062
STATE/PANDA t=175.453s v=0.0mph gear=park gas=0 brake=0 cruiseEn=0 cruiseAvail=1 long=off op_started=1 p0:teslaLegacy/allowed=0/fault=none/txBlk=1063;p1:teslaLegacy/allowed=0/fault=none/txBlk=1063
STATE/PANDA t=175.561s v=0.0mph gear=park gas=0 brake=0 cruiseEn=0 cruiseAvail=1 long=off op_started=1 p0:teslaLegacy/allowed=0/fault=none/txBlk=1064;p1:teslaLegacy/allowed=0/fault=none/txBlk=1064
STATE/PANDA t=175.657s v=0.0mph gear=park gas=0 brake=0 cruiseEn=0 cruiseAvail=1 long=off op_started=1 p0:teslaLegacy/allowed=0/fault=none/txBlk=1065;p1:teslaLegacy/allowed=0/fault=none/txBlk=1065
STATE/PANDA t=175.760s v=0.0mph gear=park gas=0 brake=0 cruiseEn=0 cruiseAvail=1 long=off op_started=1 p0:teslaLegacy/allowed=0/fault=none/txBlk=1066;p1:teslaLegacy/allowed=0/fault=none/txBlk=1066
STATE/PANDA t=175.858s v=0.0mph gear=park gas=0 brake=0 cruiseEn=0 cruiseAvail=1 long=off op_started=1 p0:teslaLegacy/allowed=0/fault=none/txBlk=1067;p1:teslaLegacy/allowed=0/fault=none/txBlk=1067
STATE/PANDA t=175.955s v=0.0mph gear=park gas=0 brake=0 cruiseEn=0 cruiseAvail=1 long=off op_started=1 p0:teslaLegacy/allowed=0/fault=none/txBlk=1068;p1:teslaLegacy/allowed=0/fault=none/txBlk=1068
STATE/PANDA t=176.057s v=0.0mph gear=park gas=0 brake=0 cruiseEn=0 cruiseAvail=1 long=off op_started=1 p0:teslaLegacy/allowed=0/fault=none/txBlk=1069;p1:teslaLegacy/allowed=0/fault=none/txBlk=1069
STATE/PANDA t=176.152s v=0.0mph gear=park gas=0 brake=0 cruiseEn=0 cruiseAvail=1 long=off op_started=1 p0:teslaLegacy/allowed=0/fault=none/txBlk=1070;p1:teslaLegacy/allowed=0/fault=none/txBlk=1070
STATE/PANDA t=176.255s v=0.0mph gear=park gas=0 brake=0 cruiseEn=0 cruiseAvail=1 long=off op_started=1 p0:teslaLegacy/allowed=0/fault=none/txBlk=1071;p1:teslaLegacy/allowed=0/fault=none/txBlk=1071
STATE/PANDA t=176.356s v=0.0mph gear=park gas=0 brake=0 cruiseEn=0 cruiseAvail=1 long=off op_started=1 p0:teslaLegacy/allowed=0/fault=none/txBlk=1072;p1:teslaLegacy/allowed=0/fault=none/txBlk=1072
STATE/PANDA t=176.450s v=0.0mph gear=park gas=0 brake=0 cruiseEn=0 cruiseAvail=1 long=off op_started=1 p0:teslaLegacy/allowed=0/fault=none/txBlk=1073;p1:teslaLegacy/allowed=0/fault=none/txBlk=1073
STATE/PANDA t=176.557s v=0.0mph gear=park gas=0 brake=0 cruiseEn=0 cruiseAvail=1 long=off op_started=1 p0:teslaLegacy/allowed=0/fault=none/txBlk=1074;p1:teslaLegacy/allowed=0/fault=none/txBlk=1074
STATE/PANDA t=176.657s v=0.0mph gear=park gas=0 brake=0 cruiseEn=0 cruiseAvail=1 long=off op_started=1 p0:teslaLegacy/allowed=0/fault=none/txBlk=1075;p1:teslaLegacy/allowed=0/fault=none/txBlk=1075
STATE/PANDA t=176.757s v=0.0mph gear=park gas=0 brake=0 cruiseEn=0 cruiseAvail=1 long=off op_started=1 p0:teslaLegacy/allowed=0/fault=none/txBlk=1076;p1:teslaLegacy/allowed=0/fault=none/txBlk=1076
STATE/PANDA t=176.855s v=0.0mph gear=park gas=0 brake=0 cruiseEn=0 cruiseAvail=1 long=off op_started=1 p0:teslaLegacy/allowed=0/fault=none/txBlk=1077;p1:teslaLegacy/allowed=0/fault=none/txBlk=1077
STATE/PANDA t=176.957s v=0.0mph gear=park gas=0 brake=0 cruiseEn=0 cruiseAvail=1 long=off op_started=1 p0:teslaLegacy/allowed=0/fault=none/txBlk=1078;p1:teslaLegacy/allowed=0/fault=none/txBlk=1078
STATE/PANDA t=177.051s v=0.0mph gear=park gas=0 brake=0 cruiseEn=0 cruiseAvail=1 long=off op_started=1 p0:teslaLegacy/allowed=0/fault=none/txBlk=1079;p1:teslaLegacy/allowed=0/fault=none/txBlk=1079
STATE/PANDA t=177.156s v=0.0mph gear=park gas=0 brake=0 cruiseEn=0 cruiseAvail=1 long=off op_started=1 p0:teslaLegacy/allowed=0/fault=none/txBlk=1080;p1:teslaLegacy/allowed=0/fault=none/txBlk=1080
STATE/PANDA t=177.256s v=0.0mph gear=park gas=0 brake=0 cruiseEn=0 cruiseAvail=1 long=off op_started=1 p0:teslaLegacy/allowed=0/fault=none/txBlk=1081;p1:teslaLegacy/allowed=0/fault=none/txBlk=1081
STATE/PANDA t=177.352s v=0.0mph gear=park gas=0 brake=0 cruiseEn=0 cruiseAvail=1 long=off op_started=1 p0:teslaLegacy/allowed=0/fault=none/txBlk=1082;p1:teslaLegacy/allowed=0/fault=none/txBlk=1082
STATE/PANDA t=177.458s v=0.0mph gear=park gas=0 brake=0 cruiseEn=0 cruiseAvail=1 long=off op_started=1 p0:teslaLegacy/allowed=0/fault=none/txBlk=1083;p1:teslaLegacy/allowed=0/fault=none/txBlk=1083
STATE/PANDA t=177.558s v=0.0mph gear=park gas=0 brake=0 cruiseEn=0 cruiseAvail=1 long=off op_started=1 p0:teslaLegacy/allowed=0/fault=none/txBlk=1084;p1:teslaLegacy/allowed=0/fault=none/txBlk=1084
STATE/PANDA t=177.655s v=0.0mph gear=park gas=0 brake=0 cruiseEn=0 cruiseAvail=1 long=off op_started=1 p0:teslaLegacy/allowed=0/fault=none/txBlk=1085;p1:teslaLegacy/allowed=0/fault=none/txBlk=1085
STATE/PANDA t=177.754s v=0.0mph gear=park gas=0 brake=0 cruiseEn=0 cruiseAvail=1 long=off op_started=1 p0:teslaLegacy/allowed=0/fault=none/txBlk=1086;p1:teslaLegacy/allowed=0/fault=none/txBlk=1086
STATE/PANDA t=177.853s v=0.0mph gear=park gas=0 brake=0 cruiseEn=0 cruiseAvail=1 long=off op_started=1 p0:teslaLegacy/allowed=0/fault=none/txBlk=1087;p1:teslaLegacy/allowed=0/fault=none/txBlk=1087
STATE/PANDA t=177.952s v=0.0mph gear=park gas=0 brake=0 cruiseEn=0 cruiseAvail=1 long=off op_started=1 p0:teslaLegacy/allowed=0/fault=none/txBlk=1088;p1:teslaLegacy/allowed=0/fault=none/txBlk=1088
STATE/PANDA t=178.063s v=0.0mph gear=park gas=0 brake=0 cruiseEn=0 cruiseAvail=1 long=off op_started=1 p0:teslaLegacy/allowed=0/fault=none/txBlk=1089;p1:teslaLegacy/allowed=0/fault=none/txBlk=1089
STATE/PANDA t=178.155s v=0.0mph gear=park gas=0 brake=0 cruiseEn=0 cruiseAvail=1 long=off op_started=1 p0:teslaLegacy/allowed=0/fault=none/txBlk=1090;p1:teslaLegacy/allowed=0/fault=none/txBlk=1090
STATE/PANDA t=178.258s v=0.0mph gear=park gas=0 brake=0 cruiseEn=0 cruiseAvail=1 long=off op_started=1 p0:teslaLegacy/allowed=0/fault=none/txBlk=1091;p1:teslaLegacy/allowed=0/fault=none/txBlk=1091
STATE/PANDA t=178.355s v=0.0mph gear=park gas=0 brake=0 cruiseEn=0 cruiseAvail=1 long=off op_started=1 p0:teslaLegacy/allowed=0/fault=none/txBlk=1092;p1:teslaLegacy/allowed=0/fault=none/txBlk=1092
STATE/PANDA t=178.456s v=0.0mph gear=park gas=0 brake=0 cruiseEn=0 cruiseAvail=1 long=off op_started=1 p0:teslaLegacy/allowed=0/fault=none/txBlk=1093;p1:teslaLegacy/allowed=0/fault=none/txBlk=1093
STATE/PANDA t=178.555s v=0.0mph gear=park gas=0 brake=0 cruiseEn=0 cruiseAvail=1 long=off op_started=1 p0:teslaLegacy/allowed=0/fault=none/txBlk=1094;p1:teslaLegacy/allowed=0/fault=none/txBlk=1094
STATE/PANDA t=178.653s v=0.0mph gear=park gas=0 brake=0 cruiseEn=0 cruiseAvail=1 long=off op_started=1 p0:teslaLegacy/allowed=0/fault=none/txBlk=1095;p1:teslaLegacy/allowed=0/fault=none/txBlk=1095
STATE/PANDA t=178.754s v=0.0mph gear=park gas=0 brake=0 cruiseEn=0 cruiseAvail=1 long=off op_started=1 p0:teslaLegacy/allowed=0/fault=none/txBlk=1096;p1:teslaLegacy/allowed=0/fault=none/txBlk=1096
STATE/PANDA t=178.854s v=0.0mph gear=park gas=0 brake=0 cruiseEn=0 cruiseAvail=1 long=off op_started=1 p0:teslaLegacy/allowed=0/fault=none/txBlk=1097;p1:teslaLegacy/allowed=0/fault=none/txBlk=1097
STATE/PANDA t=178.952s v=0.0mph gear=park gas=0 brake=0 cruiseEn=0 cruiseAvail=1 long=off op_started=1 p0:teslaLegacy/allowed=0/fault=none/txBlk=1098;p1:teslaLegacy/allowed=0/fault=none/txBlk=1098
STATE/PANDA t=179.054s v=0.0mph gear=park gas=0 brake=0 cruiseEn=0 cruiseAvail=1 long=off op_started=1 p0:teslaLegacy/allowed=0/fault=none/txBlk=1099;p1:teslaLegacy/allowed=0/fault=none/txBlk=1099
STATE/PANDA t=179.153s v=0.0mph gear=park gas=0 brake=0 cruiseEn=0 cruiseAvail=1 long=off op_started=1 p0:teslaLegacy/allowed=0/fault=none/txBlk=1100;p1:teslaLegacy/allowed=0/fault=none/txBlk=1100
STATE/PANDA t=179.253s v=0.0mph gear=park gas=0 brake=0 cruiseEn=0 cruiseAvail=1 long=off op_started=1 p0:teslaLegacy/allowed=0/fault=none/txBlk=1101;p1:teslaLegacy/allowed=0/fault=none/txBlk=1101
STATE/PANDA t=179.350s v=0.0mph gear=park gas=0 brake=0 cruiseEn=0 cruiseAvail=1 long=off op_started=1 p0:teslaLegacy/allowed=0/fault=none/txBlk=1102;p1:teslaLegacy/allowed=0/fault=none/txBlk=1102
STATE/PANDA t=179.456s v=0.0mph gear=park gas=0 brake=0 cruiseEn=0 cruiseAvail=1 long=off op_started=1 p0:teslaLegacy/allowed=0/fault=none/txBlk=1103;p1:teslaLegacy/allowed=0/fault=none/txBlk=1103
STATE/PANDA t=179.559s v=0.0mph gear=park gas=0 brake=0 cruiseEn=0 cruiseAvail=1 long=off op_started=1 p0:teslaLegacy/allowed=0/fault=none/txBlk=1104;p1:teslaLegacy/allowed=0/fault=none/txBlk=1104
STATE/PANDA t=179.653s v=0.0mph gear=park gas=0 brake=0 cruiseEn=0 cruiseAvail=1 long=off op_started=1 p0:teslaLegacy/allowed=0/fault=none/txBlk=1105;p1:teslaLegacy/allowed=0/fault=none/txBlk=1105
STATE/PANDA t=179.755s v=0.0mph gear=park gas=0 brake=0 cruiseEn=0 cruiseAvail=1 long=off op_started=1 p0:teslaLegacy/allowed=0/fault=none/txBlk=1106;p1:teslaLegacy/allowed=0/fault=none/txBlk=1106
STATE/PANDA t=179.859s v=0.0mph gear=park gas=0 brake=0 cruiseEn=0 cruiseAvail=1 long=off op_started=1 p0:teslaLegacy/allowed=0/fault=none/txBlk=1107;p1:teslaLegacy/allowed=0/fault=none/txBlk=1107
STATE/PANDA t=179.958s v=0.0mph gear=park gas=0 brake=0 cruiseEn=0 cruiseAvail=1 long=off op_started=1 p0:teslaLegacy/allowed=0/fault=none/txBlk=1108;p1:teslaLegacy/allowed=0/fault=none/txBlk=1108
STATE/PANDA t=180.051s v=0.0mph gear=park gas=0 brake=0 cruiseEn=0 cruiseAvail=1 long=off op_started=1 p0:teslaLegacy/allowed=0/fault=none/txBlk=1109;p1:teslaLegacy/allowed=0/fault=none/txBlk=1109
STATE/PANDA t=180.157s v=0.0mph gear=park gas=0 brake=0 cruiseEn=0 cruiseAvail=1 long=off op_started=1 p0:teslaLegacy/allowed=0/fault=none/txBlk=1110;p1:teslaLegacy/allowed=0/fault=none/txBlk=1110
STATE/PANDA t=180.254s v=0.0mph gear=park gas=0 brake=0 cruiseEn=0 cruiseAvail=1 long=off op_started=1 p0:teslaLegacy/allowed=0/fault=none/txBlk=1111;p1:teslaLegacy/allowed=0/fault=none/txBlk=1111
STATE/PANDA t=180.357s v=0.0mph gear=park gas=0 brake=0 cruiseEn=0 cruiseAvail=1 long=off op_started=1 p0:teslaLegacy/allowed=0/fault=none/txBlk=1112;p1:teslaLegacy/allowed=0/fault=none/txBlk=1112
STATE/PANDA t=180.455s v=0.0mph gear=park gas=0 brake=0 cruiseEn=0 cruiseAvail=1 long=off op_started=1 p0:teslaLegacy/allowed=0/fault=none/txBlk=1113;p1:teslaLegacy/allowed=0/fault=none/txBlk=1113
STATE/PANDA t=180.558s v=0.0mph gear=park gas=0 brake=0 cruiseEn=0 cruiseAvail=1 long=off op_started=1 p0:teslaLegacy/allowed=0/fault=none/txBlk=1114;p1:teslaLegacy/allowed=0/fault=none/txBlk=1114
STATE/PANDA t=180.658s v=0.0mph gear=park gas=0 brake=0 cruiseEn=0 cruiseAvail=1 long=off op_started=1 p0:teslaLegacy/allowed=0/fault=none/txBlk=1115;p1:teslaLegacy/allowed=0/fault=none/txBlk=1115
STATE/PANDA t=180.759s v=0.0mph gear=park gas=0 brake=0 cruiseEn=0 cruiseAvail=1 long=off op_started=1 p0:teslaLegacy/allowed=0/fault=none/txBlk=1116;p1:teslaLegacy/allowed=0/fault=none/txBlk=1116
STATE/PANDA t=180.856s v=0.0mph gear=park gas=0 brake=0 cruiseEn=0 cruiseAvail=1 long=off op_started=1 p0:teslaLegacy/allowed=0/fault=none/txBlk=1117;p1:teslaLegacy/allowed=0/fault=none/txBlk=1117
STATE/PANDA t=180.958s v=0.0mph gear=park gas=0 brake=0 cruiseEn=0 cruiseAvail=1 long=off op_started=1 p0:teslaLegacy/allowed=0/fault=none/txBlk=1118;p1:teslaLegacy/allowed=0/fault=none/txBlk=1118
STATE/PANDA t=181.057s v=0.0mph gear=park gas=0 brake=0 cruiseEn=0 cruiseAvail=1 long=off op_started=1 p0:teslaLegacy/allowed=0/fault=none/txBlk=1119;p1:teslaLegacy/allowed=0/fault=none/txBlk=1119
STATE/PANDA t=181.163s v=0.0mph gear=park gas=0 brake=0 cruiseEn=0 cruiseAvail=1 long=off op_started=1 p0:teslaLegacy/allowed=0/fault=none/txBlk=1120;p1:teslaLegacy/allowed=0/fault=none/txBlk=1120
STATE/PANDA t=181.250s v=0.0mph gear=park gas=0 brake=0 cruiseEn=0 cruiseAvail=1 long=off op_started=1 p0:teslaLegacy/allowed=0/fault=none/txBlk=1121;p1:teslaLegacy/allowed=0/fault=none/txBlk=1121
STATE/PANDA t=181.355s v=0.0mph gear=park gas=0 brake=0 cruiseEn=0 cruiseAvail=1 long=off op_started=1 p0:teslaLegacy/allowed=0/fault=none/txBlk=1122;p1:teslaLegacy/allowed=0/fault=none/txBlk=1122
STATE/PANDA t=181.455s v=0.0mph gear=park gas=0 brake=0 cruiseEn=0 cruiseAvail=1 long=off op_started=1 p0:teslaLegacy/allowed=0/fault=none/txBlk=1123;p1:teslaLegacy/allowed=0/fault=none/txBlk=1123
STATE/PANDA t=181.554s v=0.0mph gear=park gas=0 brake=0 cruiseEn=0 cruiseAvail=1 long=off op_started=1 p0:teslaLegacy/allowed=0/fault=none/txBlk=1124;p1:teslaLegacy/allowed=0/fault=none/txBlk=1124
STATE/PANDA t=181.650s v=0.0mph gear=park gas=0 brake=0 cruiseEn=0 cruiseAvail=1 long=off op_started=1 p0:teslaLegacy/allowed=0/fault=none/txBlk=1125;p1:teslaLegacy/allowed=0/fault=none/txBlk=1125
STATE/PANDA t=181.757s v=0.0mph gear=park gas=0 brake=0 cruiseEn=0 cruiseAvail=1 long=off op_started=1 p0:teslaLegacy/allowed=0/fault=none/txBlk=1126;p1:teslaLegacy/allowed=0/fault=none/txBlk=1126
STATE/PANDA t=181.857s v=0.0mph gear=park gas=0 brake=0 cruiseEn=0 cruiseAvail=1 long=off op_started=1 p0:teslaLegacy/allowed=0/fault=none/txBlk=1127;p1:teslaLegacy/allowed=0/fault=none/txBlk=1127
STATE/PANDA t=181.951s v=0.0mph gear=park gas=0 brake=0 cruiseEn=0 cruiseAvail=1 long=off op_started=1 p0:teslaLegacy/allowed=0/fault=none/txBlk=1128;p1:teslaLegacy/allowed=0/fault=none/txBlk=1128
STATE/PANDA t=182.061s v=0.0mph gear=park gas=0 brake=0 cruiseEn=0 cruiseAvail=1 long=off op_started=1 p0:teslaLegacy/allowed=0/fault=none/txBlk=1129;p1:teslaLegacy/allowed=0/fault=none/txBlk=1129
STATE/PANDA t=182.164s v=0.0mph gear=park gas=0 brake=0 cruiseEn=0 cruiseAvail=1 long=off op_started=1 p0:teslaLegacy/allowed=0/fault=none/txBlk=1130;p1:teslaLegacy/allowed=0/fault=none/txBlk=1130
STATE/PANDA t=182.253s v=0.0mph gear=park gas=0 brake=0 cruiseEn=0 cruiseAvail=1 long=off op_started=1 p0:teslaLegacy/allowed=0/fault=none/txBlk=1131;p1:teslaLegacy/allowed=0/fault=none/txBlk=1131
STATE/PANDA t=182.351s v=0.0mph gear=park gas=0 brake=0 cruiseEn=0 cruiseAvail=1 long=off op_started=1 p0:teslaLegacy/allowed=0/fault=none/txBlk=1132;p1:teslaLegacy/allowed=0/fault=none/txBlk=1132
STATE/PANDA t=182.462s v=0.0mph gear=park gas=0 brake=0 cruiseEn=0 cruiseAvail=1 long=off op_started=1 p0:teslaLegacy/allowed=0/fault=none/txBlk=1133;p1:teslaLegacy/allowed=0/fault=none/txBlk=1133
STATE/PANDA t=182.554s v=0.0mph gear=park gas=0 brake=0 cruiseEn=0 cruiseAvail=1 long=off op_started=1 p0:teslaLegacy/allowed=0/fault=none/txBlk=1134;p1:teslaLegacy/allowed=0/fault=none/txBlk=1134
STATE/PANDA t=182.654s v=0.0mph gear=park gas=0 brake=0 cruiseEn=0 cruiseAvail=1 long=off op_started=1 p0:teslaLegacy/allowed=0/fault=none/txBlk=1135;p1:teslaLegacy/allowed=0/fault=none/txBlk=1135
STATE/PANDA t=182.752s v=0.0mph gear=park gas=0 brake=0 cruiseEn=0 cruiseAvail=1 long=off op_started=1 p0:teslaLegacy/allowed=0/fault=none/txBlk=1136;p1:teslaLegacy/allowed=0/fault=none/txBlk=1136
STATE/PANDA t=182.855s v=0.0mph gear=park gas=0 brake=0 cruiseEn=0 cruiseAvail=1 long=off op_started=1 p0:teslaLegacy/allowed=0/fault=none/txBlk=1137;p1:teslaLegacy/allowed=0/fault=none/txBlk=1137
STATE/PANDA t=182.962s v=0.0mph gear=park gas=0 brake=0 cruiseEn=0 cruiseAvail=1 long=off op_started=1 p0:teslaLegacy/allowed=0/fault=none/txBlk=1138;p1:teslaLegacy/allowed=0/fault=none/txBlk=1138
STATE/PANDA t=183.055s v=0.0mph gear=park gas=0 brake=0 cruiseEn=0 cruiseAvail=1 long=off op_started=1 p0:teslaLegacy/allowed=0/fault=none/txBlk=1139;p1:teslaLegacy/allowed=0/fault=none/txBlk=1139
STATE/PANDA t=183.151s v=0.0mph gear=park gas=0 brake=0 cruiseEn=0 cruiseAvail=1 long=off op_started=1 p0:teslaLegacy/allowed=0/fault=none/txBlk=1140;p1:teslaLegacy/allowed=0/fault=none/txBlk=1140
STATE/PANDA t=183.252s v=0.0mph gear=park gas=0 brake=0 cruiseEn=0 cruiseAvail=1 long=off op_started=1 p0:teslaLegacy/allowed=0/fault=none/txBlk=1141;p1:teslaLegacy/allowed=0/fault=none/txBlk=1141
STATE/PANDA t=183.353s v=0.0mph gear=park gas=0 brake=0 cruiseEn=0 cruiseAvail=1 long=off op_started=1 p0:teslaLegacy/allowed=0/fault=none/txBlk=1142;p1:teslaLegacy/allowed=0/fault=none/txBlk=1142
STATE/PANDA t=183.455s v=0.0mph gear=park gas=0 brake=0 cruiseEn=0 cruiseAvail=1 long=off op_started=1 p0:teslaLegacy/allowed=0/fault=none/txBlk=1143;p1:teslaLegacy/allowed=0/fault=none/txBlk=1143
STATE/PANDA t=183.563s v=0.0mph gear=park gas=0 brake=0 cruiseEn=0 cruiseAvail=1 long=off op_started=1 p0:teslaLegacy/allowed=0/fault=none/txBlk=1144;p1:teslaLegacy/allowed=0/fault=none/txBlk=1144
STATE/PANDA t=183.655s v=0.0mph gear=park gas=0 brake=0 cruiseEn=0 cruiseAvail=1 long=off op_started=1 p0:teslaLegacy/allowed=0/fault=none/txBlk=1145;p1:teslaLegacy/allowed=0/fault=none/txBlk=1145
STATE/PANDA t=183.755s v=0.0mph gear=park gas=0 brake=0 cruiseEn=0 cruiseAvail=1 long=off op_started=1 p0:teslaLegacy/allowed=0/fault=none/txBlk=1146;p1:teslaLegacy/allowed=0/fault=none/txBlk=1146
STATE/PANDA t=183.853s v=0.0mph gear=park gas=0 brake=0 cruiseEn=0 cruiseAvail=1 long=off op_started=1 p0:teslaLegacy/allowed=0/fault=none/txBlk=1147;p1:teslaLegacy/allowed=0/fault=none/txBlk=1147
STATE/PANDA t=183.959s v=0.0mph gear=park gas=0 brake=0 cruiseEn=0 cruiseAvail=1 long=off op_started=1 p0:teslaLegacy/allowed=0/fault=none/txBlk=1148;p1:teslaLegacy/allowed=0/fault=none/txBlk=1148
STATE/PANDA t=184.060s v=0.0mph gear=park gas=0 brake=0 cruiseEn=0 cruiseAvail=1 long=off op_started=1 p0:teslaLegacy/allowed=0/fault=none/txBlk=1149;p1:teslaLegacy/allowed=0/fault=none/txBlk=1149
STATE/PANDA t=184.156s v=0.0mph gear=park gas=0 brake=0 cruiseEn=0 cruiseAvail=1 long=off op_started=1 p0:teslaLegacy/allowed=0/fault=none/txBlk=1150;p1:teslaLegacy/allowed=0/fault=none/txBlk=1150
STATE/PANDA t=184.256s v=0.0mph gear=park gas=0 brake=0 cruiseEn=0 cruiseAvail=1 long=off op_started=1 p0:teslaLegacy/allowed=0/fault=none/txBlk=1151;p1:teslaLegacy/allowed=0/fault=none/txBlk=1151
STATE/PANDA t=184.355s v=0.0mph gear=park gas=0 brake=0 cruiseEn=0 cruiseAvail=1 long=off op_started=1 p0:teslaLegacy/allowed=0/fault=none/txBlk=1152;p1:teslaLegacy/allowed=0/fault=none/txBlk=1152
STATE/PANDA t=184.458s v=0.0mph gear=park gas=0 brake=0 cruiseEn=0 cruiseAvail=1 long=off op_started=1 p0:teslaLegacy/allowed=0/fault=none/txBlk=1153;p1:teslaLegacy/allowed=0/fault=none/txBlk=1153
STATE/PANDA t=184.560s v=0.0mph gear=park gas=0 brake=0 cruiseEn=0 cruiseAvail=1 long=off op_started=1 p0:teslaLegacy/allowed=0/fault=none/txBlk=1154;p1:teslaLegacy/allowed=0/fault=none/txBlk=1154
STATE/PANDA t=184.658s v=0.0mph gear=park gas=0 brake=0 cruiseEn=0 cruiseAvail=1 long=off op_started=1 p0:teslaLegacy/allowed=0/fault=none/txBlk=1155;p1:teslaLegacy/allowed=0/fault=none/txBlk=1155
STATE/PANDA t=184.755s v=0.0mph gear=park gas=0 brake=0 cruiseEn=0 cruiseAvail=1 long=off op_started=1 p0:teslaLegacy/allowed=0/fault=none/txBlk=1156;p1:teslaLegacy/allowed=0/fault=none/txBlk=1156
STATE/PANDA t=184.860s v=0.0mph gear=park gas=0 brake=0 cruiseEn=0 cruiseAvail=1 long=off op_started=1 p0:teslaLegacy/allowed=0/fault=none/txBlk=1157;p1:teslaLegacy/allowed=0/fault=none/txBlk=1157
STATE/PANDA t=184.955s v=0.0mph gear=park gas=0 brake=0 cruiseEn=0 cruiseAvail=1 long=off op_started=1 p0:teslaLegacy/allowed=0/fault=none/txBlk=1158;p1:teslaLegacy/allowed=0/fault=none/txBlk=1158
STATE/PANDA t=185.054s v=0.0mph gear=park gas=0 brake=0 cruiseEn=0 cruiseAvail=1 long=off op_started=1 p0:teslaLegacy/allowed=0/fault=none/txBlk=1159;p1:teslaLegacy/allowed=0/fault=none/txBlk=1159
STATE/PANDA t=185.155s v=0.0mph gear=park gas=0 brake=0 cruiseEn=0 cruiseAvail=1 long=off op_started=1 p0:teslaLegacy/allowed=0/fault=none/txBlk=1160;p1:teslaLegacy/allowed=0/fault=none/txBlk=1160
STATE/PANDA t=185.256s v=0.0mph gear=park gas=0 brake=0 cruiseEn=0 cruiseAvail=1 long=off op_started=1 p0:teslaLegacy/allowed=0/fault=none/txBlk=1161;p1:teslaLegacy/allowed=0/fault=none/txBlk=1161
STATE/PANDA t=185.353s v=0.0mph gear=park gas=0 brake=0 cruiseEn=0 cruiseAvail=1 long=off op_started=1 p0:teslaLegacy/allowed=0/fault=none/txBlk=1162;p1:teslaLegacy/allowed=0/fault=none/txBlk=1162
STATE/PANDA t=185.457s v=0.0mph gear=park gas=0 brake=0 cruiseEn=0 cruiseAvail=1 long=off op_started=1 p0:teslaLegacy/allowed=0/fault=none/txBlk=1163;p1:teslaLegacy/allowed=0/fault=none/txBlk=1163
STATE/PANDA t=185.554s v=0.0mph gear=park gas=0 brake=0 cruiseEn=0 cruiseAvail=1 long=off op_started=1 p0:teslaLegacy/allowed=0/fault=none/txBlk=1164;p1:teslaLegacy/allowed=0/fault=none/txBlk=1164
STATE/PANDA t=185.657s v=0.0mph gear=park gas=0 brake=0 cruiseEn=0 cruiseAvail=1 long=off op_started=1 p0:teslaLegacy/allowed=0/fault=none/txBlk=1165;p1:teslaLegacy/allowed=0/fault=none/txBlk=1165
STATE/PANDA t=185.758s v=0.0mph gear=park gas=0 brake=0 cruiseEn=0 cruiseAvail=1 long=off op_started=1 p0:teslaLegacy/allowed=0/fault=none/txBlk=1166;p1:teslaLegacy/allowed=0/fault=none/txBlk=1166
STATE/PANDA t=185.857s v=0.0mph gear=park gas=0 brake=0 cruiseEn=0 cruiseAvail=1 long=off op_started=1 p0:teslaLegacy/allowed=0/fault=none/txBlk=1167;p1:teslaLegacy/allowed=0/fault=none/txBlk=1167
STATE/PANDA t=185.957s v=0.0mph gear=park gas=0 brake=0 cruiseEn=0 cruiseAvail=1 long=off op_started=1 p0:teslaLegacy/allowed=0/fault=none/txBlk=1168;p1:teslaLegacy/allowed=0/fault=none/txBlk=1168
STATE/PANDA t=186.066s v=0.0mph gear=park gas=0 brake=0 cruiseEn=0 cruiseAvail=1 long=off op_started=1 p0:teslaLegacy/allowed=0/fault=none/txBlk=1169;p1:teslaLegacy/allowed=0/fault=none/txBlk=1169
STATE/PANDA t=186.152s v=0.0mph gear=park gas=0 brake=0 cruiseEn=0 cruiseAvail=1 long=off op_started=1 p0:teslaLegacy/allowed=0/fault=none/txBlk=1170;p1:teslaLegacy/allowed=0/fault=none/txBlk=1170
STATE/PANDA t=186.256s v=0.0mph gear=park gas=0 brake=0 cruiseEn=0 cruiseAvail=1 long=off op_started=1 p0:teslaLegacy/allowed=0/fault=none/txBlk=1171;p1:teslaLegacy/allowed=0/fault=none/txBlk=1171
STATE/PANDA t=186.356s v=0.0mph gear=park gas=0 brake=0 cruiseEn=0 cruiseAvail=1 long=off op_started=1 p0:teslaLegacy/allowed=0/fault=none/txBlk=1172;p1:teslaLegacy/allowed=0/fault=none/txBlk=1172
STATE/PANDA t=186.455s v=0.0mph gear=park gas=0 brake=0 cruiseEn=0 cruiseAvail=1 long=off op_started=1 p0:teslaLegacy/allowed=0/fault=none/txBlk=1173;p1:teslaLegacy/allowed=0/fault=none/txBlk=1173
STATE/PANDA t=186.555s v=0.0mph gear=park gas=0 brake=0 cruiseEn=0 cruiseAvail=1 long=off op_started=1 p0:teslaLegacy/allowed=0/fault=none/txBlk=1174;p1:teslaLegacy/allowed=0/fault=none/txBlk=1174
STATE/PANDA t=186.655s v=0.0mph gear=park gas=0 brake=0 cruiseEn=0 cruiseAvail=1 long=off op_started=1 p0:teslaLegacy/allowed=0/fault=none/txBlk=1175;p1:teslaLegacy/allowed=0/fault=none/txBlk=1175
STATE/PANDA t=186.751s v=0.0mph gear=park gas=0 brake=0 cruiseEn=0 cruiseAvail=1 long=off op_started=1 p0:teslaLegacy/allowed=0/fault=none/txBlk=1176;p1:teslaLegacy/allowed=0/fault=none/txBlk=1176
STATE/PANDA t=186.851s v=0.0mph gear=park gas=0 brake=0 cruiseEn=0 cruiseAvail=1 long=off op_started=1 p0:teslaLegacy/allowed=0/fault=none/txBlk=1177;p1:teslaLegacy/allowed=0/fault=none/txBlk=1177
STATE/PANDA t=186.951s v=0.0mph gear=park gas=0 brake=0 cruiseEn=0 cruiseAvail=1 long=off op_started=1 p0:teslaLegacy/allowed=0/fault=none/txBlk=1178;p1:teslaLegacy/allowed=0/fault=none/txBlk=1178
STATE/PANDA t=187.049s v=0.0mph gear=park gas=0 brake=0 cruiseEn=0 cruiseAvail=1 long=off op_started=1 p0:teslaLegacy/allowed=0/fault=none/txBlk=1179;p1:teslaLegacy/allowed=0/fault=none/txBlk=1179
STATE/PANDA t=187.155s v=0.0mph gear=park gas=0 brake=0 cruiseEn=0 cruiseAvail=1 long=off op_started=1 p0:teslaLegacy/allowed=0/fault=none/txBlk=1180;p1:teslaLegacy/allowed=0/fault=none/txBlk=1180
STATE/PANDA t=187.255s v=0.0mph gear=park gas=0 brake=0 cruiseEn=0 cruiseAvail=1 long=off op_started=1 p0:teslaLegacy/allowed=0/fault=none/txBlk=1181;p1:teslaLegacy/allowed=0/fault=none/txBlk=1181
STATE/PANDA t=187.358s v=0.0mph gear=park gas=0 brake=0 cruiseEn=0 cruiseAvail=1 long=off op_started=1 p0:teslaLegacy/allowed=0/fault=none/txBlk=1182;p1:teslaLegacy/allowed=0/fault=none/txBlk=1182
STATE/PANDA t=187.453s v=0.0mph gear=park gas=0 brake=0 cruiseEn=0 cruiseAvail=1 long=off op_started=1 p0:teslaLegacy/allowed=0/fault=none/txBlk=1183;p1:teslaLegacy/allowed=0/fault=none/txBlk=1183
STATE/PANDA t=187.557s v=0.0mph gear=park gas=0 brake=0 cruiseEn=0 cruiseAvail=1 long=off op_started=1 p0:teslaLegacy/allowed=0/fault=none/txBlk=1184;p1:teslaLegacy/allowed=0/fault=none/txBlk=1184
STATE/PANDA t=187.653s v=0.0mph gear=park gas=0 brake=0 cruiseEn=0 cruiseAvail=1 long=off op_started=1 p0:teslaLegacy/allowed=0/fault=none/txBlk=1185;p1:teslaLegacy/allowed=0/fault=none/txBlk=1185
STATE/PANDA t=187.752s v=0.0mph gear=park gas=0 brake=0 cruiseEn=0 cruiseAvail=1 long=off op_started=1 p0:teslaLegacy/allowed=0/fault=none/txBlk=1186;p1:teslaLegacy/allowed=0/fault=none/txBlk=1186
STATE/PANDA t=187.854s v=0.0mph gear=park gas=0 brake=0 cruiseEn=0 cruiseAvail=1 long=off op_started=1 p0:teslaLegacy/allowed=0/fault=none/txBlk=1187;p1:teslaLegacy/allowed=0/fault=none/txBlk=1187
STATE/PANDA t=187.953s v=0.0mph gear=park gas=0 brake=0 cruiseEn=0 cruiseAvail=1 long=off op_started=1 p0:teslaLegacy/allowed=0/fault=none/txBlk=1188;p1:teslaLegacy/allowed=0/fault=none/txBlk=1188
STATE/PANDA t=188.053s v=0.0mph gear=park gas=0 brake=0 cruiseEn=0 cruiseAvail=1 long=off op_started=1 p0:teslaLegacy/allowed=0/fault=none/txBlk=1189;p1:teslaLegacy/allowed=0/fault=none/txBlk=1189
STATE/PANDA t=188.152s v=0.0mph gear=park gas=0 brake=0 cruiseEn=0 cruiseAvail=1 long=off op_started=1 p0:teslaLegacy/allowed=0/fault=none/txBlk=1190;p1:teslaLegacy/allowed=0/fault=none/txBlk=1190
STATE/PANDA t=188.252s v=0.0mph gear=park gas=0 brake=0 cruiseEn=0 cruiseAvail=1 long=off op_started=1 p0:teslaLegacy/allowed=0/fault=none/txBlk=1191;p1:teslaLegacy/allowed=0/fault=none/txBlk=1191
STATE/PANDA t=188.352s v=0.0mph gear=park gas=0 brake=0 cruiseEn=0 cruiseAvail=1 long=off op_started=1 p0:teslaLegacy/allowed=0/fault=none/txBlk=1192;p1:teslaLegacy/allowed=0/fault=none/txBlk=1192
STATE/PANDA t=188.457s v=0.0mph gear=park gas=0 brake=0 cruiseEn=0 cruiseAvail=1 long=off op_started=1 p0:teslaLegacy/allowed=0/fault=none/txBlk=1193;p1:teslaLegacy/allowed=0/fault=none/txBlk=1193
STATE/PANDA t=188.555s v=0.0mph gear=park gas=0 brake=0 cruiseEn=0 cruiseAvail=1 long=off op_started=1 p0:teslaLegacy/allowed=0/fault=none/txBlk=1194;p1:teslaLegacy/allowed=0/fault=none/txBlk=1194
STATE/PANDA t=188.659s v=0.0mph gear=park gas=0 brake=0 cruiseEn=0 cruiseAvail=1 long=off op_started=1 p0:teslaLegacy/allowed=0/fault=none/txBlk=1195;p1:teslaLegacy/allowed=0/fault=none/txBlk=1195
STATE/PANDA t=188.754s v=0.0mph gear=park gas=0 brake=0 cruiseEn=0 cruiseAvail=1 long=off op_started=1 p0:teslaLegacy/allowed=0/fault=none/txBlk=1196;p1:teslaLegacy/allowed=0/fault=none/txBlk=1196
STATE/PANDA t=188.856s v=0.0mph gear=park gas=0 brake=0 cruiseEn=0 cruiseAvail=1 long=off op_started=1 p0:teslaLegacy/allowed=0/fault=none/txBlk=1197;p1:teslaLegacy/allowed=0/fault=none/txBlk=1197
STATE/PANDA t=188.957s v=0.0mph gear=park gas=0 brake=0 cruiseEn=0 cruiseAvail=1 long=off op_started=1 p0:teslaLegacy/allowed=0/fault=none/txBlk=1198;p1:teslaLegacy/allowed=0/fault=none/txBlk=1198
STATE/PANDA t=189.056s v=0.0mph gear=park gas=0 brake=0 cruiseEn=0 cruiseAvail=1 long=off op_started=1 p0:teslaLegacy/allowed=0/fault=none/txBlk=1199;p1:teslaLegacy/allowed=0/fault=none/txBlk=1199
STATE/PANDA t=189.154s v=0.0mph gear=park gas=0 brake=0 cruiseEn=0 cruiseAvail=1 long=off op_started=1 p0:teslaLegacy/allowed=0/fault=none/txBlk=1200;p1:teslaLegacy/allowed=0/fault=none/txBlk=1200
STATE/PANDA t=189.260s v=0.0mph gear=park gas=0 brake=0 cruiseEn=0 cruiseAvail=1 long=off op_started=1 p0:teslaLegacy/allowed=0/fault=none/txBlk=1201;p1:teslaLegacy/allowed=0/fault=none/txBlk=1201
STATE/PANDA t=189.359s v=0.0mph gear=park gas=0 brake=0 cruiseEn=0 cruiseAvail=1 long=off op_started=1 p0:teslaLegacy/allowed=0/fault=none/txBlk=1202;p1:teslaLegacy/allowed=0/fault=none/txBlk=1202
STATE/PANDA t=189.456s v=0.0mph gear=park gas=0 brake=0 cruiseEn=0 cruiseAvail=1 long=off op_started=1 p0:teslaLegacy/allowed=0/fault=none/txBlk=1203;p1:teslaLegacy/allowed=0/fault=none/txBlk=1203
STATE/PANDA t=189.561s v=0.0mph gear=park gas=0 brake=0 cruiseEn=0 cruiseAvail=1 long=off op_started=1 p0:teslaLegacy/allowed=0/fault=none/txBlk=1204;p1:teslaLegacy/allowed=0/fault=none/txBlk=1204
STATE/PANDA t=189.657s v=0.0mph gear=park gas=0 brake=0 cruiseEn=0 cruiseAvail=1 long=off op_started=1 p0:teslaLegacy/allowed=0/fault=none/txBlk=1205;p1:teslaLegacy/allowed=0/fault=none/txBlk=1205
STATE/PANDA t=189.758s v=0.0mph gear=park gas=0 brake=0 cruiseEn=0 cruiseAvail=1 long=off op_started=1 p0:teslaLegacy/allowed=0/fault=none/txBlk=1206;p1:teslaLegacy/allowed=0/fault=none/txBlk=1206
STATE/PANDA t=189.861s v=0.0mph gear=park gas=0 brake=0 cruiseEn=0 cruiseAvail=1 long=off op_started=1 p0:teslaLegacy/allowed=0/fault=none/txBlk=1207;p1:teslaLegacy/allowed=0/fault=none/txBlk=1207
STATE/PANDA t=189.961s v=0.0mph gear=park gas=0 brake=0 cruiseEn=0 cruiseAvail=1 long=off op_started=1 p0:teslaLegacy/allowed=0/fault=none/txBlk=1208;p1:teslaLegacy/allowed=0/fault=none/txBlk=1208
STATE/PANDA t=190.050s v=0.0mph gear=park gas=0 brake=0 cruiseEn=0 cruiseAvail=1 long=off op_started=1 p0:teslaLegacy/allowed=0/fault=none/txBlk=1209;p1:teslaLegacy/allowed=0/fault=none/txBlk=1209
STATE/PANDA t=190.156s v=0.0mph gear=park gas=0 brake=0 cruiseEn=0 cruiseAvail=1 long=off op_started=1 p0:teslaLegacy/allowed=0/fault=none/txBlk=1210;p1:teslaLegacy/allowed=0/fault=none/txBlk=1210
STATE/PANDA t=190.251s v=0.0mph gear=park gas=0 brake=0 cruiseEn=0 cruiseAvail=1 long=off op_started=1 p0:teslaLegacy/allowed=0/fault=none/txBlk=1211;p1:teslaLegacy/allowed=0/fault=none/txBlk=1211
STATE/PANDA t=190.355s v=0.0mph gear=park gas=0 brake=0 cruiseEn=0 cruiseAvail=1 long=off op_started=1 p0:teslaLegacy/allowed=0/fault=none/txBlk=1212;p1:teslaLegacy/allowed=0/fault=none/txBlk=1212
STATE/PANDA t=190.456s v=0.0mph gear=park gas=0 brake=0 cruiseEn=0 cruiseAvail=1 long=off op_started=1 p0:teslaLegacy/allowed=0/fault=none/txBlk=1213;p1:teslaLegacy/allowed=0/fault=none/txBlk=1213
STATE/PANDA t=190.557s v=0.0mph gear=park gas=0 brake=0 cruiseEn=0 cruiseAvail=1 long=off op_started=1 p0:teslaLegacy/allowed=0/fault=none/txBlk=1214;p1:teslaLegacy/allowed=0/fault=none/txBlk=1214
STATE/PANDA t=190.652s v=0.0mph gear=park gas=0 brake=0 cruiseEn=0 cruiseAvail=1 long=off op_started=1 p0:teslaLegacy/allowed=0/fault=none/txBlk=1215;p1:teslaLegacy/allowed=0/fault=none/txBlk=1215
STATE/PANDA t=190.752s v=0.0mph gear=park gas=0 brake=0 cruiseEn=0 cruiseAvail=1 long=off op_started=1 p0:teslaLegacy/allowed=0/fault=none/txBlk=1216;p1:teslaLegacy/allowed=0/fault=none/txBlk=1216
STATE/PANDA t=190.851s v=0.0mph gear=park gas=0 brake=0 cruiseEn=0 cruiseAvail=1 long=off op_started=1 p0:teslaLegacy/allowed=0/fault=none/txBlk=1217;p1:teslaLegacy/allowed=0/fault=none/txBlk=1217
STATE/PANDA t=190.952s v=0.0mph gear=park gas=0 brake=0 cruiseEn=0 cruiseAvail=1 long=off op_started=1 p0:teslaLegacy/allowed=0/fault=none/txBlk=1218;p1:teslaLegacy/allowed=0/fault=none/txBlk=1218
STATE/PANDA t=191.056s v=0.0mph gear=park gas=0 brake=0 cruiseEn=0 cruiseAvail=1 long=off op_started=1 p0:teslaLegacy/allowed=0/fault=none/txBlk=1219;p1:teslaLegacy/allowed=0/fault=none/txBlk=1219
STATE/PANDA t=191.156s v=0.0mph gear=park gas=0 brake=0 cruiseEn=0 cruiseAvail=1 long=off op_started=1 p0:teslaLegacy/allowed=0/fault=none/txBlk=1220;p1:teslaLegacy/allowed=0/fault=none/txBlk=1220
STATE/PANDA t=191.253s v=0.0mph gear=park gas=0 brake=0 cruiseEn=0 cruiseAvail=1 long=off op_started=1 p0:teslaLegacy/allowed=0/fault=none/txBlk=1221;p1:teslaLegacy/allowed=0/fault=none/txBlk=1221
STATE/PANDA t=191.355s v=0.0mph gear=park gas=0 brake=0 cruiseEn=0 cruiseAvail=1 long=off op_started=1 p0:teslaLegacy/allowed=0/fault=none/txBlk=1222;p1:teslaLegacy/allowed=0/fault=none/txBlk=1222
STATE/PANDA t=191.451s v=0.0mph gear=park gas=0 brake=0 cruiseEn=0 cruiseAvail=1 long=off op_started=1 p0:teslaLegacy/allowed=0/fault=none/txBlk=1223;p1:teslaLegacy/allowed=0/fault=none/txBlk=1223
STATE/PANDA t=191.553s v=0.0mph gear=park gas=0 brake=0 cruiseEn=0 cruiseAvail=1 long=off op_started=1 p0:teslaLegacy/allowed=0/fault=none/txBlk=1224;p1:teslaLegacy/allowed=0/fault=none/txBlk=1224
STATE/PANDA t=191.656s v=0.0mph gear=park gas=0 brake=0 cruiseEn=0 cruiseAvail=1 long=off op_started=1 p0:teslaLegacy/allowed=0/fault=none/txBlk=1225;p1:teslaLegacy/allowed=0/fault=none/txBlk=1225
STATE/PANDA t=191.755s v=0.0mph gear=park gas=0 brake=0 cruiseEn=0 cruiseAvail=1 long=off op_started=1 p0:teslaLegacy/allowed=0/fault=none/txBlk=1226;p1:teslaLegacy/allowed=0/fault=none/txBlk=1226
STATE/PANDA t=191.866s v=0.0mph gear=park gas=0 brake=0 cruiseEn=0 cruiseAvail=1 long=off op_started=1 p0:teslaLegacy/allowed=0/fault=none/txBlk=1227;p1:teslaLegacy/allowed=0/fault=none/txBlk=1227
STATE/PANDA t=191.958s v=0.0mph gear=park gas=0 brake=0 cruiseEn=0 cruiseAvail=1 long=off op_started=1 p0:teslaLegacy/allowed=0/fault=none/txBlk=1228;p1:teslaLegacy/allowed=0/fault=none/txBlk=1228
STATE/PANDA t=192.056s v=0.0mph gear=park gas=0 brake=0 cruiseEn=0 cruiseAvail=1 long=off op_started=1 p0:teslaLegacy/allowed=0/fault=none/txBlk=1229;p1:teslaLegacy/allowed=0/fault=none/txBlk=1229
STATE/PANDA t=192.153s v=0.0mph gear=park gas=0 brake=0 cruiseEn=0 cruiseAvail=1 long=off op_started=1 p0:teslaLegacy/allowed=0/fault=none/txBlk=1230;p1:teslaLegacy/allowed=0/fault=none/txBlk=1230
STATE/PANDA t=192.255s v=0.0mph gear=park gas=0 brake=0 cruiseEn=0 cruiseAvail=1 long=off op_started=1 p0:teslaLegacy/allowed=0/fault=none/txBlk=1231;p1:teslaLegacy/allowed=0/fault=none/txBlk=1231
STATE/PANDA t=192.355s v=0.0mph gear=park gas=0 brake=0 cruiseEn=0 cruiseAvail=1 long=off op_started=1 p0:teslaLegacy/allowed=0/fault=none/txBlk=1232;p1:teslaLegacy/allowed=0/fault=none/txBlk=1232
STATE/PANDA t=192.453s v=0.0mph gear=park gas=0 brake=0 cruiseEn=0 cruiseAvail=1 long=off op_started=1 p0:teslaLegacy/allowed=0/fault=none/txBlk=1233;p1:teslaLegacy/allowed=0/fault=none/txBlk=1233
STATE/PANDA t=192.552s v=0.0mph gear=park gas=0 brake=0 cruiseEn=0 cruiseAvail=1 long=off op_started=1 p0:teslaLegacy/allowed=0/fault=none/txBlk=1234;p1:teslaLegacy/allowed=0/fault=none/txBlk=1234
STATE/PANDA t=192.657s v=0.0mph gear=park gas=0 brake=0 cruiseEn=0 cruiseAvail=1 long=off op_started=1 p0:teslaLegacy/allowed=0/fault=none/txBlk=1235;p1:teslaLegacy/allowed=0/fault=none/txBlk=1235
STATE/PANDA t=192.751s v=0.0mph gear=park gas=0 brake=0 cruiseEn=0 cruiseAvail=1 long=off op_started=1 p0:teslaLegacy/allowed=0/fault=none/txBlk=1236;p1:teslaLegacy/allowed=0/fault=none/txBlk=1236
STATE/PANDA t=192.854s v=0.0mph gear=park gas=0 brake=0 cruiseEn=0 cruiseAvail=1 long=off op_started=1 p0:teslaLegacy/allowed=0/fault=none/txBlk=1237;p1:teslaLegacy/allowed=0/fault=none/txBlk=1237
STATE/PANDA t=192.951s v=0.0mph gear=park gas=0 brake=0 cruiseEn=0 cruiseAvail=1 long=off op_started=1 p0:teslaLegacy/allowed=0/fault=none/txBlk=1238;p1:teslaLegacy/allowed=0/fault=none/txBlk=1238
STATE/PANDA t=193.057s v=0.0mph gear=park gas=0 brake=0 cruiseEn=0 cruiseAvail=1 long=off op_started=1 p0:teslaLegacy/allowed=0/fault=none/txBlk=1239;p1:teslaLegacy/allowed=0/fault=none/txBlk=1239
STATE/PANDA t=193.154s v=0.0mph gear=park gas=0 brake=0 cruiseEn=0 cruiseAvail=1 long=off op_started=1 p0:teslaLegacy/allowed=0/fault=none/txBlk=1240;p1:teslaLegacy/allowed=0/fault=none/txBlk=1240
STATE/PANDA t=193.254s v=0.0mph gear=park gas=0 brake=0 cruiseEn=0 cruiseAvail=1 long=off op_started=1 p0:teslaLegacy/allowed=0/fault=none/txBlk=1241;p1:teslaLegacy/allowed=0/fault=none/txBlk=1241
STATE/PANDA t=193.359s v=0.0mph gear=park gas=0 brake=0 cruiseEn=0 cruiseAvail=1 long=off op_started=1 p0:teslaLegacy/allowed=0/fault=none/txBlk=1242;p1:teslaLegacy/allowed=0/fault=none/txBlk=1242
STATE/PANDA t=193.451s v=0.0mph gear=park gas=0 brake=0 cruiseEn=0 cruiseAvail=1 long=off op_started=1 p0:teslaLegacy/allowed=0/fault=none/txBlk=1243;p1:teslaLegacy/allowed=0/fault=none/txBlk=1243
STATE/PANDA t=193.560s v=0.0mph gear=park gas=0 brake=0 cruiseEn=0 cruiseAvail=1 long=off op_started=1 p0:teslaLegacy/allowed=0/fault=none/txBlk=1244;p1:teslaLegacy/allowed=0/fault=none/txBlk=1244
STATE/PANDA t=193.655s v=0.0mph gear=park gas=0 brake=0 cruiseEn=0 cruiseAvail=1 long=off op_started=1 p0:teslaLegacy/allowed=0/fault=none/txBlk=1245;p1:teslaLegacy/allowed=0/fault=none/txBlk=1245
STATE/PANDA t=193.754s v=0.0mph gear=park gas=0 brake=0 cruiseEn=0 cruiseAvail=1 long=off op_started=1 p0:teslaLegacy/allowed=0/fault=none/txBlk=1246;p1:teslaLegacy/allowed=0/fault=none/txBlk=1246
STATE/PANDA t=193.855s v=0.0mph gear=park gas=0 brake=0 cruiseEn=0 cruiseAvail=1 long=off op_started=1 p0:teslaLegacy/allowed=0/fault=none/txBlk=1247;p1:teslaLegacy/allowed=0/fault=none/txBlk=1247
STATE/PANDA t=193.956s v=0.0mph gear=park gas=0 brake=0 cruiseEn=0 cruiseAvail=1 long=off op_started=1 p0:teslaLegacy/allowed=0/fault=none/txBlk=1248;p1:teslaLegacy/allowed=0/fault=none/txBlk=1248
STATE/PANDA t=194.051s v=0.0mph gear=park gas=0 brake=0 cruiseEn=0 cruiseAvail=1 long=off op_started=1 p0:teslaLegacy/allowed=0/fault=none/txBlk=1249;p1:teslaLegacy/allowed=0/fault=none/txBlk=1249
STATE/PANDA t=194.154s v=0.0mph gear=park gas=0 brake=0 cruiseEn=0 cruiseAvail=1 long=off op_started=1 p0:teslaLegacy/allowed=0/fault=none/txBlk=1250;p1:teslaLegacy/allowed=0/fault=none/txBlk=1250
STATE/PANDA t=194.257s v=0.0mph gear=park gas=0 brake=0 cruiseEn=0 cruiseAvail=1 long=off op_started=1 p0:teslaLegacy/allowed=0/fault=none/txBlk=1251;p1:teslaLegacy/allowed=0/fault=none/txBlk=1251
STATE/PANDA t=194.359s v=0.0mph gear=park gas=0 brake=0 cruiseEn=0 cruiseAvail=1 long=off op_started=1 p0:teslaLegacy/allowed=0/fault=none/txBlk=1252;p1:teslaLegacy/allowed=0/fault=none/txBlk=1252
STATE/PANDA t=194.453s v=0.0mph gear=park gas=0 brake=0 cruiseEn=0 cruiseAvail=1 long=off op_started=1 p0:teslaLegacy/allowed=0/fault=none/txBlk=1253;p1:teslaLegacy/allowed=0/fault=none/txBlk=1253
STATE/PANDA t=194.563s v=0.0mph gear=park gas=0 brake=0 cruiseEn=0 cruiseAvail=1 long=off op_started=1 p0:teslaLegacy/allowed=0/fault=none/txBlk=1254;p1:teslaLegacy/allowed=0/fault=none/txBlk=1254
STATE/PANDA t=194.652s v=0.0mph gear=park gas=0 brake=0 cruiseEn=0 cruiseAvail=1 long=off op_started=1 p0:teslaLegacy/allowed=0/fault=none/txBlk=1255;p1:teslaLegacy/allowed=0/fault=none/txBlk=1255
STATE/PANDA t=194.758s v=0.0mph gear=park gas=0 brake=0 cruiseEn=0 cruiseAvail=1 long=off op_started=1 p0:teslaLegacy/allowed=0/fault=none/txBlk=1256;p1:teslaLegacy/allowed=0/fault=none/txBlk=1256
STATE/PANDA t=194.854s v=0.0mph gear=park gas=0 brake=0 cruiseEn=0 cruiseAvail=1 long=off op_started=1 p0:teslaLegacy/allowed=0/fault=none/txBlk=1257;p1:teslaLegacy/allowed=0/fault=none/txBlk=1257
STATE/PANDA t=194.961s v=0.0mph gear=park gas=0 brake=0 cruiseEn=0 cruiseAvail=1 long=off op_started=1 p0:teslaLegacy/allowed=0/fault=none/txBlk=1258;p1:teslaLegacy/allowed=0/fault=none/txBlk=1258
STATE/PANDA t=195.054s v=0.0mph gear=park gas=0 brake=0 cruiseEn=0 cruiseAvail=1 long=off op_started=1 p0:teslaLegacy/allowed=0/fault=none/txBlk=1259;p1:teslaLegacy/allowed=0/fault=none/txBlk=1259
STATE/PANDA t=195.155s v=0.0mph gear=park gas=0 brake=0 cruiseEn=0 cruiseAvail=1 long=off op_started=1 p0:teslaLegacy/allowed=0/fault=none/txBlk=1260;p1:teslaLegacy/allowed=0/fault=none/txBlk=1260
STATE/PANDA t=195.257s v=0.0mph gear=park gas=0 brake=0 cruiseEn=0 cruiseAvail=1 long=off op_started=1 p0:teslaLegacy/allowed=0/fault=none/txBlk=1261;p1:teslaLegacy/allowed=0/fault=none/txBlk=1261
STATE/PANDA t=195.359s v=0.0mph gear=park gas=0 brake=0 cruiseEn=0 cruiseAvail=1 long=off op_started=1 p0:teslaLegacy/allowed=0/fault=none/txBlk=1262;p1:teslaLegacy/allowed=0/fault=none/txBlk=1262
STATE/PANDA t=195.460s v=0.0mph gear=park gas=0 brake=0 cruiseEn=0 cruiseAvail=1 long=off op_started=1 p0:teslaLegacy/allowed=0/fault=none/txBlk=1263;p1:teslaLegacy/allowed=0/fault=none/txBlk=1263
STATE/PANDA t=195.555s v=0.0mph gear=park gas=0 brake=0 cruiseEn=0 cruiseAvail=1 long=off op_started=1 p0:teslaLegacy/allowed=0/fault=none/txBlk=1264;p1:teslaLegacy/allowed=0/fault=none/txBlk=1264
STATE/PANDA t=195.658s v=0.0mph gear=park gas=0 brake=0 cruiseEn=0 cruiseAvail=1 long=off op_started=1 p0:teslaLegacy/allowed=0/fault=none/txBlk=1265;p1:teslaLegacy/allowed=0/fault=none/txBlk=1265
STATE/PANDA t=195.753s v=0.0mph gear=park gas=0 brake=0 cruiseEn=0 cruiseAvail=1 long=off op_started=1 p0:teslaLegacy/allowed=0/fault=none/txBlk=1266;p1:teslaLegacy/allowed=0/fault=none/txBlk=1266
STATE/PANDA t=195.859s v=0.0mph gear=park gas=0 brake=0 cruiseEn=0 cruiseAvail=1 long=off op_started=1 p0:teslaLegacy/allowed=0/fault=none/txBlk=1267;p1:teslaLegacy/allowed=0/fault=none/txBlk=1267
STATE/PANDA t=195.955s v=0.0mph gear=park gas=0 brake=0 cruiseEn=0 cruiseAvail=1 long=off op_started=1 p0:teslaLegacy/allowed=0/fault=none/txBlk=1268;p1:teslaLegacy/allowed=0/fault=none/txBlk=1268
STATE/PANDA t=196.065s v=0.0mph gear=park gas=0 brake=0 cruiseEn=0 cruiseAvail=1 long=off op_started=1 p0:teslaLegacy/allowed=0/fault=none/txBlk=1269;p1:teslaLegacy/allowed=0/fault=none/txBlk=1269
STATE/PANDA t=196.158s v=0.0mph gear=park gas=0 brake=0 cruiseEn=0 cruiseAvail=1 long=off op_started=1 p0:teslaLegacy/allowed=0/fault=none/txBlk=1270;p1:teslaLegacy/allowed=0/fault=none/txBlk=1270
STATE/PANDA t=196.256s v=0.0mph gear=park gas=0 brake=0 cruiseEn=0 cruiseAvail=1 long=off op_started=1 p0:teslaLegacy/allowed=0/fault=none/txBlk=1271;p1:teslaLegacy/allowed=0/fault=none/txBlk=1271
STATE/PANDA t=196.358s v=0.0mph gear=park gas=0 brake=0 cruiseEn=0 cruiseAvail=1 long=off op_started=1 p0:teslaLegacy/allowed=0/fault=none/txBlk=1272;p1:teslaLegacy/allowed=0/fault=none/txBlk=1272
STATE/PANDA t=196.452s v=0.0mph gear=park gas=0 brake=0 cruiseEn=0 cruiseAvail=1 long=off op_started=1 p0:teslaLegacy/allowed=0/fault=none/txBlk=1273;p1:teslaLegacy/allowed=0/fault=none/txBlk=1273
STATE/PANDA t=196.559s v=0.0mph gear=park gas=0 brake=0 cruiseEn=0 cruiseAvail=1 long=off op_started=1 p0:teslaLegacy/allowed=0/fault=none/txBlk=1274;p1:teslaLegacy/allowed=0/fault=none/txBlk=1274
STATE/PANDA t=196.656s v=0.0mph gear=park gas=0 brake=0 cruiseEn=0 cruiseAvail=1 long=off op_started=1 p0:teslaLegacy/allowed=0/fault=none/txBlk=1275;p1:teslaLegacy/allowed=0/fault=none/txBlk=1275
STATE/PANDA t=196.757s v=0.0mph gear=park gas=0 brake=0 cruiseEn=0 cruiseAvail=1 long=off op_started=1 p0:teslaLegacy/allowed=0/fault=none/txBlk=1276;p1:teslaLegacy/allowed=0/fault=none/txBlk=1276
STATE/PANDA t=196.855s v=0.0mph gear=park gas=0 brake=0 cruiseEn=0 cruiseAvail=1 long=off op_started=1 p0:teslaLegacy/allowed=0/fault=none/txBlk=1277;p1:teslaLegacy/allowed=0/fault=none/txBlk=1277
STATE/PANDA t=196.956s v=0.0mph gear=park gas=0 brake=0 cruiseEn=0 cruiseAvail=1 long=off op_started=1 p0:teslaLegacy/allowed=0/fault=none/txBlk=1278;p1:teslaLegacy/allowed=0/fault=none/txBlk=1278
STATE/PANDA t=197.056s v=0.0mph gear=park gas=0 brake=0 cruiseEn=0 cruiseAvail=1 long=off op_started=1 p0:teslaLegacy/allowed=0/fault=none/txBlk=1279;p1:teslaLegacy/allowed=0/fault=none/txBlk=1279
STATE/PANDA t=197.154s v=0.0mph gear=park gas=0 brake=0 cruiseEn=0 cruiseAvail=1 long=off op_started=1 p0:teslaLegacy/allowed=0/fault=none/txBlk=1280;p1:teslaLegacy/allowed=0/fault=none/txBlk=1280
STATE/PANDA t=197.253s v=0.0mph gear=park gas=0 brake=0 cruiseEn=0 cruiseAvail=1 long=off op_started=1 p0:teslaLegacy/allowed=0/fault=none/txBlk=1281;p1:teslaLegacy/allowed=0/fault=none/txBlk=1281
STATE/PANDA t=197.353s v=0.0mph gear=park gas=0 brake=0 cruiseEn=0 cruiseAvail=1 long=off op_started=1 p0:teslaLegacy/allowed=0/fault=none/txBlk=1282;p1:teslaLegacy/allowed=0/fault=none/txBlk=1282
STATE/PANDA t=197.455s v=0.0mph gear=park gas=0 brake=0 cruiseEn=0 cruiseAvail=1 long=off op_started=1 p0:teslaLegacy/allowed=0/fault=none/txBlk=1283;p1:teslaLegacy/allowed=0/fault=none/txBlk=1283
STATE/PANDA t=197.551s v=0.0mph gear=park gas=0 brake=0 cruiseEn=0 cruiseAvail=1 long=off op_started=1 p0:teslaLegacy/allowed=0/fault=none/txBlk=1284;p1:teslaLegacy/allowed=0/fault=none/txBlk=1284
STATE/PANDA t=197.653s v=0.0mph gear=park gas=0 brake=0 cruiseEn=0 cruiseAvail=1 long=off op_started=1 p0:teslaLegacy/allowed=0/fault=none/txBlk=1285;p1:teslaLegacy/allowed=0/fault=none/txBlk=1285
STATE/PANDA t=197.754s v=0.0mph gear=park gas=0 brake=0 cruiseEn=0 cruiseAvail=1 long=off op_started=1 p0:teslaLegacy/allowed=0/fault=none/txBlk=1286;p1:teslaLegacy/allowed=0/fault=none/txBlk=1286
STATE/PANDA t=197.853s v=0.0mph gear=park gas=0 brake=0 cruiseEn=0 cruiseAvail=1 long=off op_started=1 p0:teslaLegacy/allowed=0/fault=none/txBlk=1287;p1:teslaLegacy/allowed=0/fault=none/txBlk=1287
STATE/PANDA t=197.956s v=0.0mph gear=park gas=0 brake=0 cruiseEn=0 cruiseAvail=1 long=off op_started=1 p0:teslaLegacy/allowed=0/fault=none/txBlk=1288;p1:teslaLegacy/allowed=0/fault=none/txBlk=1288
STATE/PANDA t=198.063s v=0.0mph gear=park gas=0 brake=0 cruiseEn=0 cruiseAvail=1 long=off op_started=1 p0:teslaLegacy/allowed=0/fault=none/txBlk=1289;p1:teslaLegacy/allowed=0/fault=none/txBlk=1289
STATE/PANDA t=198.154s v=0.0mph gear=park gas=0 brake=0 cruiseEn=0 cruiseAvail=1 long=off op_started=1 p0:teslaLegacy/allowed=0/fault=none/txBlk=1290;p1:teslaLegacy/allowed=0/fault=none/txBlk=1290
STATE/PANDA t=198.250s v=0.0mph gear=park gas=0 brake=0 cruiseEn=0 cruiseAvail=1 long=off op_started=1 p0:teslaLegacy/allowed=0/fault=none/txBlk=1291;p1:teslaLegacy/allowed=0/fault=none/txBlk=1291
STATE/PANDA t=198.355s v=0.0mph gear=park gas=0 brake=0 cruiseEn=0 cruiseAvail=1 long=off op_started=1 p0:teslaLegacy/allowed=0/fault=none/txBlk=1292;p1:teslaLegacy/allowed=0/fault=none/txBlk=1292
STATE/PANDA t=198.456s v=0.0mph gear=park gas=0 brake=0 cruiseEn=0 cruiseAvail=1 long=off op_started=1 p0:teslaLegacy/allowed=0/fault=none/txBlk=1293;p1:teslaLegacy/allowed=0/fault=none/txBlk=1293
STATE/PANDA t=198.553s v=0.0mph gear=park gas=0 brake=0 cruiseEn=0 cruiseAvail=1 long=off op_started=1 p0:teslaLegacy/allowed=0/fault=none/txBlk=1294;p1:teslaLegacy/allowed=0/fault=none/txBlk=1294
STATE/PANDA t=198.650s v=0.0mph gear=park gas=0 brake=0 cruiseEn=0 cruiseAvail=1 long=off op_started=1 p0:teslaLegacy/allowed=0/fault=none/txBlk=1295;p1:teslaLegacy/allowed=0/fault=none/txBlk=1295
STATE/PANDA t=198.753s v=0.0mph gear=park gas=0 brake=0 cruiseEn=0 cruiseAvail=1 long=off op_started=1 p0:teslaLegacy/allowed=0/fault=none/txBlk=1296;p1:teslaLegacy/allowed=0/fault=none/txBlk=1296
STATE/PANDA t=198.851s v=0.0mph gear=park gas=0 brake=0 cruiseEn=0 cruiseAvail=1 long=off op_started=1 p0:teslaLegacy/allowed=0/fault=none/txBlk=1297;p1:teslaLegacy/allowed=0/fault=none/txBlk=1297
STATE/PANDA t=198.951s v=0.0mph gear=park gas=0 brake=0 cruiseEn=0 cruiseAvail=1 long=off op_started=1 p0:teslaLegacy/allowed=0/fault=none/txBlk=1298;p1:teslaLegacy/allowed=0/fault=none/txBlk=1298
STATE/PANDA t=199.060s v=0.0mph gear=park gas=0 brake=0 cruiseEn=0 cruiseAvail=1 long=off op_started=1 p0:teslaLegacy/allowed=0/fault=none/txBlk=1299;p1:teslaLegacy/allowed=0/fault=none/txBlk=1299
STATE/PANDA t=199.160s v=0.0mph gear=park gas=0 brake=0 cruiseEn=0 cruiseAvail=1 long=off op_started=1 p0:teslaLegacy/allowed=0/fault=none/txBlk=1300;p1:teslaLegacy/allowed=0/fault=none/txBlk=1300
STATE/PANDA t=199.253s v=0.0mph gear=park gas=0 brake=0 cruiseEn=0 cruiseAvail=1 long=off op_started=1 p0:teslaLegacy/allowed=0/fault=none/txBlk=1301;p1:teslaLegacy/allowed=0/fault=none/txBlk=1301
STATE/PANDA t=199.356s v=0.0mph gear=park gas=0 brake=0 cruiseEn=0 cruiseAvail=1 long=off op_started=1 p0:teslaLegacy/allowed=0/fault=none/txBlk=1302;p1:teslaLegacy/allowed=0/fault=none/txBlk=1302
STATE/PANDA t=199.454s v=0.0mph gear=park gas=0 brake=0 cruiseEn=0 cruiseAvail=1 long=off op_started=1 p0:teslaLegacy/allowed=0/fault=none/txBlk=1303;p1:teslaLegacy/allowed=0/fault=none/txBlk=1303
STATE/PANDA t=199.556s v=0.0mph gear=park gas=0 brake=0 cruiseEn=0 cruiseAvail=1 long=off op_started=1 p0:teslaLegacy/allowed=0/fault=none/txBlk=1304;p1:teslaLegacy/allowed=0/fault=none/txBlk=1304
STATE/PANDA t=199.658s v=0.0mph gear=park gas=0 brake=0 cruiseEn=0 cruiseAvail=1 long=off op_started=1 p0:teslaLegacy/allowed=0/fault=none/txBlk=1305;p1:teslaLegacy/allowed=0/fault=none/txBlk=1305
STATE/PANDA t=199.756s v=0.0mph gear=park gas=0 brake=0 cruiseEn=0 cruiseAvail=1 long=off op_started=1 p0:teslaLegacy/allowed=0/fault=none/txBlk=1306;p1:teslaLegacy/allowed=0/fault=none/txBlk=1306
STATE/PANDA t=199.855s v=0.0mph gear=park gas=0 brake=0 cruiseEn=0 cruiseAvail=1 long=off op_started=1 p0:teslaLegacy/allowed=0/fault=none/txBlk=1307;p1:teslaLegacy/allowed=0/fault=none/txBlk=1307
STATE/PANDA t=199.961s v=0.0mph gear=park gas=0 brake=0 cruiseEn=0 cruiseAvail=1 long=off op_started=1 p0:teslaLegacy/allowed=0/fault=none/txBlk=1308;p1:teslaLegacy/allowed=0/fault=none/txBlk=1308
STATE/PANDA t=200.058s v=0.0mph gear=park gas=0 brake=0 cruiseEn=0 cruiseAvail=1 long=off op_started=1 p0:teslaLegacy/allowed=0/fault=none/txBlk=1309;p1:teslaLegacy/allowed=0/fault=none/txBlk=1309
STATE/PANDA t=200.150s v=0.0mph gear=park gas=0 brake=0 cruiseEn=0 cruiseAvail=1 long=off op_started=1 p0:teslaLegacy/allowed=0/fault=none/txBlk=1310;p1:teslaLegacy/allowed=0/fault=none/txBlk=1310
STATE/PANDA t=200.256s v=0.0mph gear=park gas=0 brake=0 cruiseEn=0 cruiseAvail=1 long=off op_started=1 p0:teslaLegacy/allowed=0/fault=none/txBlk=1311;p1:teslaLegacy/allowed=0/fault=none/txBlk=1311
STATE/PANDA t=200.358s v=0.0mph gear=park gas=0 brake=0 cruiseEn=0 cruiseAvail=1 long=off op_started=1 p0:teslaLegacy/allowed=0/fault=none/txBlk=1312;p1:teslaLegacy/allowed=0/fault=none/txBlk=1312
STATE/PANDA t=200.456s v=0.0mph gear=park gas=0 brake=0 cruiseEn=0 cruiseAvail=1 long=off op_started=1 p0:teslaLegacy/allowed=0/fault=none/txBlk=1313;p1:teslaLegacy/allowed=0/fault=none/txBlk=1313
STATE/PANDA t=200.557s v=0.0mph gear=park gas=0 brake=0 cruiseEn=0 cruiseAvail=1 long=off op_started=1 p0:teslaLegacy/allowed=0/fault=none/txBlk=1314;p1:teslaLegacy/allowed=0/fault=none/txBlk=1314
STATE/PANDA t=200.657s v=0.0mph gear=park gas=0 brake=0 cruiseEn=0 cruiseAvail=1 long=off op_started=1 p0:teslaLegacy/allowed=0/fault=none/txBlk=1315;p1:teslaLegacy/allowed=0/fault=none/txBlk=1315
STATE/PANDA t=200.758s v=0.0mph gear=park gas=0 brake=0 cruiseEn=0 cruiseAvail=1 long=off op_started=1 p0:teslaLegacy/allowed=0/fault=none/txBlk=1316;p1:teslaLegacy/allowed=0/fault=none/txBlk=1316
STATE/PANDA t=200.855s v=0.0mph gear=park gas=0 brake=0 cruiseEn=0 cruiseAvail=1 long=off op_started=1 p0:teslaLegacy/allowed=0/fault=none/txBlk=1317;p1:teslaLegacy/allowed=0/fault=none/txBlk=1317
STATE/PANDA t=200.960s v=0.0mph gear=park gas=0 brake=0 cruiseEn=0 cruiseAvail=1 long=off op_started=1 p0:teslaLegacy/allowed=0/fault=none/txBlk=1318;p1:teslaLegacy/allowed=0/fault=none/txBlk=1318
STATE/PANDA t=201.056s v=0.0mph gear=park gas=0 brake=0 cruiseEn=0 cruiseAvail=1 long=off op_started=1 p0:teslaLegacy/allowed=0/fault=none/txBlk=1319;p1:teslaLegacy/allowed=0/fault=none/txBlk=1319
STATE/PANDA t=201.158s v=0.0mph gear=park gas=0 brake=0 cruiseEn=0 cruiseAvail=1 long=off op_started=1 p0:teslaLegacy/allowed=0/fault=none/txBlk=1320;p1:teslaLegacy/allowed=0/fault=none/txBlk=1320
STATE/PANDA t=201.258s v=0.0mph gear=park gas=0 brake=0 cruiseEn=0 cruiseAvail=1 long=off op_started=1 p0:teslaLegacy/allowed=0/fault=none/txBlk=1321;p1:teslaLegacy/allowed=0/fault=none/txBlk=1321
STATE/PANDA t=201.383s v=0.0mph gear=park gas=0 brake=0 cruiseEn=0 cruiseAvail=1 long=off op_started=1 p0:teslaLegacy/allowed=0/fault=none/txBlk=1322;p1:teslaLegacy/allowed=0/fault=none/txBlk=1322
STATE/PANDA t=201.461s v=0.0mph gear=park gas=0 brake=0 cruiseEn=0 cruiseAvail=1 long=off op_started=1 p0:teslaLegacy/allowed=0/fault=none/txBlk=1323;p1:teslaLegacy/allowed=0/fault=none/txBlk=1323
STATE/PANDA t=201.554s v=0.0mph gear=park gas=0 brake=0 cruiseEn=0 cruiseAvail=1 long=off op_started=1 p0:teslaLegacy/allowed=0/fault=none/txBlk=1324;p1:teslaLegacy/allowed=0/fault=none/txBlk=1324
STATE/PANDA t=201.656s v=0.0mph gear=park gas=0 brake=0 cruiseEn=0 cruiseAvail=1 long=off op_started=1 p0:teslaLegacy/allowed=0/fault=none/txBlk=1325;p1:teslaLegacy/allowed=0/fault=none/txBlk=1325
STATE/PANDA t=201.759s v=0.0mph gear=park gas=0 brake=0 cruiseEn=0 cruiseAvail=1 long=off op_started=1 p0:teslaLegacy/allowed=0/fault=none/txBlk=1326;p1:teslaLegacy/allowed=0/fault=none/txBlk=1326
STATE/PANDA t=201.858s v=0.0mph gear=park gas=0 brake=0 cruiseEn=0 cruiseAvail=1 long=off op_started=1 p0:teslaLegacy/allowed=0/fault=none/txBlk=1327;p1:teslaLegacy/allowed=0/fault=none/txBlk=1327
STATE/PANDA t=201.957s v=0.0mph gear=park gas=0 brake=0 cruiseEn=0 cruiseAvail=1 long=off op_started=1 p0:teslaLegacy/allowed=0/fault=none/txBlk=1328;p1:teslaLegacy/allowed=0/fault=none/txBlk=1328
STATE/PANDA t=202.065s v=0.0mph gear=park gas=0 brake=0 cruiseEn=0 cruiseAvail=1 long=off op_started=1 p0:teslaLegacy/allowed=0/fault=none/txBlk=1329;p1:teslaLegacy/allowed=0/fault=none/txBlk=1329
STATE/PANDA t=202.157s v=0.0mph gear=park gas=0 brake=0 cruiseEn=0 cruiseAvail=1 long=off op_started=1 p0:teslaLegacy/allowed=0/fault=none/txBlk=1330;p1:teslaLegacy/allowed=0/fault=none/txBlk=1330
STATE/PANDA t=202.256s v=0.0mph gear=park gas=0 brake=0 cruiseEn=0 cruiseAvail=1 long=off op_started=1 p0:teslaLegacy/allowed=0/fault=none/txBlk=1331;p1:teslaLegacy/allowed=0/fault=none/txBlk=1331
STATE/PANDA t=202.356s v=0.0mph gear=park gas=0 brake=0 cruiseEn=0 cruiseAvail=1 long=off op_started=1 p0:teslaLegacy/allowed=0/fault=none/txBlk=1332;p1:teslaLegacy/allowed=0/fault=none/txBlk=1332
STATE/PANDA t=202.453s v=0.0mph gear=park gas=0 brake=0 cruiseEn=0 cruiseAvail=1 long=off op_started=1 p0:teslaLegacy/allowed=0/fault=none/txBlk=1333;p1:teslaLegacy/allowed=0/fault=none/txBlk=1333
STATE/PANDA t=202.553s v=0.0mph gear=park gas=0 brake=0 cruiseEn=0 cruiseAvail=1 long=off op_started=1 p0:teslaLegacy/allowed=0/fault=none/txBlk=1334;p1:teslaLegacy/allowed=0/fault=none/txBlk=1334
STATE/PANDA t=202.654s v=0.0mph gear=park gas=0 brake=0 cruiseEn=0 cruiseAvail=1 long=off op_started=1 p0:teslaLegacy/allowed=0/fault=none/txBlk=1335;p1:teslaLegacy/allowed=0/fault=none/txBlk=1335
STATE/PANDA t=202.753s v=0.0mph gear=park gas=0 brake=0 cruiseEn=0 cruiseAvail=1 long=off op_started=1 p0:teslaLegacy/allowed=0/fault=none/txBlk=1336;p1:teslaLegacy/allowed=0/fault=none/txBlk=1336
STATE/PANDA t=202.856s v=0.0mph gear=park gas=0 brake=0 cruiseEn=0 cruiseAvail=1 long=off op_started=1 p0:teslaLegacy/allowed=0/fault=none/txBlk=1337;p1:teslaLegacy/allowed=0/fault=none/txBlk=1337
STATE/PANDA t=202.959s v=0.0mph gear=park gas=0 brake=0 cruiseEn=0 cruiseAvail=1 long=off op_started=1 p0:teslaLegacy/allowed=0/fault=none/txBlk=1338;p1:teslaLegacy/allowed=0/fault=none/txBlk=1338
STATE/PANDA t=203.055s v=0.0mph gear=park gas=0 brake=0 cruiseEn=0 cruiseAvail=1 long=off op_started=1 p0:teslaLegacy/allowed=0/fault=none/txBlk=1339;p1:teslaLegacy/allowed=0/fault=none/txBlk=1339
STATE/PANDA t=203.151s v=0.0mph gear=park gas=0 brake=0 cruiseEn=0 cruiseAvail=1 long=off op_started=1 p0:teslaLegacy/allowed=0/fault=none/txBlk=1340;p1:teslaLegacy/allowed=0/fault=none/txBlk=1340
STATE/PANDA t=203.252s v=0.0mph gear=park gas=0 brake=0 cruiseEn=0 cruiseAvail=1 long=off op_started=1 p0:teslaLegacy/allowed=0/fault=none/txBlk=1341;p1:teslaLegacy/allowed=0/fault=none/txBlk=1341
STATE/PANDA t=203.357s v=0.0mph gear=park gas=0 brake=0 cruiseEn=0 cruiseAvail=1 long=off op_started=1 p0:teslaLegacy/allowed=0/fault=none/txBlk=1342;p1:teslaLegacy/allowed=0/fault=none/txBlk=1342
STATE/PANDA t=203.454s v=0.0mph gear=park gas=0 brake=0 cruiseEn=0 cruiseAvail=1 long=off op_started=1 p0:teslaLegacy/allowed=0/fault=none/txBlk=1343;p1:teslaLegacy/allowed=0/fault=none/txBlk=1343
STATE/PANDA t=203.555s v=0.0mph gear=park gas=0 brake=0 cruiseEn=0 cruiseAvail=1 long=off op_started=1 p0:teslaLegacy/allowed=0/fault=none/txBlk=1344;p1:teslaLegacy/allowed=0/fault=none/txBlk=1344
STATE/PANDA t=203.653s v=0.0mph gear=park gas=0 brake=0 cruiseEn=0 cruiseAvail=1 long=off op_started=1 p0:teslaLegacy/allowed=0/fault=none/txBlk=1345;p1:teslaLegacy/allowed=0/fault=none/txBlk=1345
STATE/PANDA t=203.756s v=0.0mph gear=park gas=0 brake=0 cruiseEn=0 cruiseAvail=1 long=off op_started=1 p0:teslaLegacy/allowed=0/fault=none/txBlk=1346;p1:teslaLegacy/allowed=0/fault=none/txBlk=1346
STATE/PANDA t=203.857s v=0.0mph gear=park gas=0 brake=0 cruiseEn=0 cruiseAvail=1 long=off op_started=1 p0:teslaLegacy/allowed=0/fault=none/txBlk=1347;p1:teslaLegacy/allowed=0/fault=none/txBlk=1347
STATE/PANDA t=203.953s v=0.0mph gear=park gas=0 brake=0 cruiseEn=0 cruiseAvail=1 long=off op_started=1 p0:teslaLegacy/allowed=0/fault=none/txBlk=1348;p1:teslaLegacy/allowed=0/fault=none/txBlk=1348
STATE/PANDA t=204.056s v=0.0mph gear=park gas=0 brake=0 cruiseEn=0 cruiseAvail=1 long=off op_started=1 p0:teslaLegacy/allowed=0/fault=none/txBlk=1349;p1:teslaLegacy/allowed=0/fault=none/txBlk=1349
STATE/PANDA t=204.157s v=0.0mph gear=park gas=0 brake=0 cruiseEn=0 cruiseAvail=1 long=off op_started=1 p0:teslaLegacy/allowed=0/fault=none/txBlk=1350;p1:teslaLegacy/allowed=0/fault=none/txBlk=1350
STATE/PANDA t=204.257s v=0.0mph gear=park gas=0 brake=0 cruiseEn=0 cruiseAvail=1 long=off op_started=1 p0:teslaLegacy/allowed=0/fault=none/txBlk=1351;p1:teslaLegacy/allowed=0/fault=none/txBlk=1351
STATE/PANDA t=204.353s v=0.0mph gear=park gas=0 brake=0 cruiseEn=0 cruiseAvail=1 long=off op_started=1 p0:teslaLegacy/allowed=0/fault=none/txBlk=1352;p1:teslaLegacy/allowed=0/fault=none/txBlk=1352
STATE/PANDA t=204.451s v=0.0mph gear=park gas=0 brake=0 cruiseEn=0 cruiseAvail=1 long=off op_started=1 p0:teslaLegacy/allowed=0/fault=none/txBlk=1353;p1:teslaLegacy/allowed=0/fault=none/txBlk=1353
STATE/PANDA t=204.555s v=0.0mph gear=park gas=0 brake=0 cruiseEn=0 cruiseAvail=1 long=off op_started=1 p0:teslaLegacy/allowed=0/fault=none/txBlk=1354;p1:teslaLegacy/allowed=0/fault=none/txBlk=1354
STATE/PANDA t=204.652s v=0.0mph gear=park gas=0 brake=0 cruiseEn=0 cruiseAvail=1 long=off op_started=1 p0:teslaLegacy/allowed=0/fault=none/txBlk=1355;p1:teslaLegacy/allowed=0/fault=none/txBlk=1355
STATE/PANDA t=204.751s v=0.0mph gear=park gas=0 brake=0 cruiseEn=0 cruiseAvail=1 long=off op_started=1 p0:teslaLegacy/allowed=0/fault=none/txBlk=1356;p1:teslaLegacy/allowed=0/fault=none/txBlk=1356
STATE/PANDA t=204.853s v=0.0mph gear=park gas=0 brake=0 cruiseEn=0 cruiseAvail=1 long=off op_started=1 p0:teslaLegacy/allowed=0/fault=none/txBlk=1357;p1:teslaLegacy/allowed=0/fault=none/txBlk=1357
STATE/PANDA t=204.953s v=0.0mph gear=park gas=0 brake=0 cruiseEn=0 cruiseAvail=1 long=off op_started=1 p0:teslaLegacy/allowed=0/fault=none/txBlk=1358;p1:teslaLegacy/allowed=0/fault=none/txBlk=1358
STATE/PANDA t=205.053s v=0.0mph gear=park gas=0 brake=0 cruiseEn=0 cruiseAvail=1 long=off op_started=1 p0:teslaLegacy/allowed=0/fault=none/txBlk=1359;p1:teslaLegacy/allowed=0/fault=none/txBlk=1359
STATE/PANDA t=205.156s v=0.0mph gear=park gas=0 brake=0 cruiseEn=0 cruiseAvail=1 long=off op_started=1 p0:teslaLegacy/allowed=0/fault=none/txBlk=1360;p1:teslaLegacy/allowed=0/fault=none/txBlk=1360
STATE/PANDA t=205.253s v=0.0mph gear=park gas=0 brake=0 cruiseEn=0 cruiseAvail=1 long=off op_started=1 p0:teslaLegacy/allowed=0/fault=none/txBlk=1361;p1:teslaLegacy/allowed=0/fault=none/txBlk=1361
STATE/PANDA t=205.355s v=0.0mph gear=park gas=0 brake=0 cruiseEn=0 cruiseAvail=1 long=off op_started=1 p0:teslaLegacy/allowed=0/fault=none/txBlk=1362;p1:teslaLegacy/allowed=0/fault=none/txBlk=1362
STATE/PANDA t=205.454s v=0.0mph gear=park gas=0 brake=0 cruiseEn=0 cruiseAvail=1 long=off op_started=1 p0:teslaLegacy/allowed=0/fault=none/txBlk=1363;p1:teslaLegacy/allowed=0/fault=none/txBlk=1363
STATE/PANDA t=205.558s v=0.0mph gear=park gas=0 brake=0 cruiseEn=0 cruiseAvail=1 long=off op_started=1 p0:teslaLegacy/allowed=0/fault=none/txBlk=1364;p1:teslaLegacy/allowed=0/fault=none/txBlk=1364
STATE/PANDA t=205.654s v=0.0mph gear=park gas=0 brake=0 cruiseEn=0 cruiseAvail=1 long=off op_started=1 p0:teslaLegacy/allowed=0/fault=none/txBlk=1365;p1:teslaLegacy/allowed=0/fault=none/txBlk=1365
STATE/PANDA t=205.753s v=0.0mph gear=park gas=0 brake=0 cruiseEn=0 cruiseAvail=1 long=off op_started=1 p0:teslaLegacy/allowed=0/fault=none/txBlk=1366;p1:teslaLegacy/allowed=0/fault=none/txBlk=1366
STATE/PANDA t=205.854s v=0.0mph gear=park gas=0 brake=0 cruiseEn=0 cruiseAvail=1 long=off op_started=1 p0:teslaLegacy/allowed=0/fault=none/txBlk=1367;p1:teslaLegacy/allowed=0/fault=none/txBlk=1367
STATE/PANDA t=205.954s v=0.0mph gear=park gas=0 brake=0 cruiseEn=0 cruiseAvail=1 long=off op_started=1 p0:teslaLegacy/allowed=0/fault=none/txBlk=1368;p1:teslaLegacy/allowed=0/fault=none/txBlk=1368
STATE/PANDA t=206.069s v=0.0mph gear=park gas=0 brake=0 cruiseEn=0 cruiseAvail=1 long=off op_started=1 p0:teslaLegacy/allowed=0/fault=none/txBlk=1369;p1:teslaLegacy/allowed=0/fault=none/txBlk=1369
STATE/PANDA t=206.152s v=0.0mph gear=park gas=0 brake=0 cruiseEn=0 cruiseAvail=1 long=off op_started=1 p0:teslaLegacy/allowed=0/fault=none/txBlk=1370;p1:teslaLegacy/allowed=0/fault=none/txBlk=1370
STATE/PANDA t=206.253s v=0.0mph gear=park gas=0 brake=0 cruiseEn=0 cruiseAvail=1 long=off op_started=1 p0:teslaLegacy/allowed=0/fault=none/txBlk=1371;p1:teslaLegacy/allowed=0/fault=none/txBlk=1371
STATE/PANDA t=206.355s v=0.0mph gear=park gas=0 brake=0 cruiseEn=0 cruiseAvail=1 long=off op_started=1 p0:teslaLegacy/allowed=0/fault=none/txBlk=1372;p1:teslaLegacy/allowed=0/fault=none/txBlk=1372
STATE/PANDA t=206.453s v=0.0mph gear=park gas=0 brake=0 cruiseEn=0 cruiseAvail=1 long=off op_started=1 p0:teslaLegacy/allowed=0/fault=none/txBlk=1373;p1:teslaLegacy/allowed=0/fault=none/txBlk=1373
STATE/PANDA t=206.557s v=0.0mph gear=park gas=0 brake=0 cruiseEn=0 cruiseAvail=1 long=off op_started=1 p0:teslaLegacy/allowed=0/fault=none/txBlk=1374;p1:teslaLegacy/allowed=0/fault=none/txBlk=1374
STATE/PANDA t=206.651s v=0.0mph gear=park gas=0 brake=0 cruiseEn=0 cruiseAvail=1 long=off op_started=1 p0:teslaLegacy/allowed=0/fault=none/txBlk=1375;p1:teslaLegacy/allowed=0/fault=none/txBlk=1375
STATE/PANDA t=206.775s v=0.0mph gear=park gas=0 brake=0 cruiseEn=0 cruiseAvail=1 long=off op_started=1 p0:teslaLegacy/allowed=0/fault=none/txBlk=1376;p1:teslaLegacy/allowed=0/fault=none/txBlk=1376
STATE/PANDA t=206.854s v=0.0mph gear=park gas=0 brake=0 cruiseEn=0 cruiseAvail=1 long=off op_started=1 p0:teslaLegacy/allowed=0/fault=none/txBlk=1377;p1:teslaLegacy/allowed=0/fault=none/txBlk=1377
STATE/PANDA t=206.958s v=0.0mph gear=park gas=0 brake=0 cruiseEn=0 cruiseAvail=1 long=off op_started=1 p0:teslaLegacy/allowed=0/fault=none/txBlk=1378;p1:teslaLegacy/allowed=0/fault=none/txBlk=1378
STATE/PANDA t=207.054s v=0.0mph gear=park gas=0 brake=0 cruiseEn=0 cruiseAvail=1 long=off op_started=1 p0:teslaLegacy/allowed=0/fault=none/txBlk=1379;p1:teslaLegacy/allowed=0/fault=none/txBlk=1379
STATE/PANDA t=207.155s v=0.0mph gear=park gas=0 brake=0 cruiseEn=0 cruiseAvail=1 long=off op_started=1 p0:teslaLegacy/allowed=0/fault=none/txBlk=1380;p1:teslaLegacy/allowed=0/fault=none/txBlk=1380
STATE/PANDA t=207.256s v=0.0mph gear=park gas=0 brake=0 cruiseEn=0 cruiseAvail=1 long=off op_started=1 p0:teslaLegacy/allowed=0/fault=none/txBlk=1381;p1:teslaLegacy/allowed=0/fault=none/txBlk=1381
STATE/PANDA t=207.357s v=0.0mph gear=park gas=0 brake=0 cruiseEn=0 cruiseAvail=1 long=off op_started=1 p0:teslaLegacy/allowed=0/fault=none/txBlk=1382;p1:teslaLegacy/allowed=0/fault=none/txBlk=1382
STATE/PANDA t=207.457s v=0.0mph gear=park gas=0 brake=0 cruiseEn=0 cruiseAvail=1 long=off op_started=1 p0:teslaLegacy/allowed=0/fault=none/txBlk=1383;p1:teslaLegacy/allowed=0/fault=none/txBlk=1383
STATE/PANDA t=207.562s v=0.0mph gear=park gas=0 brake=0 cruiseEn=0 cruiseAvail=1 long=off op_started=1 p0:teslaLegacy/allowed=0/fault=none/txBlk=1384;p1:teslaLegacy/allowed=0/fault=none/txBlk=1384
STATE/PANDA t=207.656s v=0.0mph gear=park gas=0 brake=0 cruiseEn=0 cruiseAvail=1 long=off op_started=1 p0:teslaLegacy/allowed=0/fault=none/txBlk=1385;p1:teslaLegacy/allowed=0/fault=none/txBlk=1385
STATE/PANDA t=207.757s v=0.0mph gear=park gas=0 brake=0 cruiseEn=0 cruiseAvail=1 long=off op_started=1 p0:teslaLegacy/allowed=0/fault=none/txBlk=1386;p1:teslaLegacy/allowed=0/fault=none/txBlk=1386
STATE/PANDA t=207.855s v=0.0mph gear=park gas=0 brake=0 cruiseEn=0 cruiseAvail=1 long=off op_started=1 p0:teslaLegacy/allowed=0/fault=none/txBlk=1387;p1:teslaLegacy/allowed=0/fault=none/txBlk=1387
STATE/PANDA t=207.960s v=0.0mph gear=park gas=0 brake=0 cruiseEn=0 cruiseAvail=1 long=off op_started=1 p0:teslaLegacy/allowed=0/fault=none/txBlk=1388;p1:teslaLegacy/allowed=0/fault=none/txBlk=1388
STATE/PANDA t=208.065s v=0.0mph gear=park gas=0 brake=0 cruiseEn=0 cruiseAvail=1 long=off op_started=1 p0:teslaLegacy/allowed=0/fault=none/txBlk=1389;p1:teslaLegacy/allowed=0/fault=none/txBlk=1389
STATE/PANDA t=208.158s v=0.0mph gear=park gas=0 brake=0 cruiseEn=0 cruiseAvail=1 long=off op_started=1 p0:teslaLegacy/allowed=0/fault=none/txBlk=1390;p1:teslaLegacy/allowed=0/fault=none/txBlk=1390
STATE/PANDA t=208.258s v=0.0mph gear=park gas=0 brake=0 cruiseEn=0 cruiseAvail=1 long=off op_started=1 p0:teslaLegacy/allowed=0/fault=none/txBlk=1391;p1:teslaLegacy/allowed=0/fault=none/txBlk=1391
STATE/PANDA t=208.350s v=0.0mph gear=park gas=0 brake=0 cruiseEn=0 cruiseAvail=1 long=off op_started=1 p0:teslaLegacy/allowed=0/fault=none/txBlk=1392;p1:teslaLegacy/allowed=0/fault=none/txBlk=1392
STATE/PANDA t=208.457s v=0.0mph gear=park gas=0 brake=0 cruiseEn=0 cruiseAvail=1 long=off op_started=1 p0:teslaLegacy/allowed=0/fault=none/txBlk=1393;p1:teslaLegacy/allowed=0/fault=none/txBlk=1393
STATE/PANDA t=208.556s v=0.0mph gear=park gas=0 brake=0 cruiseEn=0 cruiseAvail=1 long=off op_started=1 p0:teslaLegacy/allowed=0/fault=none/txBlk=1394;p1:teslaLegacy/allowed=0/fault=none/txBlk=1394
STATE/PANDA t=208.658s v=0.0mph gear=park gas=0 brake=0 cruiseEn=0 cruiseAvail=1 long=off op_started=1 p0:teslaLegacy/allowed=0/fault=none/txBlk=1395;p1:teslaLegacy/allowed=0/fault=none/txBlk=1395
STATE/PANDA t=208.756s v=0.0mph gear=park gas=0 brake=0 cruiseEn=0 cruiseAvail=1 long=off op_started=1 p0:teslaLegacy/allowed=0/fault=none/txBlk=1396;p1:teslaLegacy/allowed=0/fault=none/txBlk=1396
STATE/PANDA t=208.856s v=0.0mph gear=park gas=0 brake=0 cruiseEn=0 cruiseAvail=1 long=off op_started=1 p0:teslaLegacy/allowed=0/fault=none/txBlk=1397;p1:teslaLegacy/allowed=0/fault=none/txBlk=1397
STATE/PANDA t=208.957s v=0.0mph gear=park gas=0 brake=0 cruiseEn=0 cruiseAvail=1 long=off op_started=1 p0:teslaLegacy/allowed=0/fault=none/txBlk=1398;p1:teslaLegacy/allowed=0/fault=none/txBlk=1398
STATE/PANDA t=209.064s v=0.0mph gear=park gas=0 brake=0 cruiseEn=0 cruiseAvail=1 long=off op_started=1 p0:teslaLegacy/allowed=0/fault=none/txBlk=1399;p1:teslaLegacy/allowed=0/fault=none/txBlk=1399
STATE/PANDA t=209.159s v=0.0mph gear=park gas=0 brake=0 cruiseEn=0 cruiseAvail=1 long=off op_started=1 p0:teslaLegacy/allowed=0/fault=none/txBlk=1400;p1:teslaLegacy/allowed=0/fault=none/txBlk=1400
STATE/PANDA t=209.256s v=0.0mph gear=park gas=0 brake=0 cruiseEn=0 cruiseAvail=1 long=off op_started=1 p0:teslaLegacy/allowed=0/fault=none/txBlk=1401;p1:teslaLegacy/allowed=0/fault=none/txBlk=1401
STATE/PANDA t=209.353s v=0.0mph gear=park gas=0 brake=0 cruiseEn=0 cruiseAvail=1 long=off op_started=1 p0:teslaLegacy/allowed=0/fault=none/txBlk=1402;p1:teslaLegacy/allowed=0/fault=none/txBlk=1402
STATE/PANDA t=209.456s v=0.0mph gear=park gas=0 brake=0 cruiseEn=0 cruiseAvail=1 long=off op_started=1 p0:teslaLegacy/allowed=0/fault=none/txBlk=1403;p1:teslaLegacy/allowed=0/fault=none/txBlk=1403
STATE/PANDA t=209.552s v=0.0mph gear=park gas=0 brake=0 cruiseEn=0 cruiseAvail=1 long=off op_started=1 p0:teslaLegacy/allowed=0/fault=none/txBlk=1404;p1:teslaLegacy/allowed=0/fault=none/txBlk=1404
STATE/PANDA t=209.659s v=0.0mph gear=park gas=0 brake=0 cruiseEn=0 cruiseAvail=1 long=off op_started=1 p0:teslaLegacy/allowed=0/fault=none/txBlk=1405;p1:teslaLegacy/allowed=0/fault=none/txBlk=1405
STATE/PANDA t=209.754s v=0.0mph gear=park gas=0 brake=0 cruiseEn=0 cruiseAvail=1 long=off op_started=1 p0:teslaLegacy/allowed=0/fault=none/txBlk=1406;p1:teslaLegacy/allowed=0/fault=none/txBlk=1406
STATE/PANDA t=209.858s v=0.0mph gear=park gas=0 brake=0 cruiseEn=0 cruiseAvail=1 long=off op_started=1 p0:teslaLegacy/allowed=0/fault=none/txBlk=1407;p1:teslaLegacy/allowed=0/fault=none/txBlk=1407
STATE/PANDA t=209.956s v=0.0mph gear=park gas=0 brake=0 cruiseEn=0 cruiseAvail=1 long=off op_started=1 p0:teslaLegacy/allowed=0/fault=none/txBlk=1408;p1:teslaLegacy/allowed=0/fault=none/txBlk=1408
STATE/PANDA t=210.056s v=0.0mph gear=park gas=0 brake=0 cruiseEn=0 cruiseAvail=1 long=off op_started=1 p0:teslaLegacy/allowed=0/fault=none/txBlk=1409;p1:teslaLegacy/allowed=0/fault=none/txBlk=1409
STATE/PANDA t=210.154s v=0.0mph gear=park gas=0 brake=0 cruiseEn=0 cruiseAvail=1 long=off op_started=1 p0:teslaLegacy/allowed=0/fault=none/txBlk=1410;p1:teslaLegacy/allowed=0/fault=none/txBlk=1410
STATE/PANDA t=210.254s v=0.0mph gear=park gas=0 brake=0 cruiseEn=0 cruiseAvail=1 long=off op_started=1 p0:teslaLegacy/allowed=0/fault=none/txBlk=1411;p1:teslaLegacy/allowed=0/fault=none/txBlk=1411
STATE/PANDA t=210.358s v=0.0mph gear=park gas=0 brake=0 cruiseEn=0 cruiseAvail=1 long=off op_started=1 p0:teslaLegacy/allowed=0/fault=none/txBlk=1412;p1:teslaLegacy/allowed=0/fault=none/txBlk=1412
STATE/PANDA t=210.458s v=0.0mph gear=park gas=0 brake=0 cruiseEn=0 cruiseAvail=1 long=off op_started=1 p0:teslaLegacy/allowed=0/fault=none/txBlk=1413;p1:teslaLegacy/allowed=0/fault=none/txBlk=1413
STATE/PANDA t=210.558s v=0.0mph gear=park gas=0 brake=0 cruiseEn=0 cruiseAvail=1 long=off op_started=1 p0:teslaLegacy/allowed=0/fault=none/txBlk=1414;p1:teslaLegacy/allowed=0/fault=none/txBlk=1414
STATE/PANDA t=210.655s v=0.0mph gear=park gas=0 brake=0 cruiseEn=0 cruiseAvail=1 long=off op_started=1 p0:teslaLegacy/allowed=0/fault=none/txBlk=1415;p1:teslaLegacy/allowed=0/fault=none/txBlk=1415
STATE/PANDA t=210.750s v=0.0mph gear=park gas=0 brake=0 cruiseEn=0 cruiseAvail=1 long=off op_started=1 p0:teslaLegacy/allowed=0/fault=none/txBlk=1416;p1:teslaLegacy/allowed=0/fault=none/txBlk=1416
STATE/PANDA t=210.859s v=0.0mph gear=park gas=0 brake=0 cruiseEn=0 cruiseAvail=1 long=off op_started=1 p0:teslaLegacy/allowed=0/fault=none/txBlk=1417;p1:teslaLegacy/allowed=0/fault=none/txBlk=1417
STATE/PANDA t=210.956s v=0.0mph gear=park gas=0 brake=0 cruiseEn=0 cruiseAvail=1 long=off op_started=1 p0:teslaLegacy/allowed=0/fault=none/txBlk=1418;p1:teslaLegacy/allowed=0/fault=none/txBlk=1418
STATE/PANDA t=211.055s v=0.0mph gear=park gas=0 brake=0 cruiseEn=0 cruiseAvail=1 long=off op_started=1 p0:teslaLegacy/allowed=0/fault=none/txBlk=1419;p1:teslaLegacy/allowed=0/fault=none/txBlk=1419
STATE/PANDA t=211.154s v=0.0mph gear=park gas=0 brake=0 cruiseEn=0 cruiseAvail=1 long=off op_started=1 p0:teslaLegacy/allowed=0/fault=none/txBlk=1420;p1:teslaLegacy/allowed=0/fault=none/txBlk=1420
STATE/PANDA t=211.268s v=0.0mph gear=park gas=0 brake=0 cruiseEn=0 cruiseAvail=1 long=off op_started=1 p0:teslaLegacy/allowed=0/fault=none/txBlk=1421;p1:teslaLegacy/allowed=0/fault=none/txBlk=1421
STATE/PANDA t=211.353s v=0.0mph gear=park gas=0 brake=0 cruiseEn=0 cruiseAvail=1 long=off op_started=1 p0:teslaLegacy/allowed=0/fault=none/txBlk=1422;p1:teslaLegacy/allowed=0/fault=none/txBlk=1422
STATE/PANDA t=211.456s v=0.0mph gear=park gas=0 brake=0 cruiseEn=0 cruiseAvail=1 long=off op_started=1 p0:teslaLegacy/allowed=0/fault=none/txBlk=1423;p1:teslaLegacy/allowed=0/fault=none/txBlk=1423
STATE/PANDA t=211.554s v=0.0mph gear=park gas=0 brake=0 cruiseEn=0 cruiseAvail=1 long=off op_started=1 p0:teslaLegacy/allowed=0/fault=none/txBlk=1424;p1:teslaLegacy/allowed=0/fault=none/txBlk=1424
STATE/PANDA t=211.652s v=0.0mph gear=park gas=0 brake=0 cruiseEn=0 cruiseAvail=1 long=off op_started=1 p0:teslaLegacy/allowed=0/fault=none/txBlk=1425;p1:teslaLegacy/allowed=0/fault=none/txBlk=1425
STATE/PANDA t=211.758s v=0.0mph gear=park gas=0 brake=0 cruiseEn=0 cruiseAvail=1 long=off op_started=1 p0:teslaLegacy/allowed=0/fault=none/txBlk=1426;p1:teslaLegacy/allowed=0/fault=none/txBlk=1426
STATE/PANDA t=211.854s v=0.0mph gear=park gas=0 brake=0 cruiseEn=0 cruiseAvail=1 long=off op_started=1 p0:teslaLegacy/allowed=0/fault=none/txBlk=1427;p1:teslaLegacy/allowed=0/fault=none/txBlk=1427
STATE/PANDA t=211.955s v=0.0mph gear=park gas=0 brake=0 cruiseEn=0 cruiseAvail=1 long=off op_started=1 p0:teslaLegacy/allowed=0/fault=none/txBlk=1428;p1:teslaLegacy/allowed=0/fault=none/txBlk=1428
STATE/PANDA t=212.055s v=0.0mph gear=park gas=0 brake=0 cruiseEn=0 cruiseAvail=1 long=off op_started=1 p0:teslaLegacy/allowed=0/fault=none/txBlk=1429;p1:teslaLegacy/allowed=0/fault=none/txBlk=1429
STATE/PANDA t=212.156s v=0.0mph gear=park gas=0 brake=0 cruiseEn=0 cruiseAvail=1 long=off op_started=1 p0:teslaLegacy/allowed=0/fault=none/txBlk=1430;p1:teslaLegacy/allowed=0/fault=none/txBlk=1430
STATE/PANDA t=212.250s v=0.0mph gear=park gas=0 brake=0 cruiseEn=0 cruiseAvail=1 long=off op_started=1 p0:teslaLegacy/allowed=0/fault=none/txBlk=1431;p1:teslaLegacy/allowed=0/fault=none/txBlk=1431
STATE/PANDA t=212.356s v=0.0mph gear=park gas=0 brake=0 cruiseEn=0 cruiseAvail=1 long=off op_started=1 p0:teslaLegacy/allowed=0/fault=none/txBlk=1432;p1:teslaLegacy/allowed=0/fault=none/txBlk=1432
STATE/PANDA t=212.455s v=0.0mph gear=park gas=0 brake=0 cruiseEn=0 cruiseAvail=1 long=off op_started=1 p0:teslaLegacy/allowed=0/fault=none/txBlk=1433;p1:teslaLegacy/allowed=0/fault=none/txBlk=1433
STATE/PANDA t=212.552s v=0.0mph gear=park gas=0 brake=0 cruiseEn=0 cruiseAvail=1 long=off op_started=1 p0:teslaLegacy/allowed=0/fault=none/txBlk=1434;p1:teslaLegacy/allowed=0/fault=none/txBlk=1434
STATE/PANDA t=212.655s v=0.0mph gear=park gas=0 brake=0 cruiseEn=0 cruiseAvail=1 long=off op_started=1 p0:teslaLegacy/allowed=0/fault=none/txBlk=1435;p1:teslaLegacy/allowed=0/fault=none/txBlk=1435
STATE/PANDA t=212.754s v=0.0mph gear=park gas=0 brake=0 cruiseEn=0 cruiseAvail=1 long=off op_started=1 p0:teslaLegacy/allowed=0/fault=none/txBlk=1436;p1:teslaLegacy/allowed=0/fault=none/txBlk=1436
STATE/PANDA t=212.858s v=0.0mph gear=park gas=0 brake=0 cruiseEn=0 cruiseAvail=1 long=off op_started=1 p0:teslaLegacy/allowed=0/fault=none/txBlk=1437;p1:teslaLegacy/allowed=0/fault=none/txBlk=1437
STATE/PANDA t=212.952s v=0.0mph gear=park gas=0 brake=0 cruiseEn=0 cruiseAvail=1 long=off op_started=1 p0:teslaLegacy/allowed=0/fault=none/txBlk=1438;p1:teslaLegacy/allowed=0/fault=none/txBlk=1438
STATE/PANDA t=213.057s v=0.0mph gear=park gas=0 brake=0 cruiseEn=0 cruiseAvail=1 long=off op_started=1 p0:teslaLegacy/allowed=0/fault=none/txBlk=1439;p1:teslaLegacy/allowed=0/fault=none/txBlk=1439
STATE/PANDA t=213.157s v=0.0mph gear=park gas=0 brake=0 cruiseEn=0 cruiseAvail=1 long=off op_started=1 p0:teslaLegacy/allowed=0/fault=none/txBlk=1440;p1:teslaLegacy/allowed=0/fault=none/txBlk=1440
STATE/PANDA t=213.257s v=0.0mph gear=park gas=0 brake=0 cruiseEn=0 cruiseAvail=1 long=off op_started=1 p0:teslaLegacy/allowed=0/fault=none/txBlk=1441;p1:teslaLegacy/allowed=0/fault=none/txBlk=1441
STATE/PANDA t=213.354s v=0.0mph gear=park gas=0 brake=0 cruiseEn=0 cruiseAvail=1 long=off op_started=1 p0:teslaLegacy/allowed=0/fault=none/txBlk=1442;p1:teslaLegacy/allowed=0/fault=none/txBlk=1442
STATE/PANDA t=213.453s v=0.0mph gear=park gas=0 brake=0 cruiseEn=0 cruiseAvail=1 long=off op_started=1 p0:teslaLegacy/allowed=0/fault=none/txBlk=1443;p1:teslaLegacy/allowed=0/fault=none/txBlk=1443
STATE/PANDA t=213.560s v=0.0mph gear=park gas=0 brake=0 cruiseEn=0 cruiseAvail=1 long=off op_started=1 p0:teslaLegacy/allowed=0/fault=none/txBlk=1444;p1:teslaLegacy/allowed=0/fault=none/txBlk=1444
STATE/PANDA t=213.653s v=0.0mph gear=park gas=0 brake=0 cruiseEn=0 cruiseAvail=1 long=off op_started=1 p0:teslaLegacy/allowed=0/fault=none/txBlk=1445;p1:teslaLegacy/allowed=0/fault=none/txBlk=1445
STATE/PANDA t=213.753s v=0.0mph gear=park gas=0 brake=0 cruiseEn=0 cruiseAvail=1 long=off op_started=1 p0:teslaLegacy/allowed=0/fault=none/txBlk=1446;p1:teslaLegacy/allowed=0/fault=none/txBlk=1446
STATE/PANDA t=213.858s v=0.0mph gear=park gas=0 brake=0 cruiseEn=0 cruiseAvail=1 long=off op_started=1 p0:teslaLegacy/allowed=0/fault=none/txBlk=1447;p1:teslaLegacy/allowed=0/fault=none/txBlk=1447
STATE/PANDA t=213.955s v=0.0mph gear=park gas=0 brake=0 cruiseEn=0 cruiseAvail=1 long=off op_started=1 p0:teslaLegacy/allowed=0/fault=none/txBlk=1448;p1:teslaLegacy/allowed=0/fault=none/txBlk=1448
STATE/PANDA t=214.055s v=0.0mph gear=park gas=0 brake=0 cruiseEn=0 cruiseAvail=1 long=off op_started=1 p0:teslaLegacy/allowed=0/fault=none/txBlk=1449;p1:teslaLegacy/allowed=0/fault=none/txBlk=1449
STATE/PANDA t=214.156s v=0.0mph gear=park gas=0 brake=0 cruiseEn=0 cruiseAvail=1 long=off op_started=1 p0:teslaLegacy/allowed=0/fault=none/txBlk=1450;p1:teslaLegacy/allowed=0/fault=none/txBlk=1450
STATE/PANDA t=214.258s v=0.0mph gear=park gas=0 brake=0 cruiseEn=0 cruiseAvail=1 long=off op_started=1 p0:teslaLegacy/allowed=0/fault=none/txBlk=1451;p1:teslaLegacy/allowed=0/fault=none/txBlk=1451
STATE/PANDA t=214.355s v=0.0mph gear=park gas=0 brake=0 cruiseEn=0 cruiseAvail=1 long=off op_started=1 p0:teslaLegacy/allowed=0/fault=none/txBlk=1452;p1:teslaLegacy/allowed=0/fault=none/txBlk=1452
STATE/PANDA t=214.456s v=0.0mph gear=park gas=0 brake=0 cruiseEn=0 cruiseAvail=1 long=off op_started=1 p0:teslaLegacy/allowed=0/fault=none/txBlk=1453;p1:teslaLegacy/allowed=0/fault=none/txBlk=1453
STATE/PANDA t=214.554s v=0.0mph gear=park gas=0 brake=0 cruiseEn=0 cruiseAvail=1 long=off op_started=1 p0:teslaLegacy/allowed=0/fault=none/txBlk=1454;p1:teslaLegacy/allowed=0/fault=none/txBlk=1454
STATE/PANDA t=214.657s v=0.0mph gear=park gas=0 brake=0 cruiseEn=0 cruiseAvail=1 long=off op_started=1 p0:teslaLegacy/allowed=0/fault=none/txBlk=1455;p1:teslaLegacy/allowed=0/fault=none/txBlk=1455
STATE/PANDA t=214.756s v=0.0mph gear=park gas=0 brake=0 cruiseEn=0 cruiseAvail=1 long=off op_started=1 p0:teslaLegacy/allowed=0/fault=none/txBlk=1456;p1:teslaLegacy/allowed=0/fault=none/txBlk=1456
STATE/PANDA t=214.861s v=0.0mph gear=park gas=0 brake=0 cruiseEn=0 cruiseAvail=1 long=off op_started=1 p0:teslaLegacy/allowed=0/fault=none/txBlk=1457;p1:teslaLegacy/allowed=0/fault=none/txBlk=1457
STATE/PANDA t=214.954s v=0.0mph gear=park gas=0 brake=0 cruiseEn=0 cruiseAvail=1 long=off op_started=1 p0:teslaLegacy/allowed=0/fault=none/txBlk=1458;p1:teslaLegacy/allowed=0/fault=none/txBlk=1458
STATE/PANDA t=215.056s v=0.0mph gear=park gas=0 brake=0 cruiseEn=0 cruiseAvail=1 long=off op_started=1 p0:teslaLegacy/allowed=0/fault=none/txBlk=1459;p1:teslaLegacy/allowed=0/fault=none/txBlk=1459
STATE/PANDA t=215.154s v=0.0mph gear=park gas=0 brake=0 cruiseEn=0 cruiseAvail=1 long=off op_started=1 p0:teslaLegacy/allowed=0/fault=none/txBlk=1460;p1:teslaLegacy/allowed=0/fault=none/txBlk=1460
STATE/PANDA t=215.256s v=0.0mph gear=park gas=0 brake=0 cruiseEn=0 cruiseAvail=1 long=off op_started=1 p0:teslaLegacy/allowed=0/fault=none/txBlk=1461;p1:teslaLegacy/allowed=0/fault=none/txBlk=1461
STATE/PANDA t=215.356s v=0.0mph gear=park gas=0 brake=0 cruiseEn=0 cruiseAvail=1 long=off op_started=1 p0:teslaLegacy/allowed=0/fault=none/txBlk=1462;p1:teslaLegacy/allowed=0/fault=none/txBlk=1462
STATE/PANDA t=215.459s v=0.0mph gear=park gas=0 brake=0 cruiseEn=0 cruiseAvail=1 long=off op_started=1 p0:teslaLegacy/allowed=0/fault=none/txBlk=1463;p1:teslaLegacy/allowed=0/fault=none/txBlk=1463
STATE/PANDA t=215.559s v=0.0mph gear=park gas=0 brake=0 cruiseEn=0 cruiseAvail=1 long=off op_started=1 p0:teslaLegacy/allowed=0/fault=none/txBlk=1464;p1:teslaLegacy/allowed=0/fault=none/txBlk=1464
STATE/PANDA t=215.655s v=0.0mph gear=park gas=0 brake=0 cruiseEn=0 cruiseAvail=1 long=off op_started=1 p0:teslaLegacy/allowed=0/fault=none/txBlk=1465;p1:teslaLegacy/allowed=0/fault=none/txBlk=1465
STATE/PANDA t=215.760s v=0.0mph gear=park gas=0 brake=0 cruiseEn=0 cruiseAvail=1 long=off op_started=1 p0:teslaLegacy/allowed=0/fault=none/txBlk=1466;p1:teslaLegacy/allowed=0/fault=none/txBlk=1466
STATE/PANDA t=215.857s v=0.0mph gear=park gas=0 brake=0 cruiseEn=0 cruiseAvail=1 long=off op_started=1 p0:teslaLegacy/allowed=0/fault=none/txBlk=1467;p1:teslaLegacy/allowed=0/fault=none/txBlk=1467
STATE/PANDA t=215.957s v=0.0mph gear=park gas=0 brake=0 cruiseEn=0 cruiseAvail=1 long=off op_started=1 p0:teslaLegacy/allowed=0/fault=none/txBlk=1468;p1:teslaLegacy/allowed=0/fault=none/txBlk=1468
STATE/PANDA t=216.075s v=0.0mph gear=park gas=0 brake=0 cruiseEn=0 cruiseAvail=1 long=off op_started=1 p0:teslaLegacy/allowed=0/fault=none/txBlk=1469;p1:teslaLegacy/allowed=0/fault=none/txBlk=1469
STATE/PANDA t=216.158s v=0.0mph gear=park gas=0 brake=0 cruiseEn=0 cruiseAvail=1 long=off op_started=1 p0:teslaLegacy/allowed=0/fault=none/txBlk=1470;p1:teslaLegacy/allowed=0/fault=none/txBlk=1470
STATE/PANDA t=216.257s v=0.0mph gear=park gas=0 brake=0 cruiseEn=0 cruiseAvail=1 long=off op_started=1 p0:teslaLegacy/allowed=0/fault=none/txBlk=1471;p1:teslaLegacy/allowed=0/fault=none/txBlk=1471
STATE/PANDA t=216.362s v=0.0mph gear=park gas=0 brake=0 cruiseEn=0 cruiseAvail=1 long=off op_started=1 p0:teslaLegacy/allowed=0/fault=none/txBlk=1472;p1:teslaLegacy/allowed=0/fault=none/txBlk=1472
STATE/PANDA t=216.453s v=0.0mph gear=park gas=0 brake=0 cruiseEn=0 cruiseAvail=1 long=off op_started=1 p0:teslaLegacy/allowed=0/fault=none/txBlk=1473;p1:teslaLegacy/allowed=0/fault=none/txBlk=1473
STATE/PANDA t=216.557s v=0.0mph gear=park gas=0 brake=0 cruiseEn=0 cruiseAvail=1 long=off op_started=1 p0:teslaLegacy/allowed=0/fault=none/txBlk=1474;p1:teslaLegacy/allowed=0/fault=none/txBlk=1474
STATE/PANDA t=216.658s v=0.0mph gear=park gas=0 brake=0 cruiseEn=0 cruiseAvail=1 long=off op_started=1 p0:teslaLegacy/allowed=0/fault=none/txBlk=1475;p1:teslaLegacy/allowed=0/fault=none/txBlk=1475
STATE/PANDA t=216.758s v=0.0mph gear=park gas=0 brake=0 cruiseEn=0 cruiseAvail=1 long=off op_started=1 p0:teslaLegacy/allowed=0/fault=none/txBlk=1476;p1:teslaLegacy/allowed=0/fault=none/txBlk=1476
STATE/PANDA t=216.855s v=0.0mph gear=park gas=0 brake=0 cruiseEn=0 cruiseAvail=1 long=off op_started=1 p0:teslaLegacy/allowed=0/fault=none/txBlk=1477;p1:teslaLegacy/allowed=0/fault=none/txBlk=1477
STATE/PANDA t=216.956s v=0.0mph gear=park gas=0 brake=0 cruiseEn=0 cruiseAvail=1 long=off op_started=1 p0:teslaLegacy/allowed=0/fault=none/txBlk=1478;p1:teslaLegacy/allowed=0/fault=none/txBlk=1478
STATE/PANDA t=217.057s v=0.0mph gear=park gas=0 brake=0 cruiseEn=0 cruiseAvail=1 long=off op_started=1 p0:teslaLegacy/allowed=0/fault=none/txBlk=1479;p1:teslaLegacy/allowed=0/fault=none/txBlk=1479
STATE/PANDA t=217.158s v=0.0mph gear=park gas=0 brake=0 cruiseEn=0 cruiseAvail=1 long=off op_started=1 p0:teslaLegacy/allowed=0/fault=none/txBlk=1480;p1:teslaLegacy/allowed=0/fault=none/txBlk=1480
STATE/PANDA t=217.257s v=0.0mph gear=park gas=0 brake=0 cruiseEn=0 cruiseAvail=1 long=off op_started=1 p0:teslaLegacy/allowed=0/fault=none/txBlk=1481;p1:teslaLegacy/allowed=0/fault=none/txBlk=1481
STATE/PANDA t=217.355s v=0.0mph gear=park gas=0 brake=0 cruiseEn=0 cruiseAvail=1 long=off op_started=1 p0:teslaLegacy/allowed=0/fault=none/txBlk=1482;p1:teslaLegacy/allowed=0/fault=none/txBlk=1482
STATE/PANDA t=217.455s v=0.0mph gear=park gas=0 brake=0 cruiseEn=0 cruiseAvail=1 long=off op_started=1 p0:teslaLegacy/allowed=0/fault=none/txBlk=1483;p1:teslaLegacy/allowed=0/fault=none/txBlk=1483
STATE/PANDA t=217.558s v=0.0mph gear=park gas=0 brake=0 cruiseEn=0 cruiseAvail=1 long=off op_started=1 p0:teslaLegacy/allowed=0/fault=none/txBlk=1484;p1:teslaLegacy/allowed=0/fault=none/txBlk=1484
STATE/PANDA t=217.655s v=0.0mph gear=park gas=0 brake=0 cruiseEn=0 cruiseAvail=1 long=off op_started=1 p0:teslaLegacy/allowed=0/fault=none/txBlk=1485;p1:teslaLegacy/allowed=0/fault=none/txBlk=1485
STATE/PANDA t=217.753s v=0.0mph gear=park gas=0 brake=0 cruiseEn=0 cruiseAvail=1 long=off op_started=1 p0:teslaLegacy/allowed=0/fault=none/txBlk=1486;p1:teslaLegacy/allowed=0/fault=none/txBlk=1486
STATE/PANDA t=217.850s v=0.0mph gear=park gas=0 brake=0 cruiseEn=0 cruiseAvail=1 long=off op_started=1 p0:teslaLegacy/allowed=0/fault=none/txBlk=1487;p1:teslaLegacy/allowed=0/fault=none/txBlk=1487
STATE/PANDA t=217.952s v=0.0mph gear=park gas=0 brake=0 cruiseEn=0 cruiseAvail=1 long=off op_started=1 p0:teslaLegacy/allowed=0/fault=none/txBlk=1488;p1:teslaLegacy/allowed=0/fault=none/txBlk=1488
STATE/PANDA t=218.053s v=0.0mph gear=park gas=0 brake=0 cruiseEn=0 cruiseAvail=1 long=off op_started=1 p0:teslaLegacy/allowed=0/fault=none/txBlk=1489;p1:teslaLegacy/allowed=0/fault=none/txBlk=1489
STATE/PANDA t=218.163s v=0.0mph gear=park gas=0 brake=0 cruiseEn=0 cruiseAvail=1 long=off op_started=1 p0:teslaLegacy/allowed=0/fault=none/txBlk=1490;p1:teslaLegacy/allowed=0/fault=none/txBlk=1490
STATE/PANDA t=218.257s v=0.0mph gear=park gas=0 brake=0 cruiseEn=0 cruiseAvail=1 long=off op_started=1 p0:teslaLegacy/allowed=0/fault=none/txBlk=1491;p1:teslaLegacy/allowed=0/fault=none/txBlk=1491
STATE/PANDA t=218.353s v=0.0mph gear=park gas=0 brake=0 cruiseEn=0 cruiseAvail=1 long=off op_started=1 p0:teslaLegacy/allowed=0/fault=none/txBlk=1492;p1:teslaLegacy/allowed=0/fault=none/txBlk=1492
STATE/PANDA t=218.454s v=0.0mph gear=park gas=0 brake=0 cruiseEn=0 cruiseAvail=1 long=off op_started=1 p0:teslaLegacy/allowed=0/fault=none/txBlk=1493;p1:teslaLegacy/allowed=0/fault=none/txBlk=1493
STATE/PANDA t=218.558s v=0.0mph gear=park gas=0 brake=0 cruiseEn=0 cruiseAvail=1 long=off op_started=1 p0:teslaLegacy/allowed=0/fault=none/txBlk=1494;p1:teslaLegacy/allowed=0/fault=none/txBlk=1494
STATE/PANDA t=218.662s v=0.0mph gear=park gas=0 brake=0 cruiseEn=0 cruiseAvail=1 long=off op_started=1 p0:teslaLegacy/allowed=0/fault=none/txBlk=1495;p1:teslaLegacy/allowed=0/fault=none/txBlk=1495
STATE/PANDA t=218.756s v=0.0mph gear=park gas=0 brake=0 cruiseEn=0 cruiseAvail=1 long=off op_started=1 p0:teslaLegacy/allowed=0/fault=none/txBlk=1496;p1:teslaLegacy/allowed=0/fault=none/txBlk=1496
STATE/PANDA t=218.854s v=0.0mph gear=park gas=0 brake=0 cruiseEn=0 cruiseAvail=1 long=off op_started=1 p0:teslaLegacy/allowed=0/fault=none/txBlk=1497;p1:teslaLegacy/allowed=0/fault=none/txBlk=1497
STATE/PANDA t=218.957s v=0.0mph gear=park gas=0 brake=0 cruiseEn=0 cruiseAvail=1 long=off op_started=1 p0:teslaLegacy/allowed=0/fault=none/txBlk=1498;p1:teslaLegacy/allowed=0/fault=none/txBlk=1498
STATE/PANDA t=219.055s v=0.0mph gear=park gas=0 brake=0 cruiseEn=0 cruiseAvail=1 long=off op_started=1 p0:teslaLegacy/allowed=0/fault=none/txBlk=1499;p1:teslaLegacy/allowed=0/fault=none/txBlk=1499
STATE/PANDA t=219.154s v=0.0mph gear=park gas=0 brake=0 cruiseEn=0 cruiseAvail=1 long=off op_started=1 p0:teslaLegacy/allowed=0/fault=none/txBlk=1500;p1:teslaLegacy/allowed=0/fault=none/txBlk=1500
STATE/PANDA t=219.257s v=0.0mph gear=park gas=0 brake=0 cruiseEn=0 cruiseAvail=1 long=off op_started=1 p0:teslaLegacy/allowed=0/fault=none/txBlk=1501;p1:teslaLegacy/allowed=0/fault=none/txBlk=1501
STATE/PANDA t=219.360s v=0.0mph gear=park gas=0 brake=0 cruiseEn=0 cruiseAvail=1 long=off op_started=1 p0:teslaLegacy/allowed=0/fault=none/txBlk=1502;p1:teslaLegacy/allowed=0/fault=none/txBlk=1502
STATE/PANDA t=219.453s v=0.0mph gear=park gas=0 brake=0 cruiseEn=0 cruiseAvail=1 long=off op_started=1 p0:teslaLegacy/allowed=0/fault=none/txBlk=1503;p1:teslaLegacy/allowed=0/fault=none/txBlk=1503
STATE/PANDA t=219.558s v=0.0mph gear=park gas=0 brake=0 cruiseEn=0 cruiseAvail=1 long=off op_started=1 p0:teslaLegacy/allowed=0/fault=none/txBlk=1504;p1:teslaLegacy/allowed=0/fault=none/txBlk=1504
STATE/PANDA t=219.658s v=0.0mph gear=park gas=0 brake=0 cruiseEn=0 cruiseAvail=1 long=off op_started=1 p0:teslaLegacy/allowed=0/fault=none/txBlk=1505;p1:teslaLegacy/allowed=0/fault=none/txBlk=1505
STATE/PANDA t=219.758s v=0.0mph gear=park gas=0 brake=0 cruiseEn=0 cruiseAvail=1 long=off op_started=1 p0:teslaLegacy/allowed=0/fault=none/txBlk=1506;p1:teslaLegacy/allowed=0/fault=none/txBlk=1506
STATE/PANDA t=219.857s v=0.0mph gear=park gas=0 brake=0 cruiseEn=0 cruiseAvail=1 long=off op_started=1 p0:teslaLegacy/allowed=0/fault=none/txBlk=1507;p1:teslaLegacy/allowed=0/fault=none/txBlk=1507
STATE/PANDA t=219.959s v=0.0mph gear=park gas=0 brake=0 cruiseEn=0 cruiseAvail=1 long=off op_started=1 p0:teslaLegacy/allowed=0/fault=none/txBlk=1508;p1:teslaLegacy/allowed=0/fault=none/txBlk=1508
STATE/PANDA t=220.055s v=0.0mph gear=park gas=0 brake=0 cruiseEn=0 cruiseAvail=1 long=off op_started=1 p0:teslaLegacy/allowed=0/fault=none/txBlk=1509;p1:teslaLegacy/allowed=0/fault=none/txBlk=1509
STATE/PANDA t=220.154s v=0.0mph gear=park gas=0 brake=0 cruiseEn=0 cruiseAvail=1 long=off op_started=1 p0:teslaLegacy/allowed=0/fault=none/txBlk=1510;p1:teslaLegacy/allowed=0/fault=none/txBlk=1510
STATE/PANDA t=220.259s v=0.0mph gear=park gas=0 brake=0 cruiseEn=0 cruiseAvail=1 long=off op_started=1 p0:teslaLegacy/allowed=0/fault=none/txBlk=1511;p1:teslaLegacy/allowed=0/fault=none/txBlk=1511
STATE/PANDA t=220.356s v=0.0mph gear=park gas=0 brake=0 cruiseEn=0 cruiseAvail=1 long=off op_started=1 p0:teslaLegacy/allowed=0/fault=none/txBlk=1512;p1:teslaLegacy/allowed=0/fault=none/txBlk=1512
STATE/PANDA t=220.459s v=0.0mph gear=park gas=0 brake=0 cruiseEn=0 cruiseAvail=1 long=off op_started=1 p0:teslaLegacy/allowed=0/fault=none/txBlk=1513;p1:teslaLegacy/allowed=0/fault=none/txBlk=1513
STATE/PANDA t=220.555s v=0.0mph gear=park gas=0 brake=0 cruiseEn=0 cruiseAvail=1 long=off op_started=1 p0:teslaLegacy/allowed=0/fault=none/txBlk=1514;p1:teslaLegacy/allowed=0/fault=none/txBlk=1514
STATE/PANDA t=220.660s v=0.0mph gear=park gas=0 brake=0 cruiseEn=0 cruiseAvail=1 long=off op_started=1 p0:teslaLegacy/allowed=0/fault=none/txBlk=1515;p1:teslaLegacy/allowed=0/fault=none/txBlk=1515
STATE/PANDA t=220.758s v=0.0mph gear=park gas=0 brake=0 cruiseEn=0 cruiseAvail=1 long=off op_started=1 p0:teslaLegacy/allowed=0/fault=none/txBlk=1516;p1:teslaLegacy/allowed=0/fault=none/txBlk=1516
STATE/PANDA t=220.857s v=0.0mph gear=park gas=0 brake=0 cruiseEn=0 cruiseAvail=1 long=off op_started=1 p0:teslaLegacy/allowed=0/fault=none/txBlk=1517;p1:teslaLegacy/allowed=0/fault=none/txBlk=1517
STATE/PANDA t=220.951s v=0.0mph gear=park gas=0 brake=0 cruiseEn=0 cruiseAvail=1 long=off op_started=1 p0:teslaLegacy/allowed=0/fault=none/txBlk=1518;p1:teslaLegacy/allowed=0/fault=none/txBlk=1518
STATE/PANDA t=221.051s v=0.0mph gear=park gas=0 brake=0 cruiseEn=0 cruiseAvail=1 long=off op_started=1 p0:teslaLegacy/allowed=0/fault=none/txBlk=1519;p1:teslaLegacy/allowed=0/fault=none/txBlk=1519
STATE/PANDA t=221.153s v=0.0mph gear=park gas=0 brake=0 cruiseEn=0 cruiseAvail=1 long=off op_started=1 p0:teslaLegacy/allowed=0/fault=none/txBlk=1520;p1:teslaLegacy/allowed=0/fault=none/txBlk=1520
STATE/PANDA t=221.252s v=0.0mph gear=park gas=0 brake=0 cruiseEn=0 cruiseAvail=1 long=off op_started=1 p0:teslaLegacy/allowed=0/fault=none/txBlk=1521;p1:teslaLegacy/allowed=0/fault=none/txBlk=1521
STATE/PANDA t=221.356s v=0.0mph gear=park gas=0 brake=0 cruiseEn=0 cruiseAvail=1 long=off op_started=1 p0:teslaLegacy/allowed=0/fault=none/txBlk=1522;p1:teslaLegacy/allowed=0/fault=none/txBlk=1522
STATE/PANDA t=221.478s v=0.0mph gear=park gas=0 brake=0 cruiseEn=0 cruiseAvail=1 long=off op_started=1 p0:teslaLegacy/allowed=0/fault=none/txBlk=1523;p1:teslaLegacy/allowed=0/fault=none/txBlk=1523
STATE/PANDA t=221.557s v=0.0mph gear=park gas=0 brake=0 cruiseEn=0 cruiseAvail=1 long=off op_started=1 p0:teslaLegacy/allowed=0/fault=none/txBlk=1524;p1:teslaLegacy/allowed=0/fault=none/txBlk=1524
STATE/PANDA t=221.653s v=0.0mph gear=park gas=0 brake=0 cruiseEn=0 cruiseAvail=1 long=off op_started=1 p0:teslaLegacy/allowed=0/fault=none/txBlk=1525;p1:teslaLegacy/allowed=0/fault=none/txBlk=1525
STATE/PANDA t=221.753s v=0.0mph gear=park gas=0 brake=0 cruiseEn=0 cruiseAvail=1 long=off op_started=1 p0:teslaLegacy/allowed=0/fault=none/txBlk=1526;p1:teslaLegacy/allowed=0/fault=none/txBlk=1526
STATE/PANDA t=221.858s v=0.0mph gear=park gas=0 brake=0 cruiseEn=0 cruiseAvail=1 long=off op_started=1 p0:teslaLegacy/allowed=0/fault=none/txBlk=1527;p1:teslaLegacy/allowed=0/fault=none/txBlk=1527
STATE/PANDA t=221.951s v=0.0mph gear=park gas=0 brake=0 cruiseEn=0 cruiseAvail=1 long=off op_started=1 p0:teslaLegacy/allowed=0/fault=none/txBlk=1528;p1:teslaLegacy/allowed=0/fault=none/txBlk=1528
STATE/PANDA t=222.070s v=0.0mph gear=park gas=0 brake=0 cruiseEn=0 cruiseAvail=1 long=off op_started=1 p0:teslaLegacy/allowed=0/fault=none/txBlk=1529;p1:teslaLegacy/allowed=0/fault=none/txBlk=1529
STATE/PANDA t=222.153s v=0.0mph gear=park gas=0 brake=0 cruiseEn=0 cruiseAvail=1 long=off op_started=1 p0:teslaLegacy/allowed=0/fault=none/txBlk=1530;p1:teslaLegacy/allowed=0/fault=none/txBlk=1530
STATE/PANDA t=222.263s v=0.0mph gear=park gas=0 brake=0 cruiseEn=0 cruiseAvail=1 long=off op_started=1 p0:teslaLegacy/allowed=0/fault=none/txBlk=1531;p1:teslaLegacy/allowed=0/fault=none/txBlk=1531
STATE/PANDA t=222.355s v=0.0mph gear=park gas=0 brake=0 cruiseEn=0 cruiseAvail=1 long=off op_started=1 p0:teslaLegacy/allowed=0/fault=none/txBlk=1532;p1:teslaLegacy/allowed=0/fault=none/txBlk=1532
STATE/PANDA t=222.454s v=0.0mph gear=park gas=0 brake=0 cruiseEn=0 cruiseAvail=1 long=off op_started=1 p0:teslaLegacy/allowed=0/fault=none/txBlk=1533;p1:teslaLegacy/allowed=0/fault=none/txBlk=1533
STATE/PANDA t=222.553s v=0.0mph gear=park gas=0 brake=0 cruiseEn=0 cruiseAvail=1 long=off op_started=1 p0:teslaLegacy/allowed=0/fault=none/txBlk=1534;p1:teslaLegacy/allowed=0/fault=none/txBlk=1534
STATE/PANDA t=222.657s v=0.0mph gear=park gas=0 brake=0 cruiseEn=0 cruiseAvail=1 long=off op_started=1 p0:teslaLegacy/allowed=0/fault=none/txBlk=1535;p1:teslaLegacy/allowed=0/fault=none/txBlk=1535
STATE/PANDA t=222.765s v=0.0mph gear=park gas=0 brake=0 cruiseEn=0 cruiseAvail=1 long=off op_started=1 p0:teslaLegacy/allowed=0/fault=none/txBlk=1536;p1:teslaLegacy/allowed=0/fault=none/txBlk=1536
